weather_severity,rain_intensity,visibility,wind_severity,night_indicator,road_disruption,historical_incident_density,distance_to_emergency_service,nearby_service_density,tourist_area_indicator,area_activity_level,route_condition,time_of_day,risk_score
24.4,0.0,10.19,14.24,0.0,6.14,0.412,2.88,8.73,1.0,9.13,91.93,4.0,9.8
28.41,3.36,5.56,9.8,0.0,2.11,0.524,5.06,2.46,1.0,6.62,83.47,8.0,26.6
39.03,0.0,7.83,21.29,0.0,1.42,1.056,1.98,5.12,0.0,4.92,59.86,4.0,24.0
29.86,0.0,2.28,12.01,0.0,12.79,1.305,3.49,1.64,1.0,5.37,72.47,2.0,42.9
41.84,3.5,8.81,36.54,0.0,13.34,0.904,5.86,0.92,1.0,6.83,73.05,8.0,29.1
49.96,9.61,4.78,17.38,0.0,12.44,0.833,7.02,4.5,0.0,5.66,46.96,8.0,39.8
30.4,0.0,6.58,10.03,0.0,3.03,1.253,6.39,6.1,0.0,4.3,66.35,4.0,25.2
15.09,0.0,8.3,8.55,0.0,3.57,0.429,1.9,4.76,0.0,2.17,96.68,8.0,10.5
32.94,0.0,9.25,11.84,1.0,6.02,3.465,6.57,9.12,0.0,6.65,48.93,2.0,50.6
52.37,10.34,10.97,13.61,0.0,8.18,0.873,4.55,2.33,0.0,5.94,74.52,4.0,41.8
16.13,7.72,4.48,32.17,0.0,39.89,3.459,11.21,4.99,1.0,6.44,64.46,2.0,50.8
32.75,0.0,6.32,21.91,0.0,17.8,0.487,13.9,3.4,1.0,9.83,51.1,2.0,22.3
48.76,7.49,7.1,22.47,0.0,0.54,1.74,13.34,4.05,0.0,4.51,82.91,4.0,35.6
21.62,0.0,6.9,12.35,0.0,9.66,0.741,4.81,3.58,1.0,7.4,58.72,4.0,27.3
29.18,0.0,9.8,10.01,0.0,18.98,0.766,4.77,4.08,1.0,2.57,88.9,8.0,17.4
22.82,0.0,7.98,6.75,0.0,19.73,1.656,8.6,4.67,0.0,3.37,100.0,4.0,20.7
15.63,0.0,10.3,11.95,0.0,6.49,0.802,2.7,2.2,0.0,5.82,70.08,4.0,13.2
14.56,0.0,8.07,12.57,1.0,12.61,1.598,7.55,7.27,1.0,6.44,100.0,2.0,37.3
32.81,2.56,8.8,14.69,0.0,16.09,1.918,6.36,7.67,0.0,6.18,69.81,8.0,32.8
31.33,0.0,6.15,46.99,0.0,4.55,2.872,13.82,5.28,0.0,0.67,30.42,4.0,37.6
32.89,0.0,11.89,8.71,0.0,40.92,0.76,5.72,4.58,0.0,6.27,58.47,4.0,28.1
16.36,6.83,4.29,11.49,1.0,19.39,0.693,7.26,4.39,1.0,6.69,66.04,2.0,40.5
41.31,15.78,4.45,10.86,0.0,17.88,1.048,11.8,7.1,1.0,9.76,98.99,2.0,26.6
11.29,0.0,5.82,8.97,0.0,34.6,1.895,5.79,2.77,0.0,4.76,66.81,8.0,34.7
36.48,2.91,9.16,14.65,0.0,12.17,1.275,3.33,6.21,0.0,6.21,28.88,8.0,22.7
29.89,13.22,7.6,8.89,0.0,12.46,0.785,8.68,4.18,1.0,8.17,75.91,2.0,21.1
9.62,0.0,6.27,5.61,0.0,4.65,0.238,2.39,4.01,0.0,6.9,71.14,2.0,12.6
39.6,0.0,9.81,16.37,0.0,16.19,0.88,6.88,4.71,0.0,5.65,64.31,4.0,21.3
25.35,0.0,6.84,13.26,0.0,15.39,0.458,3.52,5.34,0.0,5.04,67.6,8.0,11.8
62.82,5.78,7.2,20.02,1.0,8.61,2.299,1.29,1.84,0.0,4.62,89.45,2.0,47.5
22.66,0.0,9.56,28.96,0.0,17.14,0.938,8.27,2.89,0.0,7.14,70.3,8.0,23.4
56.06,0.0,6.83,32.33,0.0,4.9,0.95,6.46,3.61,1.0,6.39,72.73,2.0,33.6
16.41,0.0,10.33,6.33,1.0,16.95,0.213,14.68,5.59,0.0,3.87,58.44,2.0,35.4
6.89,0.0,8.51,3.87,0.0,90.03,0.112,1.57,0.96,0.0,6.51,33.75,4.0,31.3
50.79,3.51,7.73,16.32,0.0,0.91,0.932,3.0,7.02,1.0,9.28,73.27,8.0,22.1
4.63,7.7,7.39,11.76,0.0,7.1,0.686,12.95,8.38,0.0,8.13,58.83,2.0,18.8
11.89,0.0,4.91,8.61,0.0,13.74,1.613,14.1,3.2,1.0,10.0,70.62,4.0,34.9
43.58,0.0,7.45,20.32,0.0,58.8,0.586,9.58,5.01,0.0,5.38,24.86,4.0,34.2
24.39,0.0,6.52,24.92,1.0,7.37,0.604,5.39,7.18,0.0,6.31,70.82,2.0,30.4
27.69,0.0,10.95,10.06,0.0,4.57,2.951,11.33,4.8,0.0,9.25,68.29,8.0,27.3
47.98,11.17,3.49,12.8,0.0,3.48,2.416,4.53,4.34,0.0,7.08,70.61,2.0,35.3
42.32,0.0,10.18,22.9,1.0,69.56,0.9,0.38,6.96,0.0,8.26,63.77,2.0,45.5
20.31,6.58,7.24,8.17,0.0,68.26,0.65,13.77,7.73,0.0,6.96,68.4,8.0,33.8
5.29,0.0,9.65,12.96,0.0,8.1,1.263,4.27,3.76,0.0,3.48,78.84,4.0,15.4
15.79,0.0,5.77,14.1,1.0,3.37,1.135,25.31,3.66,1.0,6.55,66.1,2.0,46.6
17.39,0.0,7.86,24.83,0.0,7.51,0.458,2.11,6.02,1.0,3.82,85.8,8.0,12.9
45.52,2.06,6.06,22.35,1.0,60.26,1.199,13.35,3.6,0.0,4.57,59.52,2.0,50.6
56.41,0.0,11.51,22.63,0.0,10.01,1.089,6.96,2.75,0.0,3.87,44.18,8.0,32.8
8.92,0.0,7.35,10.29,0.0,14.14,0.376,12.07,3.68,1.0,5.69,80.54,2.0,18.8
23.4,0.0,10.6,37.68,0.0,50.3,0.718,3.27,2.77,1.0,6.57,58.91,4.0,27.6
54.5,0.0,9.7,23.14,0.0,18.49,1.218,22.62,2.14,1.0,5.31,60.56,4.0,29.7
20.93,0.0,10.65,11.45,1.0,17.61,0.418,19.55,8.52,0.0,2.64,93.94,2.0,32.3
39.96,3.98,6.14,14.8,0.0,18.16,1.768,4.37,2.12,0.0,7.04,63.32,2.0,31.5
37.34,0.0,11.49,21.63,0.0,12.22,1.206,4.75,5.1,0.0,3.81,73.41,4.0,27.2
36.19,0.0,11.94,37.36,0.0,61.97,0.834,7.24,0.88,1.0,6.48,79.47,4.0,37.6
21.6,0.0,9.09,19.74,0.0,15.87,1.781,2.78,8.47,0.0,7.47,58.13,4.0,20.7
12.51,0.0,7.69,27.86,0.0,19.83,1.954,3.2,5.12,0.0,3.49,80.34,4.0,19.6
26.73,0.0,6.48,21.89,0.0,17.61,1.938,12.42,8.31,0.0,6.54,70.46,2.0,27.5
39.26,16.37,6.8,11.41,0.0,10.76,0.711,0.39,3.24,0.0,2.48,91.92,2.0,11.8
5.13,0.0,8.98,42.69,0.0,0.05,0.228,2.87,10.0,0.0,5.26,59.87,8.0,16.0
68.17,8.6,6.29,27.39,0.0,19.87,2.019,17.08,2.42,0.0,6.29,55.56,2.0,47.7
2.42,0.0,6.23,32.77,0.0,64.01,0.36,15.34,6.22,0.0,3.82,65.61,4.0,28.5
4.15,0.0,8.94,25.66,0.0,72.33,0.25,5.51,0.0,1.0,9.08,41.64,2.0,25.7
11.52,16.85,8.92,4.17,0.0,8.44,0.599,1.07,3.99,1.0,8.05,91.25,4.0,23.8
19.46,0.0,10.05,13.14,0.0,63.74,1.172,14.57,4.85,0.0,5.71,55.37,8.0,31.0
26.45,6.79,6.56,10.73,1.0,17.58,0.436,3.94,5.0,1.0,9.23,98.41,2.0,35.0
25.62,0.0,8.01,9.88,0.0,51.11,0.897,10.77,3.93,1.0,8.71,44.42,4.0,32.0
28.17,0.0,5.22,18.56,1.0,7.3,0.624,8.77,5.89,0.0,4.97,87.71,2.0,31.4
16.76,0.0,7.17,21.61,0.0,17.5,0.956,10.76,3.85,0.0,1.99,62.9,4.0,19.5
59.12,9.2,5.44,16.91,0.0,9.93,1.176,9.62,8.18,1.0,10.0,57.71,8.0,46.0
20.75,0.0,9.64,6.98,0.0,62.4,0.476,10.09,6.05,0.0,3.97,68.64,4.0,26.5
25.35,0.0,6.83,15.48,0.0,10.87,0.769,7.13,2.06,0.0,0.32,70.9,2.0,20.7
10.31,0.0,6.62,17.85,0.0,9.36,0.13,10.0,5.88,0.0,8.32,78.7,8.0,13.6
24.12,0.0,9.79,25.94,1.0,75.24,0.877,8.87,4.87,0.0,6.24,46.06,2.0,45.1
51.2,12.17,5.16,43.53,0.0,36.61,1.294,5.02,0.0,0.0,5.08,36.62,2.0,48.2
53.49,6.05,4.99,41.28,0.0,14.49,1.348,0.3,8.34,0.0,4.89,79.53,4.0,33.7
42.59,7.23,8.48,23.67,1.0,19.05,3.02,2.67,2.76,1.0,8.8,55.08,2.0,59.8
28.53,0.0,9.06,22.2,0.0,17.24,2.036,0.98,5.25,0.0,9.47,68.35,2.0,21.0
24.79,20.2,5.42,25.2,1.0,0.88,0.768,8.96,5.84,1.0,6.25,80.94,2.0,43.9
43.17,0.0,7.0,12.7,1.0,17.32,1.726,3.63,5.04,0.0,3.38,70.22,2.0,48.9
19.71,0.0,9.17,12.65,1.0,1.78,0.791,1.92,6.72,0.0,4.56,66.15,2.0,27.9
37.52,0.0,8.95,34.02,0.0,37.81,1.114,3.92,6.91,1.0,4.25,54.31,4.0,32.8
30.61,0.0,8.5,11.08,1.0,10.4,1.953,4.11,5.42,0.0,4.72,88.12,2.0,31.7
30.32,0.0,8.33,8.87,0.0,6.01,0.504,5.22,2.9,1.0,9.52,82.93,4.0,22.6
48.45,0.0,6.33,15.66,0.0,13.33,0.885,7.47,5.22,0.0,5.38,88.74,2.0,23.7
9.1,0.0,7.63,7.03,0.0,18.12,0.813,6.36,7.58,0.0,5.9,47.27,8.0,12.5
32.53,0.0,7.68,17.33,0.0,50.58,0.95,7.95,4.71,0.0,7.03,50.72,2.0,41.0
60.46,4.0,4.78,30.0,0.0,4.46,0.844,8.79,1.78,1.0,6.45,62.4,4.0,41.0
22.81,0.0,6.16,25.18,0.0,14.83,0.493,0.5,7.51,1.0,4.71,73.97,8.0,26.6
31.19,0.0,7.88,21.16,0.0,48.89,0.69,19.84,3.98,1.0,6.65,92.89,4.0,33.1
27.35,0.0,10.16,32.92,0.0,0.81,0.491,7.64,6.93,0.0,4.74,70.9,2.0,9.7
21.11,2.36,3.94,9.81,0.0,3.31,0.495,20.23,3.79,1.0,8.64,61.77,8.0,31.2
6.88,3.54,7.59,6.11,0.0,15.36,1.049,3.07,6.12,0.0,6.52,72.19,4.0,16.5
10.78,16.13,7.29,5.17,0.0,2.45,1.073,34.67,4.42,0.0,0.9,45.07,4.0,39.4
37.5,0.0,10.02,17.8,0.0,14.58,0.719,3.24,3.63,0.0,1.88,29.79,4.0,25.4
81.63,6.26,9.4,24.38,1.0,19.07,1.442,2.4,6.07,1.0,9.31,45.81,2.0,46.8
12.36,0.0,8.11,23.94,0.0,14.69,0.961,3.25,3.25,1.0,4.66,60.3,8.0,19.1
14.08,0.0,12.52,5.32,1.0,92.76,2.814,3.1,1.17,1.0,9.06,63.8,2.0,63.0
33.76,13.13,7.32,33.3,0.0,17.57,0.464,2.9,6.58,0.0,0.0,87.45,4.0,18.6
31.94,0.0,9.67,11.32,0.0,15.93,1.2,3.96,3.72,0.0,8.59,91.47,2.0,17.6
37.48,1.82,5.53,31.74,0.0,12.07,1.811,6.5,5.62,0.0,5.13,84.41,4.0,31.1
33.34,0.0,8.91,13.07,1.0,78.81,1.019,2.88,5.54,0.0,7.33,34.64,2.0,59.5
16.74,3.37,9.9,21.17,0.0,3.56,1.967,6.52,6.49,0.0,5.37,65.55,4.0,22.8
28.64,0.0,6.76,16.46,0.0,0.16,1.469,4.41,6.98,0.0,8.08,95.48,2.0,23.8
35.68,0.0,2.72,25.26,1.0,5.24,1.43,1.18,6.07,0.0,7.99,43.95,2.0,51.9
55.82,1.14,7.49,14.71,0.0,5.84,1.159,6.04,6.36,0.0,4.8,69.29,4.0,22.5
24.07,6.57,7.06,12.77,0.0,3.43,0.328,0.68,7.0,0.0,2.09,69.9,8.0,15.0
25.21,0.0,10.93,29.78,0.0,11.01,0.893,2.72,3.81,0.0,1.59,82.7,4.0,20.0
56.36,0.0,6.23,22.18,0.0,2.13,1.836,3.21,3.64,1.0,5.13,19.02,2.0,23.4
12.93,7.63,6.29,7.61,0.0,12.42,1.282,8.9,6.31,0.0,3.25,79.03,2.0,17.3
46.83,0.0,5.25,13.36,0.0,69.53,1.549,14.37,1.25,1.0,10.0,37.66,8.0,49.3
18.3,0.0,7.19,8.27,1.0,7.91,1.229,2.14,2.21,0.0,3.96,84.43,2.0,34.6
35.47,0.0,13.27,35.24,0.0,9.29,1.077,0.6,1.32,0.0,5.76,45.92,2.0,22.8
31.53,0.0,4.88,21.86,0.0,3.21,0.767,4.46,7.43,1.0,4.04,71.51,4.0,21.3
12.76,0.0,5.95,20.59,0.0,19.31,0.853,4.57,7.39,0.0,4.38,31.77,8.0,25.9
19.2,0.0,8.32,11.14,0.0,62.58,2.615,10.04,6.81,0.0,5.11,42.0,4.0,29.1
28.41,0.0,12.1,12.93,0.0,3.98,0.926,22.43,5.1,0.0,4.97,77.93,4.0,13.9
11.44,0.0,10.14,20.15,0.0,7.69,1.114,6.22,4.0,1.0,4.43,56.61,4.0,22.9
14.95,0.0,11.66,25.05,0.0,30.34,1.162,21.62,4.5,0.0,6.35,76.2,8.0,25.8
34.59,6.48,6.41,13.87,1.0,10.9,0.549,3.93,5.84,0.0,6.66,73.8,2.0,29.3
26.1,0.0,5.44,20.81,1.0,7.14,3.02,10.73,6.53,1.0,6.46,66.04,2.0,52.3
24.49,7.08,6.52,18.16,0.0,58.29,0.497,4.3,2.55,0.0,0.77,22.24,8.0,34.5
28.23,5.95,7.19,8.53,1.0,86.41,1.035,14.5,6.57,0.0,6.27,59.85,2.0,56.6
21.73,0.0,8.37,16.87,1.0,8.8,1.042,2.14,7.37,0.0,5.59,81.27,2.0,30.2
25.85,0.0,7.8,15.24,0.0,59.03,0.262,8.43,6.79,1.0,9.76,70.19,8.0,23.3
24.72,7.64,8.52,8.08,1.0,4.16,0.404,10.99,1.73,1.0,4.89,53.99,2.0,34.9
13.59,5.06,6.56,19.46,0.0,16.84,0.591,3.24,6.63,1.0,10.0,71.56,4.0,23.7
55.69,0.0,5.48,16.69,1.0,5.0,1.965,9.0,4.83,0.0,3.96,65.55,2.0,52.4
66.77,0.0,4.59,21.23,0.0,10.68,0.602,1.86,8.43,1.0,10.0,70.8,8.0,40.0
6.77,0.0,9.21,65.41,1.0,13.95,1.077,17.61,4.72,0.0,3.56,89.58,2.0,32.5
31.72,0.0,8.26,12.14,0.0,73.45,0.662,6.31,7.42,1.0,7.82,63.83,4.0,33.2
52.06,0.0,9.62,19.56,0.0,0.39,1.575,5.17,8.22,0.0,1.47,60.34,4.0,34.5
32.54,20.83,8.62,47.65,0.0,19.78,1.12,11.25,6.79,1.0,6.54,76.44,2.0,36.2
45.27,0.0,5.23,39.19,0.0,16.28,0.77,8.82,3.79,0.0,4.64,69.06,4.0,34.8
24.81,0.0,8.3,6.61,0.0,18.93,0.69,4.88,6.06,0.0,5.82,84.94,4.0,14.3
8.92,0.0,8.32,59.39,0.0,11.33,0.443,13.79,3.23,1.0,6.28,48.14,8.0,29.0
4.68,0.0,5.79,35.81,1.0,4.49,1.455,1.83,3.77,0.0,4.64,48.02,2.0,33.3
32.65,11.33,5.61,18.57,0.0,10.44,0.513,9.33,7.56,0.0,7.26,63.9,2.0,26.7
23.39,0.0,11.43,9.36,0.0,15.25,0.338,1.11,5.1,0.0,3.64,36.33,8.0,15.3
29.33,7.04,6.01,33.34,1.0,11.96,1.362,2.38,4.69,1.0,6.15,60.41,2.0,43.2
32.58,0.0,6.42,25.44,0.0,9.49,1.28,9.38,8.63,0.0,5.82,71.81,4.0,27.3
12.51,8.5,7.5,46.65,0.0,11.17,0.541,2.9,8.09,0.0,5.18,87.84,8.0,9.3
24.82,0.0,10.08,46.44,0.0,4.46,0.757,11.43,2.63,0.0,4.7,62.47,2.0,16.4
41.88,0.0,7.13,19.42,0.0,7.76,2.768,14.12,5.24,1.0,7.13,84.16,8.0,34.5
53.16,16.51,5.68,23.9,0.0,9.07,2.503,5.95,4.14,1.0,4.29,72.29,8.0,32.2
28.5,0.0,3.58,10.3,1.0,15.21,0.75,15.41,4.47,0.0,8.91,65.06,2.0,46.9
49.47,5.07,8.05,16.0,1.0,39.6,3.081,4.41,7.31,1.0,5.94,46.13,2.0,53.8
17.08,0.0,8.93,12.07,1.0,33.33,0.882,14.06,6.5,0.0,3.17,54.18,2.0,38.5
9.77,0.0,10.48,18.38,1.0,19.06,1.11,7.61,1.52,0.0,5.45,57.12,2.0,37.2
5.16,4.72,4.54,44.31,1.0,4.2,1.318,8.72,7.48,1.0,4.67,63.44,2.0,40.3
32.81,5.68,6.73,11.97,0.0,16.2,1.898,5.87,4.0,1.0,6.22,57.66,4.0,30.2
17.19,11.94,8.98,12.52,0.0,46.88,1.181,7.3,5.97,1.0,9.44,77.92,2.0,32.9
23.27,0.0,7.19,25.02,0.0,47.2,0.604,3.88,6.52,0.0,5.05,60.07,4.0,26.5
12.99,0.0,8.71,13.66,0.0,3.87,0.204,22.69,6.66,1.0,5.51,98.51,4.0,17.3
9.78,7.8,6.95,17.26,0.0,9.61,1.829,6.02,3.76,1.0,4.66,51.98,2.0,26.8
11.86,1.37,7.71,12.67,0.0,9.85,0.313,0.35,5.98,0.0,5.68,82.55,8.0,10.8
44.43,0.0,10.0,13.29,0.0,7.81,0.651,3.35,6.89,1.0,5.17,48.01,2.0,18.7
18.04,12.45,4.12,29.79,0.0,1.09,1.268,9.27,4.72,1.0,5.09,65.0,4.0,39.8
38.03,14.54,6.01,24.63,0.0,36.33,0.856,6.63,4.0,1.0,7.67,59.88,2.0,45.9
6.7,0.0,9.3,6.75,0.0,5.22,0.957,9.5,2.8,0.0,6.7,65.08,4.0,18.0
22.9,4.56,9.64,13.06,1.0,80.11,1.106,11.1,8.98,1.0,5.52,76.9,2.0,39.1
19.19,0.0,8.18,9.31,0.0,8.47,0.687,29.93,2.37,1.0,3.92,70.1,4.0,25.1
3.5,17.28,8.76,17.69,1.0,4.03,0.362,10.12,2.97,0.0,4.25,99.1,2.0,30.1
17.15,0.0,8.38,5.4,0.0,12.17,1.642,8.68,5.52,0.0,6.22,90.41,2.0,21.4
9.13,0.0,8.97,6.58,0.0,9.39,1.285,9.58,2.83,1.0,7.67,66.77,8.0,19.7
36.67,15.91,6.15,15.57,0.0,4.42,0.936,15.36,8.97,1.0,5.6,86.73,2.0,29.0
45.66,18.94,6.67,17.92,1.0,51.42,0.462,7.94,2.34,0.0,5.74,40.38,2.0,71.5
66.71,0.0,8.08,19.59,1.0,2.45,1.06,7.46,5.42,1.0,5.59,67.92,2.0,35.6
14.34,0.0,6.34,13.09,0.0,1.4,0.682,9.08,7.04,1.0,4.8,66.49,4.0,20.5
8.34,7.48,8.29,3.22,0.0,92.05,1.981,3.81,2.37,1.0,9.89,63.44,8.0,44.7
46.86,0.0,8.68,28.81,0.0,1.93,2.472,13.5,3.25,0.0,7.34,80.08,2.0,26.9
20.06,1.44,11.15,37.65,0.0,6.79,1.017,7.15,5.27,1.0,5.15,53.44,4.0,25.7
24.98,15.64,4.36,18.54,0.0,10.63,1.115,8.45,3.57,0.0,6.02,75.06,8.0,35.2
50.48,5.11,7.95,15.57,0.0,67.62,0.638,1.26,5.94,0.0,2.27,81.66,8.0,34.2
43.74,0.0,6.99,26.69,0.0,18.03,1.532,2.02,4.52,0.0,7.89,79.29,8.0,30.2
23.03,5.98,7.97,12.36,0.0,18.1,0.268,15.19,5.25,0.0,6.28,73.53,8.0,23.3
39.65,4.58,5.11,22.19,1.0,70.53,0.676,1.35,6.51,1.0,7.42,74.36,2.0,52.9
9.0,0.0,8.7,12.13,0.0,17.34,0.566,8.15,3.09,0.0,2.3,26.91,2.0,17.6
8.26,0.0,9.39,20.88,0.0,11.27,0.965,6.78,5.02,0.0,7.17,35.86,2.0,18.6
15.07,0.0,6.61,15.86,0.0,14.76,0.334,3.62,4.5,0.0,5.66,95.67,4.0,14.2
37.33,0.0,10.78,15.38,0.0,15.82,1.066,7.17,3.01,1.0,8.03,77.87,4.0,24.5
40.87,6.03,3.96,14.26,0.0,8.04,0.523,3.24,6.79,0.0,7.35,73.38,2.0,25.2
21.93,0.0,9.42,12.5,1.0,8.49,2.288,4.45,1.36,1.0,8.2,70.48,2.0,37.6
3.79,0.0,4.03,21.91,1.0,15.1,0.437,5.86,2.02,0.0,2.51,66.64,2.0,34.1
44.08,0.0,7.17,17.83,0.0,16.46,1.537,24.26,6.5,0.0,7.26,74.45,2.0,23.6
27.98,0.0,9.12,21.51,0.0,8.78,0.812,5.0,1.9,0.0,3.45,73.06,4.0,24.1
23.84,0.0,9.71,21.34,0.0,4.94,0.707,11.58,8.77,0.0,4.37,62.1,2.0,16.9
4.37,12.93,7.11,8.8,0.0,63.74,1.246,33.22,1.77,0.0,4.31,64.1,2.0,39.6
12.0,0.0,8.16,10.13,1.0,15.59,0.498,15.57,8.34,0.0,2.33,70.97,2.0,25.3
57.23,0.0,8.42,22.92,0.0,15.3,0.902,1.62,7.01,1.0,5.44,57.06,2.0,20.9
37.53,0.0,9.78,10.73,0.0,7.81,0.862,2.83,1.49,0.0,2.8,87.28,4.0,16.9
63.82,0.0,9.84,29.41,0.0,3.65,1.328,15.37,5.08,1.0,4.9,58.74,2.0,28.0
24.97,0.0,5.67,11.71,0.0,10.01,0.768,0.55,1.88,0.0,4.77,55.82,4.0,17.3
34.1,0.0,7.58,19.49,0.0,36.54,0.693,1.4,3.19,0.0,6.59,56.58,4.0,26.5
42.42,0.0,3.34,15.55,0.0,6.3,0.801,15.3,3.97,0.0,8.76,44.24,2.0,33.1
49.04,0.0,4.79,40.16,0.0,86.61,1.113,9.58,0.45,1.0,8.11,54.4,2.0,52.4
38.56,7.79,5.5,24.99,0.0,83.64,0.855,0.48,3.42,1.0,10.0,50.06,2.0,40.4
27.7,0.0,9.9,7.21,0.0,16.06,2.883,3.78,4.46,0.0,2.63,77.73,2.0,20.5
52.72,10.36,5.21,21.19,1.0,7.86,1.118,6.78,4.48,0.0,8.53,66.82,2.0,50.0
39.0,7.55,6.35,28.69,0.0,3.4,1.048,4.68,1.88,0.0,4.37,41.31,4.0,22.4
13.02,0.0,9.21,50.9,0.0,37.53,0.807,10.82,3.92,0.0,9.44,56.51,8.0,33.6
3.51,0.0,7.55,2.93,0.0,37.96,0.727,15.11,5.39,0.0,3.06,40.13,2.0,21.1
52.36,0.0,3.44,13.42,1.0,6.4,0.741,4.97,6.59,0.0,7.14,85.73,2.0,41.0
21.12,0.0,6.87,10.76,0.0,3.99,0.941,2.22,10.0,0.0,2.6,86.95,4.0,10.9
27.24,5.06,7.33,11.61,1.0,79.15,1.294,3.21,7.44,0.0,2.74,64.38,2.0,51.1
21.33,0.0,9.3,20.58,1.0,64.94,0.471,9.02,2.96,0.0,9.46,72.06,2.0,41.8
20.29,0.0,7.98,7.88,0.0,15.29,0.905,14.35,3.81,0.0,3.29,69.1,4.0,20.2
35.58,39.08,4.15,13.98,1.0,8.46,1.6,6.25,5.81,0.0,5.5,73.17,2.0,50.4
25.28,16.61,8.1,11.98,0.0,5.78,0.593,17.42,7.79,1.0,4.65,58.42,4.0,29.9
17.93,7.24,9.83,15.74,0.0,12.48,0.689,6.76,8.83,0.0,5.07,61.84,4.0,18.2
45.91,0.0,7.97,26.04,1.0,13.2,1.479,1.6,1.19,1.0,10.0,80.53,2.0,51.1
17.9,3.61,5.76,8.7,0.0,11.01,1.333,7.87,7.18,0.0,5.57,52.96,4.0,17.6
34.57,0.0,5.47,19.97,0.0,15.08,0.909,23.73,2.16,1.0,5.93,70.06,2.0,28.9
50.77,1.26,5.02,13.09,0.0,8.41,1.791,8.62,4.38,1.0,6.21,58.17,2.0,37.2
75.3,0.0,4.59,48.19,0.0,12.99,0.727,11.48,7.14,0.0,4.76,56.75,4.0,43.2
15.22,11.41,7.37,7.14,0.0,10.25,0.413,1.39,3.16,1.0,7.09,86.85,2.0,21.5
27.43,0.0,11.95,29.31,1.0,6.38,0.507,8.07,3.94,1.0,7.81,77.76,2.0,34.5
13.24,0.0,9.03,8.08,0.0,2.62,0.266,4.64,9.22,0.0,6.6,74.0,2.0,3.9
28.39,0.0,7.98,22.18,0.0,3.79,0.699,9.35,8.55,0.0,3.74,52.83,4.0,13.6
16.15,0.0,10.44,10.68,0.0,9.82,0.833,2.36,6.01,0.0,6.2,68.55,4.0,19.8
62.72,0.0,5.46,33.57,1.0,73.98,1.43,20.98,0.92,0.0,1.65,53.61,2.0,69.2
27.07,3.69,9.83,28.05,0.0,87.45,0.439,8.88,1.38,0.0,5.4,36.26,4.0,41.8
42.66,0.0,9.66,37.79,0.0,42.92,0.843,9.14,5.28,1.0,5.5,72.46,4.0,39.6
7.23,3.01,8.54,14.91,1.0,3.1,0.539,16.46,6.03,0.0,4.66,77.18,2.0,17.6
17.35,0.0,12.67,5.1,0.0,18.66,2.087,8.81,5.57,0.0,6.03,33.49,4.0,23.8
27.87,0.0,10.39,9.91,0.0,16.78,0.759,1.62,2.72,1.0,9.75,64.21,8.0,20.2
29.84,5.29,7.56,35.55,0.0,5.03,1.653,0.91,4.87,1.0,6.45,97.22,4.0,15.6
30.09,4.4,7.28,15.1,1.0,13.36,1.189,28.94,7.27,0.0,5.7,71.78,2.0,44.3
22.41,25.38,4.42,12.65,1.0,14.44,1.825,8.8,4.64,0.0,5.4,95.74,2.0,45.7
12.74,0.0,8.36,18.95,0.0,9.88,1.222,6.0,2.99,0.0,1.45,74.34,8.0,16.9
27.91,0.0,7.96,20.76,1.0,11.77,1.006,5.47,5.18,0.0,5.53,77.29,2.0,33.3
50.65,8.27,5.85,52.95,0.0,16.86,0.851,3.76,6.05,0.0,9.08,64.06,2.0,34.0
29.72,0.0,7.68,15.99,1.0,9.81,0.993,9.48,4.2,0.0,6.9,54.05,2.0,44.5
25.84,17.75,3.71,13.88,0.0,9.13,1.235,7.14,5.67,1.0,6.21,53.06,2.0,38.0
17.93,8.34,6.32,25.11,1.0,14.81,0.968,5.92,4.6,0.0,4.17,85.67,2.0,29.0
44.71,0.0,4.46,27.57,1.0,18.88,1.034,2.92,1.82,0.0,3.87,63.34,2.0,44.7
38.37,3.89,8.21,11.66,1.0,79.3,2.381,7.33,4.27,0.0,6.3,49.63,2.0,53.9
30.94,0.0,8.23,15.31,1.0,12.33,0.433,5.97,7.21,0.0,5.14,98.56,2.0,35.3
27.84,0.0,7.92,49.41,0.0,45.97,0.58,10.15,4.14,0.0,2.06,97.69,8.0,31.6
4.7,0.0,10.63,4.99,1.0,12.53,0.89,4.6,9.45,0.0,6.37,71.5,2.0,24.4
19.68,0.0,6.68,12.17,0.0,1.14,0.409,3.59,0.88,0.0,6.12,41.94,2.0,17.4
15.46,0.0,7.11,38.7,0.0,17.8,0.76,3.75,5.93,1.0,7.01,65.55,4.0,23.7
12.88,0.0,5.65,37.5,0.0,0.73,1.497,2.67,6.31,0.0,5.44,53.1,2.0,24.7
16.32,0.0,10.56,29.3,0.0,1.45,0.404,1.41,2.56,0.0,3.32,49.96,2.0,14.3
20.45,0.0,9.6,11.45,0.0,0.79,0.69,5.2,4.89,0.0,8.02,92.37,4.0,3.8
8.34,0.0,11.41,6.58,0.0,14.58,0.424,1.96,0.13,0.0,2.09,47.35,8.0,16.5
6.89,0.0,11.96,21.86,1.0,5.61,0.343,16.18,5.12,1.0,6.9,57.83,2.0,29.8
26.4,8.36,6.36,35.77,0.0,8.18,0.649,10.58,4.02,0.0,5.04,65.55,4.0,23.9
9.65,0.0,7.29,10.82,0.0,4.97,0.904,3.77,5.78,0.0,4.24,50.32,8.0,12.2
23.97,3.94,4.22,18.83,0.0,40.66,0.67,8.5,6.27,0.0,5.13,54.11,4.0,35.6
18.98,0.0,6.23,8.87,0.0,19.91,1.033,10.79,4.55,0.0,3.02,48.75,4.0,25.1
28.86,0.0,7.48,8.71,0.0,89.37,1.024,4.77,2.45,0.0,3.88,35.59,4.0,34.3
20.25,20.16,1.85,6.74,0.0,16.33,1.372,3.6,2.01,0.0,3.06,65.46,2.0,33.3
29.28,0.0,5.97,15.84,0.0,5.05,1.19,0.47,2.5,1.0,6.64,68.47,8.0,25.5
12.56,0.0,8.46,6.8,1.0,12.97,0.424,12.15,5.67,1.0,9.84,45.17,2.0,35.2
11.95,0.0,10.43,15.01,1.0,42.26,0.79,3.71,5.62,1.0,8.05,41.87,2.0,42.8
18.91,0.0,7.0,9.2,0.0,55.93,0.538,11.69,0.05,0.0,2.47,40.09,4.0,35.4
62.3,1.75,7.18,39.75,0.0,8.61,2.225,6.4,9.0,0.0,4.49,46.97,2.0,29.5
17.68,0.0,12.2,10.35,0.0,37.6,2.235,7.41,5.65,1.0,6.94,61.97,2.0,38.8
23.33,13.47,3.07,12.7,1.0,91.16,0.572,3.79,3.91,1.0,5.67,60.64,2.0,69.0
33.17,0.0,10.18,36.43,0.0,51.91,2.582,7.11,3.34,1.0,6.09,54.08,2.0,35.0
10.1,0.0,9.46,13.58,0.0,70.24,1.339,6.86,4.03,0.0,7.59,80.66,4.0,24.1
19.35,0.0,10.95,17.04,1.0,62.09,0.863,2.02,7.61,0.0,1.61,83.22,2.0,33.3
22.42,0.0,10.26,12.66,0.0,12.23,3.23,2.8,6.76,0.0,5.85,37.43,2.0,34.5
44.3,0.31,6.31,21.09,0.0,3.98,1.076,5.08,4.77,0.0,1.37,70.98,4.0,30.9
27.49,0.0,8.18,9.4,1.0,35.77,0.36,19.21,7.21,0.0,5.59,34.12,2.0,41.2
28.25,0.0,5.23,27.68,0.0,14.2,0.665,1.7,6.71,1.0,5.28,69.45,8.0,29.4
26.25,10.55,5.9,11.49,0.0,4.66,0.687,1.09,4.56,0.0,6.28,86.29,4.0,22.1
50.36,2.42,7.26,14.54,0.0,12.53,1.719,2.51,7.41,1.0,10.0,73.83,4.0,32.6
31.92,8.11,7.68,21.87,0.0,19.21,0.316,16.25,7.81,1.0,6.89,52.52,4.0,28.4
53.35,2.76,8.65,28.94,0.0,5.42,1.545,1.02,7.57,0.0,7.67,88.42,2.0,20.4
26.11,0.0,11.38,15.6,1.0,17.55,1.309,6.82,6.22,1.0,8.38,53.9,2.0,48.6
44.61,0.0,6.79,41.31,0.0,10.5,1.305,1.73,6.14,0.0,5.92,71.94,4.0,32.5
43.23,0.0,9.99,15.45,0.0,11.76,1.242,6.24,3.08,0.0,2.9,51.83,2.0,29.4
46.27,0.0,8.15,19.86,0.0,89.3,2.333,14.77,0.73,0.0,7.22,61.71,4.0,48.5
21.37,0.0,5.74,5.93,0.0,18.51,1.954,5.67,5.58,1.0,7.85,61.98,8.0,30.6
38.54,9.36,6.42,9.72,0.0,14.22,1.445,11.97,4.48,0.0,2.92,37.1,4.0,26.8
27.69,0.0,8.4,18.08,0.0,14.19,1.168,4.44,4.14,0.0,3.16,60.76,2.0,19.3
11.06,0.0,6.99,16.86,0.0,17.12,0.187,1.7,1.93,1.0,5.89,79.39,4.0,18.1
24.34,6.86,5.37,16.56,1.0,2.21,0.53,16.73,6.63,1.0,5.27,90.74,2.0,32.7
31.07,0.0,5.92,21.93,0.0,81.01,0.908,9.19,4.59,0.0,4.72,50.84,2.0,35.8
12.84,0.0,7.53,23.32,0.0,60.11,0.308,8.53,2.72,1.0,8.15,79.34,4.0,25.3
25.16,0.0,6.52,14.55,0.0,48.79,0.68,5.64,3.5,1.0,6.55,53.15,2.0,33.2
51.66,0.0,9.91,19.53,0.0,18.04,1.769,11.87,2.61,1.0,7.44,100.0,4.0,35.8
13.94,0.0,3.68,6.59,1.0,8.57,0.626,6.15,4.3,0.0,2.51,55.93,2.0,34.5
45.38,10.8,6.57,23.37,0.0,13.32,1.211,1.43,4.97,0.0,7.08,69.02,8.0,31.3
57.5,0.0,8.33,36.66,0.0,80.85,1.444,5.47,6.05,0.0,6.76,36.19,2.0,40.3
14.35,0.0,6.64,20.16,0.0,7.2,1.177,10.81,0.97,1.0,10.0,65.01,8.0,26.6
14.36,8.98,7.03,43.67,0.0,60.37,1.262,8.93,5.3,0.0,2.92,71.63,2.0,29.6
47.71,2.23,6.62,21.69,1.0,19.35,1.531,1.33,1.58,0.0,2.69,100.0,2.0,43.9
17.37,9.06,7.24,10.26,0.0,3.85,0.223,1.16,4.06,0.0,2.36,57.3,4.0,10.2
9.76,0.0,10.03,10.3,0.0,73.99,1.533,7.17,5.91,0.0,7.46,19.84,4.0,35.6
11.1,0.0,9.81,20.68,0.0,11.78,0.97,6.02,4.49,0.0,2.19,89.2,8.0,12.6
57.19,0.0,6.08,28.37,0.0,7.52,1.037,4.03,0.46,1.0,6.12,69.75,8.0,29.1
7.15,0.0,5.78,6.71,0.0,9.84,0.559,13.72,3.95,0.0,1.84,92.61,4.0,13.7
6.32,0.0,9.14,13.07,0.0,72.11,0.097,6.26,8.43,1.0,7.15,38.95,8.0,24.9
25.08,7.87,5.99,10.61,1.0,59.12,0.45,7.29,7.26,0.0,5.44,97.32,2.0,41.9
53.51,0.0,6.34,27.55,0.0,33.07,0.685,2.2,10.0,0.0,5.93,54.32,4.0,25.1
33.33,0.0,8.45,9.22,0.0,5.65,0.528,9.12,5.14,1.0,6.8,65.63,4.0,22.2
33.97,0.0,7.11,9.92,0.0,5.31,0.391,5.29,3.4,0.0,2.71,71.07,4.0,18.9
65.97,6.75,6.82,18.48,0.0,54.56,1.635,3.23,4.11,1.0,8.02,41.47,2.0,53.0
14.76,15.03,11.78,6.93,1.0,10.71,0.823,9.13,5.35,0.0,5.12,62.12,2.0,34.3
31.42,2.71,9.1,20.87,0.0,3.23,0.985,13.35,4.33,1.0,7.1,38.82,4.0,25.5
12.6,0.0,11.31,20.68,0.0,52.2,1.791,3.59,6.54,0.0,3.24,73.34,8.0,36.0
25.26,9.6,8.11,15.11,0.0,67.81,0.332,8.51,6.19,1.0,7.8,51.65,8.0,37.9
25.55,0.0,8.39,8.35,0.0,57.46,1.81,4.42,1.83,0.0,6.66,13.49,2.0,34.1
33.37,1.61,8.86,29.15,0.0,4.9,0.802,7.54,6.91,0.0,3.33,62.38,4.0,23.7
32.94,0.0,8.97,16.33,0.0,12.94,1.493,1.51,5.36,1.0,4.3,73.24,2.0,30.7
14.62,0.0,10.29,28.05,0.0,73.92,0.179,1.58,8.48,0.0,6.5,64.59,2.0,21.1
10.94,14.48,7.05,12.47,0.0,54.8,1.646,7.79,7.22,1.0,3.41,92.65,4.0,30.5
12.24,0.0,6.02,4.24,0.0,9.69,0.297,3.12,7.45,0.0,2.99,71.83,4.0,9.8
61.89,8.68,3.17,19.36,0.0,0.81,1.097,8.94,4.83,0.0,3.47,65.39,2.0,43.7
18.19,0.0,9.38,5.46,0.0,19.14,1.833,6.28,2.11,0.0,3.29,64.69,2.0,25.0
11.01,0.0,6.42,3.0,0.0,14.84,1.061,2.38,7.89,1.0,8.47,97.17,4.0,11.1
45.64,1.15,8.87,17.47,0.0,69.55,0.98,5.66,6.65,0.0,7.31,42.75,4.0,34.6
17.61,0.0,11.15,14.27,1.0,4.46,1.358,5.14,8.73,0.0,7.01,61.52,2.0,30.6
18.64,0.0,8.0,17.8,0.0,15.45,0.678,10.46,3.96,0.0,3.13,80.89,4.0,16.0
20.69,6.21,10.06,23.59,0.0,4.17,1.597,7.07,5.78,1.0,9.98,73.07,2.0,23.5
30.6,0.0,8.6,12.85,0.0,3.04,1.014,4.62,5.13,1.0,4.43,49.91,2.0,13.4
43.93,7.44,6.84,13.03,0.0,18.33,0.426,8.52,3.6,0.0,5.49,71.61,8.0,39.2
15.7,2.57,8.37,13.62,1.0,2.56,0.675,9.66,1.39,1.0,7.37,100.0,2.0,30.8
50.5,9.06,4.74,17.87,0.0,13.44,1.252,2.17,4.29,1.0,10.0,66.45,8.0,48.3
35.83,0.0,6.01,25.81,0.0,88.06,1.326,7.62,3.27,0.0,6.01,49.03,8.0,44.0
19.67,2.61,4.81,10.41,0.0,18.6,1.472,1.3,7.78,1.0,10.0,67.12,2.0,22.5
45.12,0.0,6.18,24.47,0.0,10.32,0.884,2.49,5.8,0.0,3.26,64.92,8.0,27.4
47.15,0.0,11.86,28.02,0.0,12.81,1.262,4.43,3.93,1.0,8.71,100.0,8.0,33.0
32.62,14.45,3.3,34.74,0.0,15.24,0.652,0.4,7.65,0.0,7.28,83.52,8.0,30.0
72.14,0.0,4.48,19.29,0.0,7.03,2.952,13.13,7.0,1.0,8.09,31.22,2.0,57.7
49.12,2.95,5.56,14.06,0.0,72.84,1.568,9.95,5.39,0.0,3.35,82.89,4.0,38.5
34.42,1.01,6.33,18.83,1.0,1.48,1.57,7.52,5.03,1.0,6.46,61.27,2.0,38.2
49.13,0.0,8.06,28.41,1.0,2.58,2.198,1.87,2.95,1.0,8.26,73.91,2.0,47.9
51.15,0.0,6.24,25.64,0.0,44.52,1.179,13.88,5.52,1.0,8.54,80.67,2.0,44.3
4.76,14.46,6.72,4.81,0.0,8.7,1.78,11.33,4.71,0.0,3.09,95.05,2.0,28.4
5.03,0.0,7.15,16.41,0.0,6.84,1.163,4.54,7.67,1.0,4.73,76.45,2.0,9.9
10.65,0.0,7.73,13.63,1.0,15.13,1.232,4.41,6.06,1.0,9.55,68.46,2.0,32.3
46.42,0.0,7.49,17.06,0.0,15.34,0.899,9.85,4.37,1.0,8.98,60.95,4.0,27.2
19.91,0.0,8.13,30.23,0.0,17.39,1.605,4.58,7.93,1.0,9.57,67.61,4.0,22.6
8.45,0.0,12.71,18.13,0.0,58.84,1.035,0.89,3.82,0.0,8.67,94.35,4.0,22.9
16.69,0.0,8.44,26.61,0.0,48.54,0.708,14.68,4.13,0.0,5.32,36.54,2.0,36.2
31.39,0.0,7.64,18.13,0.0,13.49,0.342,5.69,5.32,0.0,1.9,64.88,4.0,26.9
39.07,0.0,2.83,24.11,0.0,70.05,1.141,6.61,6.49,0.0,7.91,72.88,4.0,55.3
16.39,0.0,8.99,16.79,0.0,11.91,0.697,3.21,6.02,0.0,4.73,100.0,4.0,15.2
35.52,0.16,3.97,9.91,0.0,17.64,0.888,8.99,9.12,0.0,8.46,100.0,8.0,27.2
36.38,12.43,7.52,18.05,1.0,15.51,1.06,7.15,6.4,1.0,5.36,73.84,2.0,36.4
60.02,7.78,6.55,27.04,0.0,68.16,1.765,6.65,1.15,0.0,6.95,74.25,2.0,36.6
30.14,7.41,8.8,27.0,0.0,12.96,2.069,4.45,5.58,1.0,4.91,86.24,2.0,31.0
84.42,7.54,4.29,24.77,0.0,8.25,2.177,4.77,5.31,1.0,9.99,64.04,8.0,52.9
23.09,0.0,8.36,15.33,0.0,7.94,1.204,5.83,3.17,0.0,1.92,84.93,8.0,27.0
17.36,0.0,9.83,28.41,0.0,8.13,1.194,14.26,4.7,0.0,5.15,60.62,4.0,21.5
43.37,10.55,4.57,17.88,0.0,13.57,1.03,14.44,2.22,0.0,4.79,45.51,4.0,46.6
55.82,12.68,7.02,15.33,0.0,6.7,2.349,2.77,5.71,0.0,3.71,81.87,8.0,41.9
9.68,0.0,9.84,18.29,1.0,0.21,0.419,24.19,4.84,0.0,4.98,70.75,2.0,21.4
14.9,0.0,8.28,14.03,0.0,35.43,0.367,8.86,2.94,0.0,3.52,82.36,2.0,18.0
31.18,0.0,11.22,8.68,0.0,15.92,0.788,9.82,4.02,1.0,6.41,74.7,2.0,21.1
45.05,0.0,8.68,18.94,1.0,18.46,0.52,5.36,7.73,0.0,5.3,54.17,2.0,29.3
9.94,0.0,5.35,11.71,1.0,1.43,1.01,6.37,5.31,1.0,5.29,95.17,2.0,39.5
28.71,1.04,9.99,14.25,1.0,6.51,3.922,12.73,4.41,0.0,4.79,82.77,2.0,50.9
58.7,2.82,5.58,24.47,0.0,10.54,2.727,11.44,3.5,0.0,6.43,83.83,4.0,53.2
32.82,0.0,9.61,18.95,0.0,94.96,1.218,3.41,6.39,0.0,3.22,37.09,2.0,36.5
27.29,12.89,7.23,18.24,1.0,43.03,0.433,5.07,6.88,0.0,5.18,52.68,2.0,42.9
67.52,2.82,1.35,25.04,1.0,37.19,1.883,3.66,6.67,0.0,2.82,56.71,2.0,65.8
39.42,0.0,9.03,27.08,0.0,59.61,2.124,1.51,6.48,0.0,8.26,62.15,4.0,37.0
44.69,0.0,7.22,27.88,1.0,45.85,0.81,8.86,7.37,0.0,5.82,100.0,2.0,45.6
56.21,0.0,6.39,18.92,1.0,18.19,1.313,5.33,4.33,1.0,4.34,44.35,2.0,50.7
38.47,0.0,7.0,38.13,0.0,5.95,0.393,10.6,3.47,1.0,10.0,71.56,8.0,22.2
23.85,0.0,9.86,10.39,0.0,72.4,1.215,8.72,5.85,1.0,7.72,42.81,4.0,42.4
39.91,2.25,5.69,21.36,0.0,56.49,0.977,3.18,5.32,1.0,5.25,46.65,8.0,35.8
32.92,0.0,10.24,20.42,0.0,6.2,0.584,13.66,4.53,0.0,9.89,64.21,4.0,21.5
20.23,0.0,5.35,7.45,0.0,89.39,0.731,4.27,5.19,0.0,4.69,66.02,8.0,35.3
73.54,7.22,6.52,20.12,0.0,5.79,1.011,16.12,9.46,1.0,3.78,25.91,8.0,30.4
40.27,0.0,9.34,15.4,0.0,57.92,0.876,5.14,5.83,0.0,7.48,35.33,2.0,30.7
45.39,14.68,7.37,26.68,0.0,57.71,1.032,3.88,6.71,0.0,5.6,52.38,4.0,34.6
40.51,0.0,8.15,10.3,1.0,19.3,0.675,3.93,1.9,1.0,9.73,63.51,2.0,43.1
8.13,0.0,8.34,8.4,0.0,90.3,1.279,9.15,7.67,1.0,7.26,40.06,4.0,37.1
37.64,0.0,6.77,11.6,0.0,14.01,1.511,7.08,5.19,0.0,3.59,61.78,4.0,20.2
19.0,0.0,5.99,23.62,0.0,1.03,0.45,4.68,5.39,0.0,2.61,63.1,4.0,14.8
13.98,0.0,7.21,9.66,0.0,60.73,2.897,7.11,4.53,0.0,3.45,71.34,2.0,33.1
26.77,8.06,5.31,19.07,0.0,12.04,0.552,17.89,2.42,0.0,3.61,73.51,4.0,37.7
24.53,0.0,6.01,14.49,0.0,18.28,1.134,9.45,1.63,0.0,1.77,66.29,2.0,24.4
61.61,0.0,10.76,32.35,0.0,61.18,0.696,2.31,3.29,1.0,5.46,82.56,8.0,23.5
19.4,0.0,4.98,10.7,1.0,10.23,0.391,4.45,10.0,0.0,4.64,84.17,2.0,29.2
16.23,0.0,10.76,8.59,0.0,8.64,1.524,9.43,8.4,1.0,6.4,64.24,8.0,25.0
19.19,0.0,5.95,6.94,0.0,3.02,2.1,2.52,5.36,0.0,0.0,46.13,4.0,21.3
44.9,0.0,5.61,22.14,1.0,19.19,2.421,17.02,5.9,1.0,4.78,63.78,2.0,49.9
7.49,0.0,6.7,17.26,1.0,47.92,1.706,13.38,8.34,0.0,4.66,37.01,2.0,43.3
40.33,0.0,5.57,18.08,0.0,2.9,0.741,5.24,5.52,0.0,3.63,80.29,2.0,22.6
30.54,0.0,9.93,35.77,0.0,69.26,1.759,12.38,0.84,1.0,8.03,94.68,4.0,37.4
40.56,0.0,8.96,16.56,0.0,11.43,0.602,31.82,7.83,1.0,5.83,75.69,4.0,31.3
26.48,9.95,6.55,9.19,0.0,5.11,0.97,7.35,5.15,0.0,4.76,85.83,2.0,20.1
39.74,3.69,12.78,16.11,0.0,52.09,1.52,7.94,5.52,0.0,5.76,45.33,4.0,39.9
41.61,0.0,7.72,16.24,0.0,16.0,1.084,2.39,4.96,0.0,6.93,71.04,8.0,22.3
16.24,0.0,8.63,20.6,0.0,8.37,1.404,3.52,4.55,1.0,7.11,65.86,8.0,28.0
7.53,0.0,7.4,11.77,0.0,19.16,2.372,3.87,6.78,0.0,1.5,51.62,2.0,18.5
40.38,1.66,5.98,10.98,0.0,3.01,0.749,7.56,5.35,0.0,7.76,66.88,8.0,29.8
38.25,13.29,5.19,29.88,1.0,4.08,2.514,6.54,5.53,0.0,6.98,48.98,2.0,54.7
30.87,3.64,9.34,11.43,0.0,33.36,1.512,15.07,3.15,0.0,2.94,80.81,4.0,22.1
4.46,0.0,10.01,3.44,0.0,89.5,2.099,8.38,10.0,1.0,7.51,48.16,2.0,34.5
33.87,0.0,10.57,16.81,0.0,12.47,1.898,8.95,7.93,0.0,3.12,52.83,4.0,28.1
13.49,6.79,6.35,7.91,0.0,46.54,2.469,11.84,7.26,0.0,3.95,66.63,4.0,33.5
42.31,0.0,8.91,28.36,0.0,36.2,2.189,7.95,8.55,1.0,8.4,77.47,4.0,37.6
61.85,0.0,7.76,25.93,0.0,7.63,1.596,1.92,5.36,0.0,5.38,87.16,2.0,31.3
44.6,0.0,8.53,17.35,1.0,1.21,1.652,27.4,7.29,0.0,5.65,57.35,2.0,42.8
22.73,0.0,6.59,9.43,1.0,13.69,0.942,2.15,6.91,0.0,5.86,68.12,2.0,32.1
23.04,0.0,6.23,34.85,0.0,31.4,1.336,3.95,5.35,1.0,9.8,84.47,2.0,33.7
7.6,0.0,9.85,25.6,0.0,12.25,1.347,3.51,4.88,0.0,6.33,49.53,4.0,17.9
18.33,0.0,10.2,12.64,1.0,4.7,1.221,0.69,5.01,1.0,7.05,70.79,2.0,41.5
28.52,19.36,4.58,7.88,0.0,15.79,0.569,14.72,5.48,0.0,4.33,69.05,8.0,31.7
52.96,0.0,8.63,19.36,0.0,1.26,1.163,2.17,2.19,1.0,6.67,52.13,2.0,36.5
18.14,0.0,10.85,20.75,1.0,3.95,0.235,2.03,6.47,1.0,6.34,89.75,2.0,23.1
43.51,0.0,6.97,14.0,0.0,0.16,0.447,10.09,7.67,0.0,5.17,64.66,8.0,17.1
39.13,3.56,4.52,40.72,0.0,13.79,0.757,11.53,3.82,0.0,2.37,91.43,8.0,35.8
8.06,6.48,5.35,29.83,0.0,15.32,0.299,2.36,3.94,0.0,5.04,48.75,4.0,21.8
28.35,0.0,6.8,11.81,0.0,44.99,2.121,3.9,3.57,0.0,7.49,19.32,4.0,29.3
37.07,7.4,6.11,12.78,0.0,3.58,1.274,9.66,4.27,0.0,5.06,59.51,2.0,33.3
25.5,2.31,7.89,24.84,0.0,0.96,3.075,6.29,2.53,1.0,6.89,77.48,8.0,37.2
61.27,0.0,7.13,28.58,0.0,5.86,1.277,5.12,4.07,1.0,3.57,60.15,8.0,24.4
41.9,0.0,7.2,17.16,0.0,93.27,1.366,1.85,7.3,0.0,2.19,57.86,4.0,30.8
31.49,15.31,7.58,27.46,0.0,9.48,1.888,9.02,2.69,1.0,4.4,68.11,2.0,33.2
30.59,6.22,5.81,9.72,0.0,15.24,2.052,14.73,4.6,0.0,4.29,51.65,2.0,33.0
50.22,0.0,10.02,20.15,0.0,75.63,1.388,19.25,6.66,1.0,6.19,100.0,2.0,42.3
9.62,0.0,10.59,26.35,1.0,16.07,0.283,14.52,5.88,0.0,3.98,65.67,2.0,31.4
21.23,0.0,10.1,20.65,0.0,82.95,1.609,3.08,6.33,0.0,5.09,45.97,4.0,32.5
29.26,0.0,6.8,25.64,0.0,0.39,0.432,4.85,6.22,1.0,9.3,100.0,4.0,13.0
29.0,0.0,7.9,59.28,0.0,19.49,1.196,5.03,5.48,0.0,6.26,50.61,2.0,20.9
15.92,0.0,9.97,16.01,0.0,13.6,0.358,12.37,2.55,0.0,8.29,70.33,4.0,22.2
34.56,0.0,7.56,20.92,1.0,6.43,0.828,15.66,5.23,0.0,1.76,59.02,2.0,31.7
1.04,0.0,7.57,2.53,0.0,85.84,0.592,2.71,3.66,0.0,5.44,35.59,2.0,26.0
31.91,0.0,6.56,14.09,0.0,1.82,0.317,14.71,6.88,0.0,4.43,87.03,4.0,17.0
2.57,0.0,7.54,15.25,0.0,6.87,2.902,4.07,3.61,0.0,6.25,69.91,2.0,20.0
33.67,0.75,5.58,22.3,0.0,56.48,0.846,6.89,7.26,1.0,5.56,39.37,8.0,39.5
17.18,0.0,14.23,23.43,0.0,5.61,0.295,17.97,5.27,0.0,5.24,100.0,4.0,17.0
53.37,17.21,1.43,22.64,0.0,2.3,0.779,2.33,6.12,1.0,6.04,70.83,4.0,41.0
18.43,0.0,6.49,13.77,0.0,67.63,1.144,12.2,6.47,0.0,5.84,84.2,4.0,24.9
42.59,0.0,8.91,18.3,1.0,13.26,0.638,4.42,8.07,0.0,7.47,93.75,2.0,35.0
42.44,18.16,4.18,11.49,1.0,68.16,1.076,8.57,7.03,0.0,0.96,32.66,2.0,56.9
17.36,0.0,7.78,6.8,0.0,19.7,0.16,5.0,4.28,1.0,6.19,81.34,2.0,11.1
13.14,0.0,9.4,10.68,0.0,9.48,3.192,1.53,6.66,1.0,10.0,88.62,4.0,33.9
23.45,0.0,10.36,27.41,0.0,15.3,1.656,8.26,6.11,0.0,6.97,71.29,2.0,16.0
21.79,5.48,7.14,15.19,0.0,4.2,0.442,3.49,7.16,0.0,6.13,89.3,4.0,9.6
18.57,5.88,9.58,12.49,1.0,91.7,2.167,1.52,5.43,0.0,3.27,48.82,2.0,53.3
35.62,5.37,3.89,17.38,1.0,35.33,0.945,0.92,8.52,0.0,3.51,94.66,2.0,41.2
12.8,0.0,7.4,10.27,0.0,12.91,1.222,9.31,5.63,0.0,5.27,60.14,2.0,20.0
17.95,0.0,9.45,11.46,0.0,85.81,1.075,0.48,1.81,1.0,6.75,86.85,4.0,31.7
21.18,0.0,12.31,9.37,0.0,15.26,1.27,7.81,5.45,1.0,4.68,77.37,4.0,20.0
48.28,2.58,5.31,22.88,1.0,11.18,1.027,2.96,3.4,1.0,6.03,76.87,2.0,51.4
18.53,0.0,6.16,26.37,0.0,10.98,0.755,9.18,4.34,0.0,9.81,46.21,8.0,31.7
38.63,4.03,8.04,18.74,1.0,4.45,1.174,1.5,5.02,1.0,7.82,97.64,2.0,34.8
65.33,4.97,6.55,28.1,0.0,7.16,1.013,2.58,6.33,1.0,3.9,53.75,4.0,31.5
41.89,0.0,6.31,20.23,0.0,1.02,1.823,6.5,4.39,0.0,8.37,100.0,2.0,28.0
24.65,0.0,5.83,20.05,0.0,6.94,0.909,6.84,8.54,1.0,5.8,76.89,4.0,20.7
28.21,0.0,7.13,14.62,0.0,5.46,2.4,2.27,5.4,1.0,10.0,78.46,8.0,36.3
37.54,0.0,8.92,10.18,0.0,15.63,1.52,9.26,4.71,0.0,6.89,59.75,2.0,30.6
51.49,0.0,6.79,16.49,0.0,60.95,1.05,4.43,7.42,1.0,1.14,55.07,4.0,37.2
30.72,21.68,7.82,15.75,0.0,3.29,1.708,7.16,5.86,0.0,0.83,40.49,4.0,36.2
43.56,4.43,6.89,43.51,0.0,16.01,0.55,11.0,2.08,1.0,6.95,83.92,4.0,33.9
31.64,0.0,9.25,11.92,0.0,11.72,0.652,6.21,2.79,0.0,5.91,76.49,4.0,20.4
23.24,0.0,8.86,10.95,0.0,12.96,1.612,8.13,9.02,0.0,6.22,98.62,8.0,19.0
22.5,0.0,7.52,10.48,1.0,68.01,0.772,6.33,5.22,0.0,7.01,56.25,2.0,44.0
31.76,2.38,9.43,9.03,0.0,13.03,1.116,9.08,5.11,0.0,4.64,100.0,8.0,27.6
31.26,8.42,4.62,16.07,0.0,12.91,0.851,0.3,8.0,1.0,4.04,51.02,2.0,29.0
44.2,0.0,6.57,11.65,0.0,9.38,1.367,6.14,5.2,0.0,4.22,75.42,4.0,19.8
6.29,0.0,7.98,12.55,0.0,19.18,0.929,13.24,4.44,1.0,3.14,81.24,2.0,14.7
34.03,0.88,8.64,22.67,0.0,5.43,0.57,7.41,5.25,1.0,6.29,80.0,2.0,23.1
44.75,11.28,7.57,11.65,0.0,32.4,2.494,3.1,4.45,1.0,9.41,59.76,8.0,40.3
60.22,0.0,5.56,67.07,1.0,2.59,2.059,7.48,5.02,0.0,8.02,46.56,2.0,58.2
7.9,0.0,6.85,3.54,0.0,91.2,0.146,9.36,5.45,0.0,4.03,58.4,4.0,28.8
22.99,0.0,8.47,8.64,1.0,69.88,0.308,8.68,6.15,0.0,5.81,51.32,2.0,40.9
35.88,4.36,4.33,48.44,0.0,13.92,0.376,3.22,4.72,1.0,4.21,100.0,4.0,27.0
24.21,0.0,10.29,7.45,0.0,65.67,0.56,5.57,5.11,0.0,6.87,71.53,4.0,21.5
72.85,0.75,6.28,27.55,0.0,17.19,1.978,9.08,5.29,1.0,5.45,71.34,4.0,45.3
46.56,5.31,4.63,23.95,0.0,4.96,1.088,5.63,10.0,1.0,6.17,97.05,4.0,22.5
28.48,0.0,5.77,13.63,0.0,12.97,0.748,22.05,6.19,1.0,8.31,83.49,2.0,28.7
43.79,8.16,7.33,17.45,0.0,10.13,0.467,9.53,0.0,1.0,6.13,35.72,4.0,24.1
3.96,0.0,9.45,13.13,1.0,10.71,0.963,6.48,4.82,1.0,7.94,88.05,2.0,27.0
46.18,4.57,5.53,34.48,1.0,4.5,1.376,5.71,2.35,1.0,6.27,79.22,2.0,49.1
44.12,0.0,7.45,20.35,0.0,14.17,0.994,2.65,4.41,0.0,5.83,76.89,4.0,23.5
10.28,0.0,6.43,36.92,1.0,45.66,1.706,4.81,4.5,1.0,6.98,64.45,2.0,49.4
28.15,18.46,5.42,8.45,0.0,18.13,1.856,11.72,1.63,0.0,7.26,59.55,2.0,32.3
60.93,0.0,10.12,48.79,0.0,12.01,0.889,8.67,9.11,0.0,3.46,50.73,8.0,25.3
30.88,0.0,12.33,13.57,1.0,13.89,0.822,10.64,5.41,0.0,6.5,84.16,2.0,29.2
16.5,0.0,8.08,37.42,0.0,64.67,1.807,3.73,7.36,0.0,4.93,53.01,2.0,34.0
42.14,1.83,8.38,25.44,0.0,44.48,0.95,9.45,3.6,0.0,5.84,52.4,4.0,28.7
30.39,0.0,8.87,10.65,0.0,18.94,0.674,5.48,5.0,1.0,5.56,100.0,8.0,19.1
15.4,0.0,5.1,14.92,0.0,12.07,1.04,2.41,6.67,0.0,8.1,60.99,4.0,24.0
56.79,0.0,5.0,14.95,0.0,9.57,2.034,14.36,2.39,0.0,6.01,58.25,4.0,38.6
7.9,0.0,4.13,6.21,0.0,71.74,1.0,8.74,10.0,0.0,2.46,71.61,4.0,30.0
52.71,12.29,6.84,19.74,1.0,5.3,0.821,9.99,7.77,0.0,6.81,64.63,2.0,40.3
25.57,0.0,12.12,14.72,0.0,42.67,0.699,1.28,5.54,0.0,8.9,91.26,2.0,12.2
13.46,8.12,9.75,26.88,1.0,4.51,1.215,2.93,3.77,0.0,3.07,79.87,2.0,28.9
18.84,0.0,8.52,9.77,1.0,30.23,0.772,2.66,5.55,1.0,5.08,69.18,2.0,26.7
34.65,0.0,7.77,12.21,0.0,7.58,1.763,3.41,0.32,0.0,7.88,83.87,2.0,26.4
41.99,3.43,6.62,13.81,0.0,15.09,0.931,13.96,5.9,0.0,3.69,76.05,2.0,25.0
43.13,0.0,9.83,21.27,0.0,37.56,0.993,2.85,8.35,0.0,6.92,51.39,2.0,24.5
25.28,14.53,6.93,23.18,1.0,6.93,0.935,8.28,1.9,1.0,7.48,76.29,2.0,45.9
20.11,0.0,8.52,9.46,0.0,5.84,0.855,7.86,3.81,1.0,6.08,48.54,8.0,25.6
29.21,0.0,5.92,17.86,0.0,16.76,0.45,3.4,3.11,0.0,5.1,45.81,2.0,20.3
7.11,0.0,9.99,7.16,0.0,4.17,1.215,14.87,7.59,0.0,7.23,59.01,2.0,17.2
36.86,0.0,7.59,10.17,0.0,9.19,2.239,5.91,6.21,0.0,5.87,64.89,8.0,24.9
12.1,0.0,9.43,33.94,0.0,8.47,1.094,12.31,3.77,0.0,3.06,71.12,8.0,15.9
15.32,0.0,10.54,35.61,0.0,9.43,1.217,5.07,5.01,1.0,6.26,19.09,4.0,30.6
57.4,0.0,4.01,24.64,0.0,13.35,0.963,3.79,5.42,0.0,6.96,60.63,4.0,34.5
21.29,0.0,7.77,6.58,0.0,17.73,1.134,1.15,2.49,1.0,10.0,40.0,4.0,28.7
24.78,2.79,7.04,7.97,0.0,58.83,2.056,7.06,2.69,1.0,8.47,72.16,2.0,32.7
14.15,18.47,5.3,13.25,0.0,14.33,0.854,15.91,3.99,1.0,10.0,59.87,4.0,36.3
15.69,0.0,6.3,13.34,0.0,2.86,1.44,9.28,3.1,0.0,4.56,65.7,4.0,22.8
28.42,0.0,6.69,11.99,0.0,0.13,1.447,9.15,4.78,0.0,6.46,51.03,8.0,27.7
23.37,0.0,6.1,13.52,0.0,0.16,1.662,12.71,3.28,1.0,7.64,80.76,4.0,34.6
15.75,0.0,10.18,27.98,0.0,38.52,1.146,8.91,5.39,0.0,8.81,38.34,8.0,23.6
38.32,0.0,8.61,22.48,0.0,16.93,1.315,2.72,4.89,0.0,5.11,61.9,8.0,29.4
45.47,0.0,8.25,16.7,0.0,6.52,1.813,5.0,6.43,0.0,7.3,59.48,2.0,31.9
10.51,0.0,4.83,28.33,1.0,12.98,1.418,9.11,5.65,0.0,4.85,99.03,2.0,38.9
19.33,0.0,12.32,34.57,1.0,77.86,0.779,14.32,0.84,0.0,3.63,23.99,2.0,56.0
64.64,0.0,6.24,32.55,1.0,83.53,1.408,6.48,4.06,0.0,8.53,85.71,2.0,55.6
24.14,0.0,11.77,7.27,1.0,19.97,0.294,10.86,6.13,0.0,4.76,61.24,2.0,31.1
7.2,0.0,10.28,8.67,1.0,18.89,0.678,3.52,7.75,0.0,5.39,63.1,2.0,29.6
15.51,0.0,8.07,8.82,0.0,53.75,0.826,20.71,7.64,1.0,5.21,84.19,4.0,22.4
38.19,4.55,11.4,13.76,1.0,8.94,0.926,9.41,7.9,1.0,8.92,85.12,2.0,29.9
3.92,0.0,10.02,27.5,0.0,7.33,0.707,8.24,5.31,0.0,2.48,72.66,8.0,22.2
53.92,6.16,6.19,42.2,0.0,5.53,1.298,9.03,7.52,1.0,4.55,79.58,8.0,37.8
46.47,4.73,6.26,16.81,0.0,1.71,1.56,28.51,9.18,0.0,7.38,38.13,2.0,39.1
42.99,2.53,9.47,17.2,0.0,4.19,1.313,2.71,6.9,1.0,7.14,49.47,4.0,26.4
16.1,0.0,7.44,5.72,1.0,11.17,0.904,2.43,5.75,0.0,4.29,78.13,2.0,30.8
27.44,0.0,7.42,31.01,0.0,5.44,0.699,5.14,6.28,0.0,2.75,50.63,8.0,19.4
36.87,0.0,6.7,28.87,1.0,14.51,0.726,2.01,0.85,0.0,6.11,68.8,2.0,41.2
18.12,0.0,6.95,8.36,0.0,84.55,0.826,0.74,4.05,0.0,6.79,50.63,4.0,32.7
57.22,14.1,4.2,18.69,1.0,9.53,0.609,10.82,0.0,1.0,7.9,45.0,2.0,61.3
24.3,4.28,11.3,18.27,0.0,18.11,0.604,9.07,4.87,0.0,1.51,86.66,8.0,17.7
33.15,0.0,10.02,20.28,0.0,16.31,2.49,13.58,3.13,1.0,9.31,81.0,2.0,32.4
24.71,0.0,8.73,14.67,1.0,1.56,0.486,1.16,1.5,1.0,7.7,67.42,2.0,35.6
15.19,0.0,7.45,22.2,1.0,16.05,0.33,13.53,6.02,0.0,4.08,97.62,2.0,29.4
53.34,10.41,5.05,27.13,0.0,16.6,1.546,5.93,3.48,0.0,5.26,40.79,8.0,48.8
31.55,0.0,7.32,18.57,0.0,6.93,1.556,9.42,4.65,1.0,4.85,53.41,2.0,22.2
13.76,0.0,12.17,8.39,0.0,9.86,0.688,13.71,5.92,0.0,6.25,55.43,4.0,20.0
32.13,0.0,8.62,22.18,0.0,1.4,0.855,11.99,1.75,0.0,4.57,64.82,8.0,20.7
71.34,0.0,8.35,28.47,0.0,5.32,0.59,12.28,6.6,0.0,6.7,66.27,4.0,36.2
15.54,0.0,8.93,9.27,0.0,19.03,0.848,9.25,5.13,1.0,7.91,83.19,4.0,19.4
34.09,0.0,6.21,14.39,0.0,18.66,1.632,12.87,6.13,0.0,5.6,100.0,4.0,26.7
26.68,0.0,8.4,10.5,0.0,13.66,1.221,2.89,3.3,0.0,6.17,79.48,8.0,23.2
42.69,0.0,5.57,20.46,1.0,54.23,1.0,1.63,7.37,0.0,6.71,63.02,2.0,49.1
39.45,0.0,10.21,26.38,0.0,0.48,0.688,1.4,5.05,0.0,2.59,97.05,2.0,17.9
22.41,0.0,6.83,7.94,1.0,11.9,2.177,14.09,5.4,0.0,7.04,71.95,2.0,47.4
19.43,0.0,7.27,10.46,1.0,4.61,0.436,1.18,4.13,0.0,1.47,70.89,2.0,20.5
27.98,0.0,9.79,24.32,0.0,13.03,0.448,9.4,1.82,1.0,6.74,74.32,4.0,21.8
78.53,18.44,3.03,26.23,1.0,1.92,1.636,1.55,5.18,1.0,9.81,76.26,2.0,60.4
5.94,0.0,8.38,10.2,1.0,19.75,0.174,12.93,6.35,0.0,5.45,84.3,2.0,23.3
47.66,19.49,0.1,15.03,0.0,2.29,1.161,1.6,4.61,1.0,6.51,31.89,4.0,43.4
11.88,4.28,7.49,5.75,0.0,6.73,0.472,1.06,2.92,0.0,4.07,79.1,4.0,13.7
25.51,0.0,9.42,11.75,0.0,52.55,0.878,1.68,4.09,0.0,2.79,66.34,8.0,20.9
17.93,0.0,7.21,11.53,0.0,7.68,1.153,1.39,6.22,0.0,8.57,65.49,4.0,22.5
48.19,5.26,8.04,23.9,1.0,6.73,0.689,3.64,6.82,0.0,2.03,86.6,2.0,29.3
28.18,5.85,7.42,33.44,0.0,12.91,1.036,9.33,7.08,1.0,4.65,82.92,4.0,25.6
56.57,6.88,8.65,16.88,0.0,81.72,0.994,19.41,7.19,1.0,3.62,48.0,4.0,39.6
33.09,0.0,6.54,9.67,1.0,16.2,0.647,2.87,2.68,0.0,8.2,69.13,2.0,34.8
26.93,7.84,6.77,7.93,1.0,14.66,1.113,3.85,5.94,0.0,4.5,78.99,2.0,34.9
10.9,0.0,5.73,12.34,0.0,59.53,0.956,16.95,5.45,0.0,6.35,58.71,8.0,30.8
52.41,7.94,6.29,25.06,0.0,0.87,1.4,6.26,4.26,0.0,6.25,54.48,8.0,41.6
14.43,0.0,7.72,7.78,0.0,48.85,0.174,17.51,1.06,1.0,8.13,65.38,2.0,27.7
35.2,7.12,9.01,17.85,0.0,2.61,0.835,2.54,4.11,0.0,5.3,96.07,4.0,21.8
62.8,13.32,4.27,34.4,1.0,12.16,1.196,5.25,8.88,1.0,7.41,64.64,2.0,52.9
54.22,0.0,6.53,20.07,0.0,16.22,1.336,1.97,5.76,1.0,9.58,77.52,4.0,37.2
36.6,0.0,6.55,15.12,1.0,13.23,0.825,5.21,4.58,0.0,5.07,100.0,2.0,37.3
27.06,0.0,8.24,8.98,0.0,2.29,0.696,5.7,3.08,0.0,3.71,30.6,2.0,16.1
22.32,0.0,12.31,16.97,0.0,3.68,0.684,6.92,6.43,0.0,7.54,85.13,4.0,15.1
1.89,1.79,1.73,4.25,0.0,17.74,0.432,11.27,8.62,0.0,6.01,53.14,8.0,30.0
27.89,0.0,8.07,20.87,0.0,18.21,0.452,16.22,6.33,1.0,2.63,55.88,8.0,22.1
26.85,0.0,10.54,13.06,1.0,14.93,1.153,2.04,2.38,1.0,6.09,62.78,2.0,41.0
43.19,0.0,6.68,17.82,0.0,38.31,1.615,8.24,2.89,0.0,4.6,50.98,4.0,29.9
11.82,0.0,9.7,3.78,1.0,5.01,0.293,12.01,2.47,0.0,7.93,80.41,2.0,27.9
38.18,3.5,9.79,28.68,0.0,1.44,0.998,5.28,9.65,0.0,5.13,47.59,4.0,19.2
27.85,4.41,7.08,22.85,1.0,52.81,1.905,1.89,5.59,1.0,5.56,76.76,2.0,54.1
22.92,15.17,5.19,9.39,1.0,58.71,3.262,12.33,6.59,1.0,4.87,80.67,2.0,58.5
22.38,0.0,10.2,19.68,1.0,4.9,0.411,4.1,5.82,0.0,5.07,40.5,2.0,31.2
22.88,0.0,9.3,8.37,0.0,13.0,0.47,16.75,5.95,1.0,8.98,41.18,4.0,29.1
17.65,0.0,8.35,18.7,0.0,4.14,1.425,1.39,3.37,0.0,8.53,59.67,4.0,22.2
37.13,14.89,7.32,21.41,0.0,1.78,3.151,9.08,2.81,0.0,2.3,89.14,4.0,32.6
41.51,0.0,9.68,35.36,0.0,8.65,0.738,18.32,2.45,1.0,7.42,55.61,2.0,33.5
10.43,0.0,8.58,14.45,0.0,14.54,0.37,2.74,4.96,0.0,4.19,71.29,2.0,17.6
23.02,13.76,7.27,9.07,0.0,3.68,0.922,9.98,3.94,0.0,4.79,42.9,4.0,26.8
6.67,0.0,9.84,10.77,0.0,11.76,0.387,1.99,3.85,0.0,3.52,53.57,8.0,20.2
38.9,0.0,6.91,15.93,0.0,1.75,1.562,3.87,5.23,1.0,4.09,50.8,4.0,30.3
35.49,0.0,10.31,32.76,1.0,91.24,1.108,5.31,1.38,1.0,7.76,42.01,2.0,66.4
53.43,3.79,4.88,14.89,1.0,94.8,1.764,7.98,2.31,1.0,6.25,53.91,2.0,72.1
74.74,11.95,5.06,27.47,0.0,2.94,2.202,10.32,7.45,1.0,8.6,72.65,2.0,58.1
40.71,10.92,8.0,13.33,0.0,13.32,0.571,3.05,7.98,0.0,5.24,73.66,8.0,20.6
41.73,0.0,5.64,39.12,1.0,93.97,1.366,1.5,8.41,0.0,8.29,33.84,2.0,60.4
38.87,0.0,9.58,19.35,0.0,10.98,1.153,11.64,4.37,0.0,7.57,93.59,8.0,21.0
19.33,7.3,7.92,17.64,0.0,59.62,0.475,3.27,4.83,1.0,10.0,56.0,4.0,32.9
53.97,0.0,10.03,19.77,0.0,4.45,0.507,17.85,7.44,0.0,3.24,90.7,8.0,23.4
50.04,0.0,8.72,27.01,0.0,10.09,1.307,3.17,1.53,0.0,7.59,82.63,4.0,31.4
22.31,3.34,7.6,8.91,0.0,19.75,2.941,1.07,4.53,1.0,7.27,78.34,2.0,32.7
27.87,0.35,8.59,10.54,0.0,4.69,0.597,12.69,5.94,0.0,6.19,94.33,2.0,16.4
33.58,11.74,7.12,32.05,1.0,87.96,1.267,5.96,4.4,1.0,7.06,43.46,2.0,64.2
39.18,3.59,11.44,54.17,1.0,7.58,1.221,17.86,7.41,1.0,7.38,78.9,2.0,48.0
57.79,0.0,7.44,15.42,1.0,13.9,1.007,7.71,5.22,1.0,6.29,22.5,2.0,50.6
69.32,0.0,6.64,21.99,0.0,18.59,1.555,5.18,2.32,0.0,7.6,72.47,4.0,39.3
9.39,0.0,8.33,20.87,0.0,64.21,0.42,17.71,4.12,0.0,3.46,69.38,4.0,22.3
25.37,0.0,8.62,18.44,0.0,18.17,1.604,7.95,3.02,1.0,7.1,53.06,4.0,33.8
17.89,0.0,6.19,8.31,0.0,18.34,3.517,5.48,7.31,0.0,6.44,69.6,2.0,29.2
12.78,6.65,7.05,9.14,0.0,46.59,0.591,5.38,6.77,0.0,4.37,31.49,2.0,24.2
3.15,4.27,6.37,4.95,0.0,4.96,1.524,11.68,6.66,0.0,7.04,49.48,4.0,23.4
3.76,11.76,5.71,14.51,0.0,14.03,0.708,3.67,6.65,1.0,6.36,67.62,8.0,20.3
12.53,0.0,10.23,6.95,0.0,72.98,0.962,19.84,6.99,0.0,4.68,36.09,4.0,26.6
2.56,0.0,8.98,6.68,0.0,3.79,0.648,4.43,10.0,0.0,7.55,100.0,8.0,4.8
14.22,0.0,7.09,19.18,0.0,9.23,0.674,2.38,4.45,1.0,6.1,78.62,4.0,19.5
44.04,0.0,7.38,21.58,0.0,9.63,1.061,1.87,5.04,1.0,9.14,67.02,2.0,27.8
13.82,3.12,7.72,23.92,0.0,12.93,0.48,11.07,5.03,1.0,8.42,72.3,4.0,18.6
8.81,0.0,8.84,5.89,0.0,6.42,0.604,15.5,5.62,0.0,9.12,76.45,2.0,18.8
38.02,0.0,4.85,15.32,0.0,1.6,2.554,10.12,5.73,0.0,3.96,48.97,2.0,33.7
43.18,0.0,5.52,14.04,0.0,5.79,1.354,11.22,8.42,0.0,4.46,78.37,4.0,33.7
44.33,0.0,4.79,16.08,0.0,16.37,0.715,10.35,8.39,0.0,5.62,74.81,2.0,25.0
39.15,4.11,5.53,11.61,0.0,76.48,0.838,7.18,5.55,0.0,4.48,47.83,8.0,38.3
65.93,0.0,5.58,16.76,0.0,1.39,0.999,6.97,6.97,0.0,5.96,78.6,2.0,43.0
10.55,0.0,6.61,18.82,0.0,4.06,0.509,2.85,1.74,0.0,5.4,64.98,4.0,10.8
19.48,0.0,9.94,6.52,0.0,1.2,0.787,14.31,6.35,0.0,2.68,79.24,8.0,17.1
41.71,13.13,9.85,22.09,0.0,10.0,0.663,20.32,9.23,0.0,3.53,90.35,4.0,19.5
41.74,1.21,9.25,15.71,1.0,3.46,1.584,4.17,0.0,0.0,8.51,69.14,2.0,37.4
2.68,0.0,7.79,6.87,0.0,15.57,4.4,1.85,6.87,0.0,4.23,100.0,8.0,26.3
50.63,0.0,7.9,14.57,1.0,16.44,0.546,7.08,7.18,0.0,5.91,60.01,2.0,45.0
23.91,8.6,7.12,10.33,0.0,9.95,3.347,9.86,4.82,0.0,3.82,49.72,8.0,41.2
44.49,2.61,6.13,20.89,0.0,9.31,1.048,13.76,6.72,0.0,3.56,72.72,4.0,20.2
31.18,0.0,10.71,9.49,0.0,10.73,0.808,22.02,4.24,0.0,7.22,49.91,2.0,20.3
44.32,0.0,11.68,15.13,0.0,4.8,0.691,9.42,9.03,1.0,7.58,77.06,4.0,17.6
15.02,0.0,5.61,12.2,0.0,55.32,0.949,7.32,7.33,1.0,5.21,41.01,4.0,28.2
29.91,4.36,10.46,19.39,1.0,13.53,0.803,8.5,5.94,1.0,7.47,80.97,2.0,42.3
39.47,0.0,6.63,16.29,1.0,2.86,1.19,0.75,2.21,0.0,5.86,65.53,2.0,42.4
16.32,0.0,7.99,33.49,1.0,6.14,1.894,2.72,3.6,1.0,10.0,100.0,2.0,35.4
28.08,0.0,8.72,15.13,0.0,58.12,1.058,8.21,0.26,0.0,0.99,89.81,4.0,27.5
37.14,0.0,10.98,23.43,0.0,18.23,0.392,10.57,5.06,0.0,7.24,86.86,8.0,18.4
12.25,0.0,9.19,12.88,1.0,3.25,0.209,6.23,5.84,1.0,6.29,51.63,2.0,26.6
17.54,5.84,8.6,9.78,0.0,1.45,1.335,12.56,4.52,0.0,8.97,54.92,8.0,21.6
41.05,0.0,9.48,10.95,0.0,2.66,0.61,8.63,4.46,1.0,10.0,71.9,2.0,22.4
32.39,0.0,10.05,23.78,0.0,4.69,0.372,9.25,4.25,0.0,8.7,79.96,2.0,16.1
5.04,0.0,9.87,16.8,0.0,12.21,3.22,8.39,3.23,1.0,6.24,68.15,4.0,30.5
25.48,0.0,10.27,34.95,1.0,0.61,1.59,13.79,4.51,0.0,2.52,66.45,2.0,41.9
9.56,0.0,7.52,7.84,0.0,0.67,0.891,7.4,5.7,1.0,7.08,80.11,8.0,16.8
35.09,0.0,4.48,45.87,0.0,17.79,1.619,6.9,1.37,0.0,3.3,93.43,8.0,25.8
4.04,0.0,12.53,15.84,0.0,2.38,0.239,6.84,8.46,0.0,4.94,100.0,4.0,10.0
25.7,15.48,4.3,27.02,0.0,6.56,0.564,6.38,4.25,1.0,4.44,100.0,2.0,28.1
15.62,0.0,7.46,5.99,0.0,7.21,1.701,10.77,3.63,0.0,4.25,37.19,2.0,20.0
11.28,0.0,8.0,11.64,0.0,15.89,1.008,6.62,7.05,0.0,7.9,13.81,4.0,21.8
27.51,0.0,7.17,32.12,0.0,18.24,0.555,7.67,7.63,0.0,5.54,79.0,2.0,22.1
25.68,0.0,6.78,8.45,0.0,15.43,0.979,6.18,9.04,0.0,2.93,86.82,8.0,17.0
7.84,0.0,9.69,6.97,1.0,10.03,1.073,6.06,8.15,1.0,8.22,86.54,2.0,27.8
37.43,4.56,8.28,39.04,0.0,10.83,2.242,2.34,2.19,0.0,3.77,85.94,2.0,28.1
28.2,25.18,6.37,29.32,0.0,65.14,0.372,1.15,6.0,0.0,7.4,79.46,2.0,41.0
19.1,0.0,9.54,12.78,1.0,19.6,0.312,3.86,7.2,0.0,6.98,67.45,2.0,37.7
47.12,0.0,6.75,15.91,0.0,93.46,0.953,10.96,6.95,0.0,6.35,63.22,8.0,46.7
22.08,0.0,7.5,18.48,0.0,15.22,1.339,15.42,1.83,1.0,10.0,80.36,2.0,34.7
45.25,6.91,9.05,33.63,0.0,17.62,0.771,2.98,3.44,0.0,4.64,80.91,2.0,17.5
15.08,0.0,7.5,18.6,0.0,11.1,0.72,3.37,3.61,0.0,8.99,63.55,2.0,17.1
6.59,0.0,7.72,26.55,0.0,11.26,0.128,11.4,6.84,1.0,8.02,50.01,2.0,13.5
26.54,0.0,10.06,31.65,0.0,14.89,0.329,2.37,4.06,1.0,8.63,40.28,4.0,26.4
25.6,0.0,8.19,18.38,0.0,7.02,1.568,6.42,6.38,1.0,2.71,62.0,8.0,29.0
15.34,0.0,7.53,19.33,0.0,13.23,0.214,2.02,4.73,0.0,4.74,45.96,4.0,15.5
14.63,0.0,7.57,13.47,0.0,8.46,0.921,15.54,6.87,0.0,4.52,68.37,2.0,15.9
36.18,0.99,10.04,9.89,0.0,18.44,0.503,10.85,5.7,1.0,4.76,82.29,2.0,20.2
17.68,17.34,7.56,14.53,0.0,7.12,0.51,5.19,5.97,0.0,3.15,74.92,4.0,15.6
28.57,5.63,7.94,9.24,0.0,12.72,0.298,5.14,1.07,0.0,7.45,67.33,4.0,14.7
35.0,0.0,5.62,10.47,0.0,0.39,1.167,10.64,3.26,0.0,6.33,80.11,4.0,30.7
28.79,0.0,8.62,25.71,1.0,11.64,0.545,11.01,6.76,0.0,6.42,51.15,2.0,32.8
81.05,1.76,5.93,24.96,1.0,15.51,1.049,2.82,4.56,0.0,9.23,82.27,2.0,49.0
18.76,2.49,6.31,11.36,1.0,16.66,0.797,4.44,2.87,1.0,8.06,71.96,2.0,41.6
11.15,0.0,7.46,5.67,1.0,17.55,1.143,0.72,2.0,0.0,7.83,57.17,2.0,31.8
29.31,0.0,9.51,10.82,0.0,10.1,1.238,14.16,1.32,0.0,5.65,83.54,8.0,33.9
30.78,0.0,10.56,15.35,0.0,11.73,1.334,14.09,6.15,1.0,5.82,12.9,2.0,31.8
10.1,0.0,6.58,13.24,0.0,61.91,1.366,6.81,9.57,1.0,7.06,61.37,4.0,26.5
30.15,0.0,6.23,14.77,1.0,81.16,1.157,8.81,1.37,1.0,8.4,50.16,2.0,62.4
29.68,0.0,9.5,20.08,0.0,61.93,0.796,4.39,6.05,0.0,1.89,47.63,4.0,34.1
29.55,0.0,7.29,23.65,1.0,5.12,0.534,3.28,4.49,0.0,5.55,59.96,2.0,26.2
30.81,0.0,9.18,8.84,1.0,17.84,0.726,2.88,4.83,1.0,8.02,77.01,2.0,20.9
7.26,0.0,7.94,15.13,1.0,12.74,0.236,1.22,5.64,0.0,3.59,61.8,2.0,24.0
14.94,0.0,9.71,13.83,0.0,13.69,0.408,3.94,1.79,0.0,2.35,90.61,4.0,13.0
37.97,0.0,5.11,19.41,0.0,2.53,2.074,3.33,5.32,0.0,6.11,45.59,4.0,34.9
7.25,0.0,9.88,4.1,0.0,0.42,0.278,8.74,9.03,0.0,5.25,72.59,2.0,11.0
64.07,13.97,1.2,21.7,1.0,84.32,1.809,20.16,5.77,1.0,9.41,38.94,2.0,85.9
19.32,0.0,10.27,19.05,1.0,3.36,0.66,5.17,5.44,0.0,5.35,95.53,2.0,25.5
10.84,0.0,8.61,4.59,0.0,13.77,1.03,1.56,5.48,1.0,2.67,78.45,2.0,16.2
41.18,0.0,8.65,52.77,1.0,12.08,0.385,2.69,4.8,0.0,5.07,49.52,2.0,44.6
43.8,0.0,8.16,29.51,0.0,6.52,0.914,2.98,6.92,0.0,6.56,80.98,2.0,11.0
22.24,0.0,4.92,8.69,1.0,53.86,1.1,10.67,7.78,0.0,2.37,84.11,2.0,47.1
17.62,0.0,11.21,10.54,1.0,16.59,1.944,12.09,4.56,0.0,1.8,64.37,2.0,36.7
22.82,0.0,8.98,7.29,1.0,13.6,0.78,8.63,2.0,0.0,6.36,67.68,2.0,39.1
14.17,3.33,9.69,22.68,1.0,6.2,1.177,2.18,7.31,1.0,9.24,75.66,2.0,29.7
59.75,13.21,4.02,22.28,1.0,31.15,1.149,12.36,4.91,0.0,4.52,65.16,2.0,53.6
49.55,0.0,7.99,22.8,0.0,9.08,0.762,1.53,4.67,1.0,7.77,90.55,4.0,26.6
42.29,0.0,5.11,19.15,0.0,94.24,0.979,7.58,7.26,0.0,3.13,60.42,4.0,46.2
41.83,0.0,8.04,25.5,0.0,7.17,0.623,10.33,4.73,1.0,5.89,77.27,8.0,32.0
23.83,0.0,6.41,9.01,0.0,2.44,0.786,6.39,7.64,1.0,7.93,80.87,8.0,14.9
4.58,2.05,18.63,52.2,0.0,3.41,0.894,6.29,8.0,1.0,7.39,75.4,2.0,16.9
8.79,0.0,9.95,17.25,0.0,6.74,1.115,3.64,7.63,1.0,7.78,70.57,2.0,17.8
32.27,0.0,10.69,24.72,0.0,19.91,0.953,2.35,6.15,0.0,5.97,61.41,4.0,15.3
10.13,0.0,8.2,13.7,0.0,11.9,0.809,15.84,5.22,1.0,10.0,74.51,8.0,17.0
28.83,0.0,8.93,10.18,0.0,6.19,1.176,6.25,4.28,0.0,0.0,76.51,2.0,17.6
11.43,0.0,10.47,9.06,0.0,3.29,0.943,5.53,2.91,0.0,6.3,76.93,4.0,16.1
28.27,0.0,6.01,12.48,1.0,7.63,1.522,15.23,8.04,1.0,5.9,37.76,2.0,45.9
20.6,0.0,7.04,27.01,1.0,5.5,0.828,1.19,5.31,0.0,3.36,79.15,2.0,28.6
14.73,10.4,9.26,7.08,0.0,43.62,0.726,19.52,3.98,0.0,5.85,69.65,4.0,25.8
28.45,12.26,6.24,16.17,1.0,10.53,0.371,6.0,6.44,0.0,5.52,80.54,2.0,43.7
53.34,2.87,5.56,15.35,0.0,18.69,1.77,6.63,8.35,0.0,6.6,44.63,2.0,33.5
52.61,0.0,6.16,27.89,0.0,6.51,1.194,3.71,5.51,0.0,5.24,67.81,4.0,29.9
10.22,0.0,6.25,6.83,1.0,2.57,0.739,5.33,7.4,0.0,3.31,76.61,2.0,23.3
22.87,0.0,4.4,18.18,0.0,63.48,2.078,1.71,7.66,0.0,2.53,63.6,4.0,40.5
30.02,0.0,4.71,20.36,1.0,88.85,1.938,7.5,5.38,0.0,3.84,69.86,2.0,57.9
42.88,24.0,4.92,16.72,1.0,13.83,1.231,14.27,4.54,0.0,6.41,66.83,2.0,57.7
13.0,2.98,9.6,7.02,1.0,3.09,0.334,5.44,7.22,1.0,8.97,43.53,2.0,35.5
50.97,0.0,12.51,19.55,0.0,45.4,1.327,7.6,5.77,1.0,3.5,15.18,4.0,37.8
13.34,0.0,8.52,10.75,0.0,1.16,0.427,6.37,5.72,0.0,4.5,51.63,4.0,22.1
29.1,0.0,5.57,11.89,0.0,5.46,1.226,12.36,4.97,0.0,4.37,52.59,4.0,34.0
35.37,0.0,7.88,11.84,0.0,13.46,1.968,3.98,5.68,0.0,5.6,87.3,8.0,25.6
15.83,0.0,9.93,6.8,1.0,71.07,0.704,12.39,4.09,0.0,3.64,79.95,2.0,37.0
27.81,0.0,10.23,12.33,0.0,18.72,0.388,4.06,4.08,0.0,1.99,84.18,4.0,10.9
18.25,0.0,10.32,16.54,0.0,6.92,1.845,7.59,9.92,0.0,4.24,67.86,2.0,14.9
37.98,3.75,8.56,18.63,0.0,61.51,0.514,7.47,4.96,0.0,7.45,31.86,4.0,27.2
14.99,1.51,8.56,6.88,0.0,17.01,0.817,13.91,6.75,1.0,2.74,58.55,2.0,21.9
5.51,0.0,10.31,5.5,0.0,7.19,0.596,16.97,4.4,1.0,4.64,99.82,8.0,17.5
42.92,0.0,5.34,20.76,0.0,86.02,1.271,3.89,8.1,1.0,6.75,39.23,8.0,46.7
14.54,1.86,4.32,5.83,0.0,4.35,2.641,5.52,5.9,0.0,3.79,79.38,4.0,32.1
16.03,9.55,11.56,23.16,0.0,78.7,0.8,16.11,4.78,0.0,2.69,57.94,4.0,33.3
29.05,0.0,8.03,17.99,0.0,3.85,1.666,5.12,0.97,1.0,5.58,63.21,2.0,24.6
29.56,2.41,8.89,52.0,0.0,3.68,0.649,2.01,3.77,0.0,5.63,65.71,8.0,26.4
18.42,0.0,2.84,13.94,0.0,14.84,1.11,19.08,6.84,1.0,7.48,84.46,2.0,29.3
27.43,0.0,11.27,15.38,0.0,12.79,0.316,11.43,0.28,0.0,6.72,38.93,4.0,29.5
21.05,0.0,10.68,8.86,1.0,69.38,1.303,6.2,3.16,1.0,8.26,63.2,2.0,48.1
10.68,2.72,5.22,4.02,0.0,0.34,0.806,3.69,0.0,0.0,2.24,32.25,4.0,32.2
26.75,0.0,7.56,26.8,1.0,9.46,1.834,3.02,0.11,0.0,6.07,63.39,2.0,44.3
19.74,0.0,8.94,16.81,0.0,11.34,0.61,3.12,5.63,0.0,6.35,79.39,2.0,10.1
1.21,0.0,6.44,6.59,0.0,13.43,0.13,10.47,2.24,0.0,3.99,81.29,4.0,14.9
43.46,0.0,8.67,22.53,0.0,6.06,0.805,14.3,5.72,1.0,9.47,76.43,8.0,29.5
36.67,6.56,9.2,28.97,0.0,11.24,0.34,2.14,7.46,0.0,3.73,64.95,2.0,17.0
37.07,0.0,8.54,20.04,0.0,12.11,0.792,4.3,4.41,0.0,7.12,78.2,2.0,23.7
15.99,0.0,5.39,19.2,0.0,61.26,1.392,1.61,4.97,0.0,6.19,92.97,8.0,36.5
79.29,28.96,1.07,23.1,0.0,19.82,1.519,5.14,3.63,0.0,4.65,76.51,2.0,57.4
56.9,0.0,7.05,22.08,1.0,18.9,0.932,4.97,5.64,1.0,5.01,25.73,2.0,52.9
48.93,0.0,7.03,41.06,0.0,81.98,1.008,7.29,5.02,0.0,3.85,63.99,2.0,39.4
25.96,0.0,7.76,30.74,1.0,11.87,1.218,0.77,2.27,1.0,5.66,88.01,2.0,34.1
36.15,0.0,7.39,12.76,1.0,51.25,0.757,5.6,3.99,0.0,8.62,65.5,2.0,35.8
47.48,11.74,2.56,14.83,1.0,16.78,1.398,8.6,7.94,0.0,7.16,54.69,2.0,64.0
32.56,0.0,9.63,11.08,1.0,1.81,0.537,7.29,7.95,1.0,9.0,92.2,2.0,36.7
8.64,0.0,10.0,18.84,0.0,3.49,1.038,10.08,5.3,1.0,7.65,67.44,4.0,15.6
16.82,0.0,9.54,4.68,1.0,36.9,0.812,7.98,0.0,0.0,4.01,41.93,2.0,34.0
44.86,0.0,8.51,19.87,0.0,4.9,0.647,1.0,6.98,0.0,6.47,69.2,4.0,17.4
24.82,6.02,6.96,26.24,0.0,19.73,0.637,15.06,2.11,1.0,5.15,83.41,8.0,29.4
19.59,3.6,6.77,9.09,0.0,16.71,0.569,13.39,3.76,1.0,10.0,67.94,8.0,23.8
26.74,6.98,5.32,13.4,0.0,16.59,1.644,3.53,5.11,1.0,3.95,56.25,4.0,31.0
5.33,0.0,11.93,2.52,1.0,3.35,1.377,5.53,8.34,1.0,4.86,80.42,2.0,31.1
35.88,1.46,7.71,14.71,1.0,4.0,0.668,2.74,4.46,1.0,8.26,81.31,2.0,35.1
28.51,2.84,4.48,35.72,0.0,16.23,0.743,8.77,6.39,0.0,4.39,50.63,4.0,27.1
6.83,0.0,8.74,10.76,0.0,8.47,1.329,9.13,1.24,1.0,9.44,62.34,4.0,25.3
16.76,0.0,4.33,9.52,1.0,14.9,0.725,12.88,5.54,0.0,7.47,53.32,2.0,40.3
8.8,0.0,9.23,9.82,0.0,12.51,0.869,5.74,7.25,1.0,2.1,71.59,2.0,9.3
34.8,5.41,7.59,22.85,1.0,48.11,0.856,7.66,4.14,0.0,3.31,93.03,2.0,34.2
20.25,9.42,6.18,12.37,0.0,78.75,0.601,2.85,4.68,0.0,3.27,84.25,4.0,32.9
12.37,0.0,6.75,12.7,0.0,13.39,1.759,10.65,8.23,0.0,6.77,68.98,2.0,16.9
58.14,6.31,7.62,18.49,0.0,12.7,0.538,14.78,4.21,1.0,4.21,39.89,4.0,35.2
42.22,0.0,7.57,16.1,0.0,15.96,3.395,11.91,5.98,0.0,0.16,68.37,2.0,44.0
25.37,0.0,4.36,59.44,1.0,9.92,0.752,17.07,3.25,1.0,4.93,64.4,2.0,51.9
27.24,0.0,10.59,42.02,0.0,10.44,0.934,5.59,4.85,0.0,6.08,50.56,4.0,24.3
25.52,0.0,6.35,22.96,0.0,18.82,0.839,2.01,2.68,1.0,10.0,84.91,4.0,31.9
29.19,0.0,5.49,34.35,0.0,15.88,0.644,0.44,1.59,1.0,3.65,84.66,4.0,31.0
17.27,12.24,9.73,13.79,0.0,17.63,0.84,4.74,3.95,1.0,5.23,68.28,4.0,30.2
59.3,0.0,9.34,17.84,0.0,13.48,1.929,5.6,7.61,1.0,7.26,64.59,8.0,31.0
37.53,0.0,7.03,12.67,0.0,7.51,0.934,10.45,5.58,0.0,7.13,51.9,2.0,20.5
21.89,4.75,5.27,27.04,1.0,18.5,0.842,5.12,6.69,1.0,10.0,73.43,2.0,36.7
27.75,0.0,6.35,47.91,1.0,5.04,0.964,2.66,2.53,0.0,5.67,81.96,2.0,42.1
22.77,0.0,7.44,7.61,1.0,6.35,1.964,9.42,9.67,0.0,6.49,79.65,2.0,38.8
13.44,0.0,11.03,4.04,0.0,78.32,0.649,7.99,7.12,0.0,5.14,61.79,2.0,15.0
48.51,0.0,10.13,18.27,0.0,14.29,2.382,12.14,2.84,0.0,7.9,99.76,4.0,38.3
3.74,0.0,9.22,4.81,0.0,11.74,0.633,14.55,3.98,1.0,5.88,75.69,4.0,17.7
14.32,0.0,9.87,17.95,0.0,11.48,1.092,13.86,1.63,1.0,7.01,63.23,4.0,22.4
48.65,0.0,7.12,21.52,1.0,14.03,2.097,8.18,1.37,1.0,2.6,57.45,2.0,56.0
49.13,0.0,5.78,18.95,1.0,16.56,1.586,6.22,5.87,0.0,6.48,48.17,2.0,50.3
24.39,10.04,4.06,18.7,0.0,79.79,0.319,1.11,0.04,1.0,10.0,96.74,4.0,43.2
13.6,5.47,8.58,10.69,1.0,15.26,1.563,10.11,5.28,0.0,6.33,82.43,2.0,32.2
12.83,9.44,9.28,5.37,1.0,10.43,0.88,11.8,3.38,0.0,3.48,92.0,2.0,28.3
25.81,1.6,7.01,19.72,0.0,17.82,1.152,2.75,6.19,0.0,2.17,70.31,8.0,23.0
9.52,0.0,11.09,23.95,0.0,0.8,1.998,1.11,5.25,1.0,10.0,74.85,4.0,20.8
30.84,0.0,7.3,17.5,0.0,4.69,0.705,4.85,1.86,0.0,3.03,53.47,4.0,21.1
37.55,0.0,8.04,17.87,0.0,93.37,2.138,14.8,4.43,0.0,4.33,50.87,2.0,50.2
24.38,0.0,7.83,12.31,1.0,1.12,0.709,5.77,5.28,0.0,2.09,64.28,2.0,30.8
30.75,15.72,8.66,12.95,0.0,13.37,0.498,1.65,5.15,0.0,5.92,49.98,4.0,20.9
39.44,0.0,8.8,20.83,1.0,82.74,1.035,8.37,4.77,1.0,10.0,66.76,2.0,53.1
27.2,0.0,8.07,25.63,0.0,10.52,0.499,3.22,7.7,0.0,5.24,100.0,2.0,19.2
25.02,12.56,6.9,10.08,1.0,16.68,0.528,15.71,7.41,1.0,9.68,44.4,2.0,41.1
64.32,6.45,3.92,22.8,0.0,12.77,1.064,2.71,2.51,0.0,3.17,77.87,4.0,30.2
33.16,0.0,3.54,26.96,0.0,12.91,1.989,6.35,1.9,1.0,6.81,58.71,2.0,39.6
40.22,0.0,6.73,15.09,0.0,64.99,1.398,2.6,2.13,1.0,7.38,65.33,8.0,38.3
32.03,0.0,7.65,13.69,0.0,19.31,0.518,8.85,4.53,1.0,5.4,97.29,4.0,21.2
28.93,0.0,9.19,27.53,0.0,9.88,2.795,6.55,5.44,1.0,5.09,37.71,4.0,34.0
28.26,0.0,7.83,35.35,0.0,50.83,2.128,14.02,8.96,0.0,3.71,41.91,8.0,39.1
38.33,0.0,6.91,10.76,0.0,8.06,0.448,11.99,3.0,0.0,4.49,63.21,4.0,22.0
8.08,0.0,2.86,15.24,0.0,9.01,0.104,5.49,4.98,1.0,5.95,69.18,4.0,21.1
48.8,0.0,8.59,24.23,1.0,14.16,1.554,5.59,4.46,0.0,7.58,56.17,2.0,44.2
25.61,15.24,6.82,25.24,0.0,16.06,2.285,6.46,6.0,0.0,0.69,62.81,4.0,27.3
6.02,0.0,10.45,23.27,0.0,4.68,0.998,8.35,4.84,0.0,5.2,85.79,8.0,18.8
12.11,0.0,8.69,5.86,0.0,19.89,0.951,30.06,3.09,0.0,1.86,46.25,4.0,35.4
12.75,0.0,10.91,4.93,0.0,30.86,0.446,10.78,5.29,0.0,7.03,54.33,2.0,17.6
7.08,0.0,7.69,14.92,0.0,55.52,1.239,5.89,8.76,0.0,3.45,48.67,2.0,27.1
27.02,0.0,8.11,10.84,0.0,2.29,0.863,1.47,4.85,1.0,6.89,90.86,8.0,23.2
32.88,0.0,8.49,19.62,1.0,11.28,0.581,1.25,8.65,1.0,9.65,61.8,2.0,35.0
18.96,0.0,9.75,6.76,1.0,12.73,0.483,1.1,4.75,0.0,1.67,57.96,2.0,22.1
18.86,0.0,9.27,41.69,1.0,77.98,1.685,14.43,7.61,1.0,9.7,53.7,2.0,48.2
10.34,0.0,9.65,8.3,0.0,8.98,0.262,4.28,3.71,1.0,7.99,69.28,2.0,9.6
34.38,0.0,8.51,12.11,0.0,15.68,0.581,15.5,6.07,0.0,4.09,90.72,4.0,12.0
51.01,0.0,7.08,13.58,0.0,12.26,3.307,5.14,7.49,1.0,2.26,76.13,8.0,32.1
18.27,0.0,10.25,16.89,0.0,8.28,0.349,4.0,6.84,1.0,10.0,100.0,2.0,6.6
18.35,0.0,5.1,9.84,0.0,11.47,2.295,11.09,8.91,0.0,4.31,58.98,2.0,26.8
39.66,0.0,6.55,25.75,0.0,4.29,0.505,0.99,10.0,0.0,6.26,85.28,8.0,25.8
27.71,0.0,11.35,21.51,0.0,15.27,0.78,19.56,1.71,0.0,5.31,93.31,8.0,20.1
15.91,0.0,7.18,17.4,0.0,10.84,0.308,2.65,2.46,1.0,10.0,45.86,8.0,22.6
27.13,0.0,8.03,8.22,0.0,55.77,0.485,6.52,1.83,1.0,4.83,36.42,2.0,28.3
8.32,0.0,11.53,15.28,0.0,7.34,0.589,4.84,9.24,1.0,9.1,61.25,8.0,13.7
18.52,0.0,8.19,13.0,0.0,3.82,0.55,11.18,3.66,1.0,10.0,100.0,2.0,14.4
18.94,0.0,6.76,29.68,0.0,9.69,1.179,4.66,4.24,1.0,4.62,71.78,4.0,26.1
32.09,0.0,10.43,14.92,0.0,9.83,0.722,15.59,6.15,1.0,6.59,73.97,2.0,18.2
45.93,0.0,7.04,22.99,0.0,37.31,0.57,13.78,4.91,0.0,5.69,60.05,2.0,26.3
34.19,0.0,7.53,8.98,1.0,50.09,1.09,10.17,5.79,0.0,6.46,71.16,2.0,44.4
24.72,0.0,4.3,37.9,1.0,5.99,0.33,2.37,3.68,0.0,6.14,71.69,2.0,40.5
29.21,0.0,7.87,11.94,0.0,11.85,0.775,1.0,8.18,0.0,7.13,43.62,2.0,18.9
15.54,0.0,9.9,9.25,1.0,10.65,1.442,8.35,2.58,1.0,7.03,27.54,2.0,39.2
35.6,0.0,7.07,27.47,1.0,0.43,0.58,10.05,4.77,1.0,7.8,92.79,2.0,29.1
55.54,26.86,1.55,56.97,1.0,13.34,1.145,6.62,5.58,1.0,4.57,24.72,2.0,62.2
25.57,0.0,7.27,14.72,1.0,8.2,1.139,6.66,6.45,0.0,2.96,59.78,2.0,30.2
36.46,0.0,6.68,57.29,0.0,16.05,0.654,18.29,5.84,1.0,6.81,57.09,4.0,34.6
14.89,0.0,8.05,11.65,0.0,14.51,1.181,2.38,4.31,0.0,4.3,63.68,8.0,22.3
35.77,3.2,6.51,9.73,0.0,15.81,1.269,7.52,3.44,1.0,8.35,66.39,4.0,32.3
42.17,3.43,10.65,14.24,0.0,5.27,0.455,11.48,8.83,0.0,1.28,93.83,8.0,15.0
34.77,0.0,8.56,24.38,0.0,14.93,0.598,19.75,2.13,0.0,5.94,73.8,4.0,22.3
47.54,25.31,1.06,32.96,0.0,38.92,0.565,3.7,6.84,0.0,6.52,87.81,8.0,42.6
41.71,4.54,7.35,21.4,0.0,74.38,1.523,7.37,2.27,0.0,0.57,51.12,4.0,39.8
35.24,3.72,7.42,47.1,0.0,13.04,0.693,5.77,6.01,1.0,10.0,64.9,4.0,28.3
29.8,0.0,10.49,27.16,0.0,2.25,1.698,8.74,7.09,1.0,10.0,48.36,2.0,27.3
29.59,2.92,7.45,14.78,0.0,10.78,0.923,11.99,2.03,0.0,7.21,60.67,4.0,24.7
18.64,0.0,8.07,21.25,0.0,12.8,0.491,8.75,6.48,0.0,4.56,76.04,8.0,15.7
4.74,0.0,12.58,4.14,0.0,18.41,0.294,3.77,3.58,0.0,4.44,30.57,4.0,16.4
40.9,0.0,5.64,20.34,0.0,5.63,1.096,7.38,0.0,1.0,5.83,75.07,4.0,32.4
39.24,0.0,9.42,13.9,0.0,7.22,1.161,7.23,6.76,1.0,6.99,45.5,8.0,25.9
42.01,14.77,6.1,38.16,1.0,16.47,0.734,2.13,2.66,0.0,4.09,54.4,2.0,47.8
0.57,0.0,7.98,5.18,0.0,12.2,1.512,39.85,3.5,0.0,5.68,86.77,4.0,29.6
12.78,10.26,6.09,6.12,0.0,8.91,2.896,4.62,1.74,1.0,7.07,50.51,8.0,35.0
25.28,0.0,10.96,15.71,0.0,14.44,0.453,11.56,3.42,0.0,6.2,52.92,2.0,24.0
24.17,0.96,9.09,9.98,1.0,0.6,0.799,0.8,8.09,0.0,4.24,83.59,2.0,25.5
38.75,5.33,8.4,21.04,0.0,7.73,0.605,5.04,8.9,0.0,2.96,70.88,4.0,16.2
21.21,0.0,10.14,23.13,1.0,8.3,1.329,2.67,3.13,0.0,7.37,39.16,2.0,38.3
12.0,0.0,9.32,21.18,0.0,33.11,0.921,4.34,4.57,1.0,5.0,58.76,4.0,17.6
54.76,0.0,5.24,22.45,0.0,19.3,0.711,2.28,5.56,0.0,4.65,59.8,2.0,22.8
44.32,0.0,4.53,38.12,0.0,19.57,0.901,10.04,2.65,0.0,4.68,66.78,2.0,33.9
16.65,0.0,11.58,41.26,0.0,11.97,1.044,3.2,6.37,1.0,7.2,70.37,4.0,27.4
46.06,26.18,4.89,16.41,1.0,76.76,1.328,9.68,8.11,0.0,4.75,46.95,2.0,60.2
40.47,2.08,7.7,22.95,0.0,12.99,1.26,3.78,2.28,0.0,4.29,100.0,4.0,23.0
5.57,0.0,12.44,10.5,0.0,18.54,0.423,4.06,7.97,0.0,5.4,60.67,2.0,13.5
17.54,6.95,5.51,17.46,1.0,36.49,0.195,9.43,2.33,0.0,3.13,71.64,2.0,36.4
21.13,5.02,2.72,20.72,0.0,6.46,1.211,2.49,4.33,1.0,6.57,33.77,2.0,33.2
40.86,0.0,4.15,13.54,0.0,36.67,0.49,7.15,10.0,0.0,5.17,53.26,4.0,29.4
26.81,11.86,5.71,14.48,0.0,3.08,0.648,3.53,9.09,1.0,3.44,70.01,2.0,19.6
18.55,3.85,8.22,11.75,1.0,13.46,0.759,7.68,1.98,1.0,9.57,45.05,2.0,43.1
18.07,0.0,11.24,9.89,1.0,4.73,1.387,13.58,6.83,0.0,9.16,61.75,2.0,40.9
34.38,0.0,9.66,14.1,0.0,31.44,1.195,12.35,2.06,0.0,6.23,69.04,2.0,23.8
19.04,10.34,2.06,9.0,0.0,13.95,1.327,2.33,6.13,0.0,4.23,42.86,2.0,33.0
54.51,0.0,12.97,31.58,1.0,0.22,1.74,0.69,4.11,1.0,6.33,57.88,2.0,49.8
48.14,0.0,6.73,29.7,1.0,11.23,0.915,13.52,6.34,1.0,4.92,68.63,2.0,54.2
34.54,23.31,7.62,13.85,0.0,9.05,2.635,13.46,5.71,0.0,8.12,80.31,4.0,42.4
39.62,0.0,8.9,12.48,0.0,18.77,0.518,8.33,5.53,1.0,4.32,78.68,2.0,20.3
32.2,11.95,6.61,20.03,0.0,10.97,1.454,7.69,4.56,0.0,6.87,68.31,4.0,34.9
43.26,0.0,7.23,13.79,0.0,68.27,1.02,0.58,9.93,0.0,4.06,56.76,8.0,30.6
22.38,7.79,5.17,19.52,0.0,15.87,0.831,4.92,3.92,0.0,7.69,92.72,2.0,29.2
67.38,15.56,2.54,37.24,0.0,59.14,1.262,11.14,3.54,0.0,6.33,92.38,2.0,52.9
59.74,0.0,6.88,36.25,0.0,11.09,1.08,1.7,8.45,0.0,6.77,99.75,4.0,22.5
1.94,0.0,6.17,15.56,1.0,91.32,0.711,4.52,2.71,0.0,5.35,60.11,2.0,47.2
13.43,4.79,11.32,11.59,0.0,72.04,0.683,5.34,7.23,0.0,8.32,54.81,8.0,27.4
32.29,0.0,8.23,40.7,0.0,5.84,0.506,13.01,4.3,0.0,1.76,70.6,8.0,27.2
41.59,0.0,11.94,21.49,0.0,17.71,1.143,4.64,3.12,1.0,3.53,47.67,4.0,34.8
13.49,0.0,7.72,27.45,0.0,8.35,0.642,11.68,7.51,0.0,1.92,57.45,8.0,18.8
44.29,3.69,6.05,23.72,0.0,19.88,1.721,12.71,5.67,1.0,6.07,61.64,4.0,40.4
18.16,0.0,9.64,14.46,0.0,18.71,1.829,6.51,5.15,0.0,3.56,73.37,8.0,25.2
30.53,0.0,7.57,20.46,0.0,10.73,1.374,17.53,5.41,1.0,5.92,82.18,2.0,19.9
29.7,5.24,9.43,25.67,0.0,15.69,1.733,5.44,6.52,0.0,8.31,93.46,8.0,30.0
15.2,0.0,11.42,10.01,0.0,15.99,1.591,10.67,1.81,0.0,3.77,97.45,4.0,14.3
33.0,5.66,9.53,27.13,0.0,7.12,0.956,9.46,7.4,1.0,8.84,62.34,4.0,30.6
18.16,14.17,9.48,37.95,1.0,9.23,0.895,5.35,1.21,1.0,7.16,71.6,2.0,40.8
11.75,0.0,10.28,16.93,0.0,18.06,0.397,12.51,2.59,1.0,9.19,90.18,2.0,14.6
3.92,0.0,7.78,31.13,0.0,10.16,0.758,18.38,6.65,1.0,7.75,71.6,8.0,21.7
40.91,4.27,9.54,26.01,0.0,6.02,2.207,4.27,7.25,0.0,5.72,49.33,4.0,34.2
31.99,3.4,9.03,13.04,1.0,2.56,1.772,21.0,3.82,1.0,6.44,87.73,2.0,47.6
30.51,7.16,5.99,12.56,1.0,68.3,1.4,4.29,6.86,1.0,5.16,50.18,2.0,57.7
12.93,0.54,7.57,5.62,1.0,9.0,0.902,9.57,4.27,1.0,3.84,43.6,2.0,32.5
21.07,4.47,7.65,17.47,0.0,9.87,1.172,7.02,1.38,1.0,8.24,54.07,2.0,23.5
32.72,0.0,10.24,9.3,1.0,93.04,0.482,2.1,3.6,0.0,8.76,64.89,2.0,45.3
18.91,9.54,7.52,10.44,0.0,19.56,2.379,7.34,1.93,1.0,5.91,71.27,8.0,35.3
53.16,6.85,6.57,28.62,0.0,7.79,1.806,7.69,4.98,0.0,4.96,60.08,8.0,37.4
39.42,0.0,7.5,13.78,0.0,16.2,0.729,12.83,5.6,1.0,4.94,100.0,4.0,15.6
27.09,0.0,7.48,11.42,1.0,12.6,0.559,5.96,5.94,0.0,4.74,47.16,2.0,33.7
32.31,0.0,5.7,36.67,0.0,17.0,0.661,9.78,2.05,0.0,4.32,56.65,2.0,31.9
45.13,0.0,9.24,26.99,0.0,8.51,1.187,4.06,5.95,1.0,5.65,63.63,8.0,25.5
56.85,0.58,5.19,24.93,0.0,9.29,1.358,3.66,6.24,0.0,2.97,44.21,4.0,34.0
53.58,6.42,6.76,19.29,1.0,6.04,0.524,6.45,7.94,0.0,7.03,62.4,2.0,45.6
11.37,9.94,6.65,9.05,0.0,14.01,0.259,5.25,3.76,0.0,7.04,39.4,4.0,18.2
15.74,4.6,9.51,25.42,0.0,5.6,0.856,5.32,2.64,1.0,9.82,80.53,4.0,23.0
10.97,0.0,7.99,18.78,1.0,8.19,0.803,6.14,3.22,1.0,8.68,72.72,2.0,26.8
39.59,0.0,5.8,17.83,0.0,10.32,1.449,3.14,5.42,1.0,5.21,72.06,4.0,23.4
48.82,0.0,9.51,14.13,0.0,16.42,1.881,13.14,4.92,1.0,5.75,90.67,8.0,40.9
18.73,0.0,6.79,5.83,0.0,41.37,0.428,18.64,4.59,1.0,7.68,63.1,2.0,24.4
21.37,0.0,8.67,11.41,1.0,10.74,0.887,8.64,3.73,0.0,3.41,38.91,2.0,36.1
18.19,0.0,11.0,19.29,0.0,1.54,0.471,0.51,6.31,1.0,9.99,62.6,2.0,9.2
11.8,0.0,7.19,16.33,0.0,1.37,1.369,14.74,6.18,0.0,4.96,83.76,8.0,19.3
66.67,6.32,6.03,28.72,0.0,7.16,0.941,1.76,4.39,0.0,3.19,54.35,4.0,35.8
25.3,19.36,5.06,7.94,0.0,92.63,0.877,2.63,10.0,1.0,8.3,58.59,2.0,44.0
38.61,0.0,8.1,27.85,1.0,4.5,0.57,10.36,2.06,0.0,6.58,55.34,2.0,41.3
63.6,0.0,6.96,26.75,1.0,19.02,1.212,8.06,3.83,0.0,5.89,51.95,2.0,48.5
58.88,0.0,9.07,17.9,0.0,77.23,0.996,15.72,2.77,1.0,8.69,59.38,4.0,49.0
9.25,0.0,7.48,21.88,0.0,15.99,2.12,2.82,3.31,0.0,5.77,86.42,4.0,23.6
24.85,0.0,10.8,8.93,0.0,13.18,0.393,16.66,4.45,1.0,10.0,57.77,2.0,16.0
33.72,0.0,11.2,20.44,0.0,2.51,0.729,2.31,5.69,0.0,7.12,92.83,8.0,16.5
54.34,0.0,7.88,17.96,0.0,4.08,0.944,4.66,5.05,1.0,5.7,66.73,4.0,20.4
29.41,0.0,6.54,14.09,0.0,0.6,0.675,7.02,10.0,0.0,3.62,61.43,8.0,14.0
11.44,4.15,8.08,16.04,0.0,0.6,0.491,8.93,1.41,0.0,4.76,53.7,8.0,20.1
23.87,0.0,8.03,15.55,1.0,17.75,0.855,14.15,4.2,0.0,4.97,68.7,2.0,32.0
1.98,0.0,12.49,8.69,0.0,62.26,0.675,10.62,6.39,0.0,3.64,61.38,2.0,21.6
34.82,0.0,7.75,12.16,0.0,18.58,0.528,3.26,0.0,0.0,3.02,60.0,4.0,25.9
39.93,4.03,10.08,14.03,1.0,7.1,1.562,12.16,6.59,0.0,4.55,50.73,2.0,29.9
26.49,13.95,6.75,10.94,0.0,62.58,1.328,5.35,8.08,0.0,3.67,21.03,2.0,40.6
47.69,2.21,7.4,32.99,0.0,15.28,1.879,0.86,4.25,1.0,7.11,61.82,8.0,36.1
13.09,0.0,7.9,43.78,0.0,5.7,0.717,7.63,3.47,0.0,0.41,68.63,2.0,17.2
37.02,0.0,7.37,12.77,1.0,3.89,0.329,9.41,3.89,1.0,9.17,95.13,2.0,38.6
19.32,0.0,10.2,34.88,0.0,9.19,1.364,8.94,5.73,0.0,4.33,68.98,2.0,15.5
18.55,7.27,6.11,7.63,0.0,1.61,0.976,9.17,5.31,0.0,5.63,89.05,2.0,19.4
17.54,2.16,10.13,16.44,0.0,49.15,0.955,6.83,6.32,1.0,2.22,51.27,2.0,27.0
36.81,0.0,10.78,12.04,0.0,10.08,2.267,2.92,3.15,0.0,5.16,51.29,4.0,30.2
30.35,0.0,6.91,30.42,0.0,12.58,1.149,13.62,7.0,1.0,6.71,11.97,4.0,39.8
28.33,1.68,10.36,25.29,0.0,12.2,0.522,7.56,4.72,0.0,4.88,62.29,2.0,15.6
40.36,2.75,9.56,31.85,0.0,0.5,1.066,6.68,10.0,0.0,5.38,88.5,4.0,17.9
24.0,16.7,8.01,11.5,1.0,1.74,0.926,9.02,2.78,0.0,3.87,31.22,2.0,41.3
24.58,4.45,6.46,9.78,0.0,3.71,2.743,5.98,8.1,1.0,7.75,67.61,4.0,37.9
55.11,2.27,6.84,34.81,0.0,6.68,1.517,11.71,3.43,0.0,0.0,81.25,2.0,32.2
12.33,0.0,8.39,10.91,0.0,14.57,0.72,16.78,2.22,1.0,7.54,46.15,2.0,23.9
15.21,0.0,12.73,11.72,0.0,89.85,2.076,1.95,4.95,1.0,7.36,66.08,8.0,46.4
53.64,2.18,7.11,18.82,0.0,3.75,3.274,1.31,2.4,0.0,8.08,55.99,4.0,45.3
43.68,0.0,7.32,18.19,0.0,58.34,0.874,3.89,5.79,0.0,5.56,90.82,4.0,25.8
21.04,0.0,6.07,26.39,0.0,76.08,0.361,2.52,7.17,0.0,0.37,37.01,8.0,30.9
17.77,0.0,6.52,9.3,1.0,91.24,0.593,7.88,3.94,0.0,4.06,72.98,2.0,48.6
18.53,0.0,7.08,9.37,0.0,2.06,0.434,19.75,3.17,0.0,4.08,30.88,8.0,22.0
45.64,15.7,6.47,15.15,1.0,5.94,1.044,20.29,7.15,1.0,6.8,84.99,2.0,51.3
23.38,0.0,5.45,13.03,0.0,78.76,0.976,4.48,2.74,0.0,4.31,54.18,4.0,41.9
14.23,0.0,7.24,26.09,1.0,19.16,0.497,2.87,1.58,1.0,7.14,74.48,2.0,37.7
43.06,11.25,2.64,14.44,0.0,11.12,1.609,4.63,6.96,0.0,3.09,39.29,2.0,36.7
11.66,7.05,10.61,7.35,1.0,2.66,1.848,10.22,5.41,1.0,10.0,61.25,2.0,38.8
22.35,0.0,8.54,35.73,0.0,14.98,2.346,2.95,4.89,0.0,4.76,81.11,4.0,28.2
48.73,4.92,7.57,16.51,1.0,18.58,2.067,1.58,2.95,1.0,10.0,65.41,2.0,53.2
33.18,0.0,5.82,17.21,0.0,0.72,1.313,4.57,6.45,1.0,4.3,56.85,4.0,36.8
67.98,7.52,8.38,51.79,0.0,10.45,1.15,6.56,6.66,1.0,6.15,94.01,8.0,29.6
25.16,0.0,11.25,13.66,0.0,8.09,0.828,6.7,0.7,1.0,8.48,69.42,2.0,25.4
23.87,6.07,7.69,49.23,0.0,12.43,0.576,3.4,10.0,1.0,4.03,83.06,4.0,16.8
20.62,5.57,6.76,8.58,0.0,2.15,0.292,1.85,1.93,0.0,7.42,42.17,4.0,12.7
39.46,0.0,8.92,51.37,1.0,3.03,2.963,7.73,3.53,1.0,7.29,64.68,2.0,57.7
28.43,6.06,8.89,14.19,0.0,11.06,2.231,7.39,3.95,1.0,7.26,53.33,2.0,30.9
36.85,0.0,9.64,9.65,0.0,9.74,1.161,3.15,0.58,1.0,9.62,58.72,2.0,33.4
14.08,0.0,9.91,4.3,1.0,92.0,0.63,8.31,2.86,0.0,4.08,97.66,2.0,43.1
41.52,0.0,9.68,15.94,1.0,50.92,0.632,7.05,3.66,0.0,3.87,76.17,2.0,45.0
36.19,0.0,6.53,20.02,1.0,69.26,1.36,7.86,4.15,1.0,6.18,57.75,2.0,52.5
29.98,9.99,8.73,15.26,0.0,81.88,1.731,6.77,3.23,0.0,4.38,51.51,2.0,37.9
18.55,5.3,6.9,29.73,1.0,77.86,1.562,3.32,7.53,0.0,2.5,32.76,2.0,58.6
52.49,4.71,1.84,26.36,0.0,84.85,3.737,16.86,5.7,0.0,5.77,36.78,4.0,72.6
40.76,7.69,5.93,16.87,1.0,15.43,0.434,8.77,7.03,0.0,4.29,79.41,2.0,48.5
32.28,6.87,6.1,18.2,0.0,18.28,0.837,2.85,4.26,1.0,6.61,63.28,2.0,28.8
9.02,0.0,9.21,8.18,0.0,9.54,0.113,10.57,6.48,1.0,6.66,59.99,4.0,15.6
30.94,0.0,9.75,21.52,0.0,2.37,0.62,12.98,5.43,0.0,6.61,26.27,4.0,26.8
31.51,0.0,8.44,11.75,0.0,16.78,1.303,11.82,6.66,0.0,5.62,63.49,4.0,28.9
18.18,2.54,12.17,18.53,0.0,2.36,0.852,6.89,2.68,0.0,5.94,100.0,8.0,9.6
19.82,0.0,7.36,12.45,0.0,6.67,0.72,5.74,7.6,0.0,4.66,80.23,4.0,12.6
44.41,3.77,3.24,16.83,0.0,15.68,2.427,5.44,5.41,0.0,5.98,59.09,2.0,44.7
26.66,18.3,6.56,31.2,0.0,4.2,0.393,8.83,5.08,0.0,8.94,72.47,8.0,35.4
13.49,0.0,7.51,37.88,0.0,4.26,0.585,14.64,8.05,1.0,9.36,57.33,4.0,24.4
25.3,9.36,4.95,16.87,0.0,16.56,0.929,14.96,4.38,1.0,5.12,100.0,2.0,27.6
10.2,4.86,7.52,8.87,0.0,34.66,0.28,1.9,4.2,0.0,7.28,81.41,8.0,21.2
23.36,0.0,6.73,12.31,0.0,10.2,1.092,3.85,7.9,1.0,7.92,73.25,2.0,31.1
75.24,3.35,4.97,25.22,1.0,5.24,1.031,1.41,4.14,0.0,5.05,57.16,2.0,52.9
28.76,9.66,10.02,22.41,0.0,7.3,0.876,8.57,4.55,1.0,8.63,81.66,8.0,26.2
35.71,0.0,8.18,20.97,0.0,15.65,0.749,16.85,1.67,0.0,6.33,75.53,8.0,32.0
28.11,0.0,7.63,16.65,0.0,17.23,1.244,5.11,2.98,1.0,7.41,77.13,8.0,27.3
11.61,0.0,11.85,21.69,1.0,9.39,0.591,11.34,7.22,0.0,4.29,78.67,2.0,28.5
27.58,0.0,7.58,9.55,0.0,71.51,0.32,0.97,5.54,0.0,3.51,57.62,2.0,26.7
25.31,0.0,5.78,6.8,1.0,89.45,0.551,7.82,2.6,0.0,6.67,27.12,2.0,52.3
52.14,3.38,4.38,19.19,1.0,5.67,1.839,6.53,3.7,1.0,7.7,71.56,2.0,51.5
19.71,0.0,8.25,21.15,0.0,15.13,0.625,11.89,2.94,1.0,6.48,58.44,2.0,30.0
46.73,13.73,2.67,22.02,1.0,18.92,1.468,1.8,5.79,1.0,6.96,42.79,2.0,54.9
16.49,0.0,6.16,11.98,0.0,3.43,1.403,7.08,6.02,0.0,4.26,37.46,4.0,20.7
34.63,0.0,7.2,44.28,1.0,7.34,2.787,19.96,3.66,0.0,2.97,64.82,2.0,52.3
10.78,4.06,10.45,29.37,0.0,50.82,0.54,3.02,2.67,1.0,9.47,39.58,4.0,27.0
36.8,0.0,10.48,26.89,0.0,2.2,0.98,2.64,1.31,0.0,5.27,38.45,2.0,27.9
16.53,0.0,9.82,11.54,0.0,38.56,0.518,12.66,8.18,0.0,1.22,80.27,4.0,17.3
6.37,0.94,8.69,63.98,0.0,5.59,1.832,13.81,4.39,0.0,6.52,89.31,8.0,28.6
14.94,0.0,7.41,6.67,1.0,5.22,0.492,9.98,6.22,1.0,7.62,83.16,2.0,33.9
34.3,0.0,8.75,30.81,1.0,7.89,2.787,27.9,2.66,1.0,8.12,89.67,2.0,54.7
28.46,0.0,11.71,30.67,0.0,13.82,1.383,6.71,4.19,0.0,7.15,45.06,8.0,34.6
7.13,0.0,9.07,7.52,1.0,77.25,1.227,10.15,2.45,0.0,4.7,55.16,2.0,39.1
33.78,7.69,6.14,36.17,0.0,10.62,0.954,9.68,6.4,0.0,5.3,68.29,2.0,27.7
26.28,5.76,7.2,9.23,0.0,16.13,0.687,4.88,6.69,0.0,2.36,73.84,2.0,10.5
15.51,0.0,8.0,17.2,0.0,1.43,0.235,3.95,6.77,0.0,3.95,70.89,2.0,10.2
19.42,0.0,9.52,26.09,1.0,30.67,1.783,6.16,3.23,0.0,6.88,35.63,2.0,50.7
29.5,0.0,6.59,20.15,0.0,10.56,0.705,4.16,5.22,1.0,6.93,57.23,2.0,18.5
25.65,0.0,9.04,7.99,1.0,5.49,1.137,6.87,2.32,1.0,6.25,70.65,2.0,28.9
17.83,0.0,9.6,25.35,0.0,18.81,0.491,11.58,5.27,0.0,5.54,59.42,4.0,17.2
20.13,13.17,7.5,31.74,0.0,78.16,0.67,2.06,6.7,1.0,5.2,70.26,4.0,36.2
13.22,0.0,6.43,14.49,1.0,6.58,0.758,2.42,4.13,1.0,5.89,76.98,2.0,33.7
18.31,0.0,8.15,15.16,0.0,0.11,1.423,5.14,4.66,1.0,8.59,100.0,2.0,15.2
8.09,0.0,7.7,7.24,0.0,0.11,0.917,5.93,2.89,1.0,3.58,79.76,2.0,14.8
7.4,0.0,8.63,11.89,0.0,1.36,2.666,3.1,3.16,1.0,5.97,91.09,4.0,17.6
15.93,0.0,7.19,21.37,0.0,64.56,0.93,10.03,3.19,1.0,7.22,46.29,2.0,34.4
36.09,0.0,10.4,11.41,0.0,6.67,1.112,2.75,3.42,1.0,7.8,95.55,8.0,20.3
25.4,0.0,8.61,37.48,1.0,8.46,1.041,1.45,7.11,0.0,3.31,91.86,2.0,32.7
35.69,0.0,4.69,16.0,0.0,7.32,0.967,8.06,3.42,0.0,6.0,64.51,4.0,23.6
27.04,0.0,5.53,18.15,0.0,1.5,2.652,9.16,4.95,0.0,5.09,62.29,4.0,33.5
32.82,0.0,10.42,14.05,0.0,12.12,0.343,8.14,6.78,0.0,7.49,62.85,2.0,16.3
15.9,0.0,8.16,21.36,0.0,6.57,1.822,2.25,5.67,0.0,6.3,40.9,4.0,27.1
15.4,0.0,7.76,34.96,0.0,10.72,0.652,1.25,10.0,1.0,6.52,51.84,8.0,16.0
24.42,0.0,10.52,10.25,1.0,16.02,0.374,21.06,6.49,0.0,7.2,76.42,2.0,25.4
35.16,0.0,7.64,24.26,0.0,18.21,1.732,8.47,4.29,0.0,5.08,89.2,2.0,28.5
13.87,0.0,6.19,8.29,1.0,17.46,0.816,18.44,1.85,0.0,5.84,82.59,2.0,34.0
19.61,0.0,6.16,21.93,0.0,7.32,0.618,3.67,7.61,0.0,3.88,51.08,4.0,18.3
17.8,0.0,9.72,14.27,1.0,3.53,1.013,16.13,4.0,1.0,5.15,91.24,2.0,34.6
67.58,5.33,10.39,37.14,0.0,11.19,1.141,16.42,3.25,0.0,1.99,86.09,2.0,19.0
29.43,5.36,9.15,19.62,1.0,91.54,1.312,11.28,2.94,0.0,3.91,61.07,2.0,49.0
27.69,0.0,7.41,52.17,1.0,50.65,0.95,5.51,2.52,0.0,5.0,85.3,2.0,48.4
17.73,13.85,6.35,10.33,0.0,9.13,0.717,3.12,4.48,1.0,5.81,100.0,4.0,25.0
1.01,0.0,9.07,2.36,1.0,60.57,0.867,9.27,3.85,1.0,7.51,57.25,2.0,39.6
42.26,0.0,3.69,15.97,0.0,3.71,0.642,2.5,5.42,0.0,4.64,62.76,2.0,21.7
9.86,29.97,5.16,7.96,0.0,0.51,1.299,4.29,9.86,0.0,5.01,60.03,2.0,35.1
21.1,0.0,9.54,13.95,1.0,18.27,0.916,8.08,5.13,0.0,7.4,60.42,2.0,36.6
9.51,0.0,12.26,8.95,0.0,18.99,2.099,17.21,8.83,0.0,7.92,82.46,8.0,27.2
44.18,4.12,9.36,22.44,0.0,14.53,1.542,17.21,4.29,0.0,2.06,40.9,4.0,30.0
38.04,0.0,11.72,10.62,0.0,6.75,1.458,16.24,4.49,0.0,2.76,41.9,8.0,25.0
7.17,15.01,10.34,8.33,1.0,1.68,1.336,17.71,0.0,0.0,5.34,77.21,2.0,43.0
13.39,0.0,11.39,9.82,1.0,0.7,2.042,5.08,7.67,0.0,4.23,66.86,2.0,31.1
26.58,0.0,8.26,24.85,0.0,0.49,1.033,4.05,3.09,1.0,4.04,89.46,8.0,21.7
2.25,0.0,9.62,4.09,0.0,5.87,0.132,1.17,6.7,1.0,7.77,44.33,8.0,12.7
3.18,0.0,5.56,4.13,0.0,5.39,1.162,10.3,0.0,0.0,2.8,61.16,2.0,26.8
18.38,0.0,8.71,14.22,1.0,5.16,0.958,4.61,3.47,0.0,6.32,65.3,2.0,31.5
41.5,0.0,8.89,29.53,0.0,67.41,0.831,5.15,5.26,0.0,6.93,72.81,4.0,34.3
16.92,0.0,7.93,4.29,0.0,59.89,0.404,4.9,4.51,0.0,7.27,58.47,4.0,24.3
42.88,3.65,4.19,28.22,1.0,2.36,0.646,6.16,3.13,0.0,3.57,54.32,2.0,38.8
28.26,0.0,11.32,22.38,0.0,8.09,1.181,7.36,5.41,0.0,5.05,76.1,4.0,16.8
19.38,0.0,9.23,13.63,0.0,15.59,0.701,7.99,6.62,0.0,7.22,67.77,2.0,17.6
40.33,0.0,11.23,21.1,0.0,9.45,1.129,4.25,1.79,0.0,0.81,59.28,8.0,24.3
13.02,3.98,9.62,25.57,0.0,13.32,0.397,1.31,6.07,1.0,4.75,45.29,8.0,19.1
36.11,0.0,10.65,14.48,0.0,70.19,2.136,6.77,7.35,1.0,8.07,76.34,4.0,43.6
48.07,0.0,9.88,13.88,1.0,3.06,0.676,16.95,7.13,0.0,8.04,63.78,2.0,36.2
18.08,0.0,7.1,19.91,0.0,14.82,1.159,7.53,5.03,0.0,0.1,67.64,2.0,27.0
5.6,0.0,7.81,15.7,1.0,2.41,0.989,10.73,4.32,0.0,2.69,79.93,2.0,27.1
1.73,0.0,8.09,0.97,0.0,14.26,1.042,4.41,6.38,0.0,4.31,50.31,2.0,11.5
16.51,0.0,6.57,36.29,0.0,18.47,0.264,15.58,4.61,0.0,5.23,78.62,4.0,26.9
19.09,0.0,11.96,18.28,0.0,2.32,1.919,4.89,7.73,0.0,8.79,82.81,2.0,19.5
23.9,0.0,8.37,9.77,0.0,2.53,0.915,4.65,10.0,1.0,8.97,56.72,4.0,22.7
28.49,0.0,9.06,21.62,0.0,84.72,0.598,8.89,2.4,0.0,5.91,49.25,2.0,29.2
23.05,0.0,5.65,18.61,0.0,41.71,1.654,11.76,5.75,1.0,4.17,48.69,8.0,30.0
14.23,0.0,10.21,9.84,1.0,9.74,1.041,5.13,4.8,0.0,5.01,63.35,2.0,21.7
10.98,0.0,7.85,13.65,0.0,3.01,0.884,8.49,0.58,1.0,8.65,79.59,2.0,14.3
8.27,0.0,11.27,13.05,1.0,12.77,1.468,29.37,5.86,0.0,2.76,44.51,2.0,34.5
30.18,13.43,5.11,17.42,0.0,10.53,0.315,7.17,4.69,1.0,6.18,68.42,8.0,33.5
39.28,0.0,10.49,18.91,0.0,7.78,0.626,2.68,6.82,0.0,4.71,73.0,4.0,16.3
11.13,0.0,10.55,15.75,0.0,14.62,1.897,2.53,6.97,0.0,3.65,76.43,8.0,18.8
36.31,0.0,6.98,20.38,0.0,4.78,0.622,13.04,5.37,0.0,6.43,47.01,2.0,18.4
18.85,1.93,11.04,10.2,0.0,15.56,1.169,2.79,7.05,0.0,6.74,57.31,8.0,24.6
31.47,0.0,10.35,10.83,1.0,12.99,1.35,6.13,2.25,1.0,5.33,66.56,2.0,42.9
45.67,0.0,8.61,22.27,0.0,60.15,1.273,3.17,4.85,0.0,2.89,46.49,2.0,25.1
25.22,0.0,6.26,23.7,0.0,8.54,1.264,2.55,7.57,1.0,6.86,40.0,4.0,25.2
9.83,0.0,10.31,12.93,0.0,10.36,0.551,14.49,6.85,1.0,7.7,89.23,4.0,12.1
8.31,0.0,8.88,7.47,0.0,9.57,0.816,0.92,4.62,0.0,8.78,62.44,2.0,20.0
25.46,0.0,8.33,7.38,0.0,9.37,0.817,15.16,5.94,1.0,7.04,63.67,4.0,22.7
12.7,0.0,8.77,36.13,1.0,78.55,0.687,5.75,3.22,0.0,4.26,58.72,2.0,43.4
43.26,0.0,7.64,24.62,0.0,10.82,0.702,7.12,8.39,1.0,5.44,91.11,8.0,23.1
17.08,0.0,6.76,17.21,0.0,4.49,1.075,9.36,7.06,0.0,5.35,85.49,8.0,20.1
27.63,25.25,2.11,13.24,0.0,68.21,1.71,4.48,5.27,0.0,4.47,65.57,2.0,51.2
29.97,0.0,4.66,8.57,0.0,5.84,0.554,5.68,5.85,0.0,6.56,36.54,8.0,19.4
56.53,7.43,7.01,19.15,1.0,66.04,1.382,8.76,6.04,0.0,5.42,90.77,2.0,52.6
16.06,0.0,3.67,33.1,1.0,19.89,0.693,20.51,6.36,1.0,6.81,66.91,2.0,57.1
27.16,3.58,9.21,9.03,0.0,12.66,1.355,8.27,4.39,0.0,3.13,32.25,2.0,21.1
30.85,0.0,9.09,8.47,0.0,74.71,0.561,17.45,6.49,0.0,5.87,74.83,2.0,32.2
21.03,0.0,7.76,37.87,0.0,66.6,0.251,9.49,9.34,0.0,4.69,42.02,8.0,30.5
17.94,0.0,10.51,8.35,0.0,8.29,1.193,17.36,6.93,0.0,6.37,55.48,8.0,22.7
11.64,0.0,8.13,10.82,0.0,15.46,0.606,1.72,4.27,1.0,4.13,52.7,2.0,12.8
36.24,6.51,7.97,22.18,0.0,15.26,0.531,3.2,4.25,0.0,5.61,22.07,2.0,28.4
37.74,16.6,1.96,50.21,0.0,11.26,0.539,5.83,5.5,0.0,6.53,61.46,2.0,37.5
33.58,4.34,2.99,36.95,1.0,85.15,1.041,5.32,8.33,0.0,5.09,74.7,2.0,56.4
53.14,0.0,6.94,22.15,0.0,34.62,1.08,8.27,5.99,1.0,8.67,63.94,8.0,39.2
30.54,0.0,8.93,12.99,0.0,15.93,0.573,4.22,1.06,1.0,7.83,57.8,2.0,19.7
11.93,0.0,10.54,5.62,0.0,16.03,0.684,6.93,2.78,0.0,3.77,55.66,8.0,18.3
22.63,0.0,7.97,19.64,0.0,32.88,1.391,5.25,2.8,1.0,4.69,57.77,2.0,30.1
8.94,0.0,9.23,12.77,0.0,48.79,1.147,7.27,6.41,1.0,8.97,40.49,2.0,26.6
17.41,0.0,10.05,5.31,0.0,14.7,0.27,3.98,2.24,0.0,3.86,75.43,4.0,7.3
47.6,0.0,7.32,19.76,0.0,16.68,1.47,6.95,7.37,1.0,6.75,82.16,8.0,32.0
34.6,0.0,9.14,19.43,0.0,10.63,0.508,7.07,8.73,0.0,3.94,84.18,2.0,16.1
12.02,0.0,6.38,18.07,0.0,14.16,1.876,3.11,6.92,1.0,9.12,80.19,4.0,27.2
59.39,14.54,2.16,18.11,1.0,81.51,1.252,1.27,0.51,1.0,2.46,66.17,2.0,70.4
9.91,0.0,7.63,13.54,0.0,39.58,0.516,11.25,3.15,0.0,6.78,58.35,4.0,20.0
26.9,0.0,9.74,9.26,0.0,15.62,1.87,18.11,4.43,1.0,5.93,77.66,2.0,22.5
40.39,17.24,4.3,23.25,0.0,9.03,2.13,4.78,3.82,0.0,9.22,73.91,4.0,40.6
41.41,4.4,8.53,17.97,1.0,19.28,1.644,12.14,2.98,0.0,6.83,38.74,2.0,52.5
10.62,0.0,6.63,45.79,0.0,93.99,0.532,6.61,3.24,1.0,5.39,45.95,4.0,35.3
12.81,0.0,7.45,7.22,1.0,37.04,0.442,10.05,5.2,0.0,8.12,71.98,2.0,40.6
17.14,0.0,8.97,10.2,0.0,2.74,3.158,11.66,3.86,0.0,3.72,74.8,8.0,27.5
19.03,0.0,7.09,5.81,0.0,34.89,1.038,13.66,4.31,1.0,8.18,53.27,4.0,35.0
39.77,0.0,6.81,19.18,0.0,54.28,0.658,6.94,6.57,1.0,7.9,56.67,8.0,36.8
15.66,7.87,2.37,10.64,0.0,41.32,0.786,2.31,0.0,1.0,10.0,57.48,4.0,39.5
22.26,0.0,10.01,15.68,0.0,13.11,0.751,5.42,1.45,0.0,3.11,68.59,2.0,13.7
13.05,0.0,8.37,12.04,0.0,12.13,0.722,11.81,3.93,1.0,2.22,85.86,2.0,16.9
30.76,13.11,4.61,51.42,0.0,16.73,0.381,6.84,4.09,0.0,2.66,97.62,4.0,28.1
21.31,0.0,12.03,19.55,0.0,17.0,0.604,1.04,3.65,1.0,7.02,74.82,8.0,18.2
22.07,2.29,6.49,23.9,0.0,5.85,1.165,14.77,5.03,1.0,4.88,29.99,4.0,30.6
50.69,4.24,5.94,23.07,1.0,62.03,0.586,4.42,4.17,0.0,2.2,42.66,2.0,53.2
4.93,0.0,6.93,13.14,0.0,18.81,0.542,2.66,8.33,0.0,4.33,65.82,8.0,12.0
11.74,0.0,10.86,12.98,1.0,6.41,2.024,1.54,2.73,0.0,6.87,92.08,2.0,33.9
28.74,0.0,11.01,17.4,1.0,7.16,1.184,19.58,5.21,0.0,0.0,94.89,2.0,23.9
15.46,6.42,10.43,9.22,0.0,3.06,0.798,6.92,4.42,1.0,7.35,92.04,4.0,12.2
20.73,0.0,11.03,23.19,0.0,19.92,0.548,5.89,4.87,0.0,5.34,57.11,4.0,22.9
31.62,0.0,6.86,53.7,0.0,19.07,0.752,7.7,4.28,0.0,6.59,62.68,4.0,26.3
38.0,0.0,11.2,19.88,1.0,34.21,1.238,4.36,6.93,0.0,2.9,82.56,2.0,39.9
20.24,8.72,6.96,8.54,0.0,0.48,0.426,0.65,5.82,0.0,8.45,28.23,8.0,25.3
34.54,1.12,4.74,30.13,0.0,10.26,2.026,15.62,2.52,1.0,7.37,56.76,4.0,46.0
16.33,0.0,7.66,36.51,0.0,17.46,1.344,2.7,7.69,0.0,5.83,95.18,4.0,19.9
23.75,3.9,8.47,11.63,0.0,1.78,0.94,11.15,6.11,0.0,3.95,76.7,8.0,22.7
26.08,0.0,6.93,9.15,0.0,8.41,1.518,2.29,4.22,0.0,7.25,67.01,2.0,16.8
30.19,15.92,6.48,24.02,1.0,1.86,2.607,11.19,6.7,0.0,9.92,74.02,2.0,57.6
23.5,0.0,9.37,16.56,0.0,61.52,0.321,0.43,3.61,1.0,6.36,97.72,2.0,23.6
3.83,0.0,9.71,16.2,1.0,12.69,0.52,7.51,5.41,0.0,5.52,75.24,2.0,34.3
34.61,0.0,9.27,18.33,1.0,12.4,0.652,17.76,2.54,0.0,6.22,85.41,2.0,36.5
62.62,0.0,6.76,23.52,1.0,6.34,0.674,8.38,6.7,0.0,7.84,88.63,2.0,35.2
37.42,7.38,5.54,13.12,0.0,79.9,0.476,1.92,5.82,0.0,7.03,100.0,4.0,38.1
11.04,0.0,5.73,16.38,0.0,15.14,1.315,6.59,4.99,0.0,6.04,67.53,8.0,28.8
44.55,0.0,7.49,13.3,0.0,1.78,1.142,0.54,6.17,0.0,6.18,77.95,4.0,12.2
34.99,0.0,6.88,26.69,0.0,13.94,2.532,3.76,1.6,0.0,6.78,81.07,8.0,35.3
40.97,0.0,7.53,27.23,0.0,92.73,1.168,16.84,6.79,0.0,7.05,38.95,8.0,42.4
18.46,0.0,4.31,17.79,0.0,8.34,1.237,8.0,3.31,0.0,7.12,100.0,8.0,25.6
49.41,0.0,4.48,38.28,0.0,12.67,3.095,7.58,8.74,0.0,3.9,63.25,2.0,40.8
29.02,2.85,8.81,14.46,0.0,0.35,1.643,15.59,4.9,1.0,10.0,53.79,4.0,25.8
34.05,2.49,4.41,15.48,0.0,10.63,0.555,4.35,2.18,0.0,5.65,73.17,8.0,34.7
13.0,0.0,8.23,9.71,0.0,11.35,1.042,5.29,9.95,0.0,6.12,44.74,4.0,12.9
20.8,0.0,6.71,16.34,0.0,2.24,1.135,4.18,6.5,1.0,8.97,63.29,2.0,18.2
49.83,0.0,5.72,20.97,1.0,2.34,1.211,3.2,2.72,0.0,6.19,76.8,2.0,37.0
48.58,0.0,7.71,18.39,0.0,7.7,0.908,3.81,5.58,0.0,6.9,38.59,4.0,28.0
31.95,0.0,8.1,14.77,0.0,18.44,2.951,9.77,7.23,0.0,3.81,70.98,4.0,25.0
26.58,5.26,8.66,19.32,1.0,12.19,0.624,10.59,0.0,0.0,5.16,46.84,2.0,42.8
0.24,14.73,5.02,24.04,0.0,57.41,0.36,1.56,5.37,0.0,5.06,63.91,4.0,31.9
14.51,23.99,3.92,8.86,0.0,33.32,0.416,16.61,5.02,1.0,8.94,68.49,4.0,36.4
22.34,7.39,9.69,6.01,1.0,10.78,1.63,13.92,5.1,1.0,7.23,67.79,2.0,47.2
16.92,0.0,8.04,20.4,0.0,0.52,1.408,6.05,1.5,1.0,7.48,69.14,8.0,24.1
20.03,0.0,9.13,8.5,1.0,66.76,0.744,4.49,4.42,0.0,5.56,81.89,2.0,42.5
18.35,0.0,7.46,28.52,0.0,19.13,0.78,5.86,1.67,0.0,7.79,31.69,4.0,30.3
6.37,0.0,9.72,20.08,0.0,19.41,1.308,6.72,5.79,0.0,0.0,64.6,2.0,13.6
52.91,0.0,2.44,33.04,0.0,4.23,0.431,3.58,3.74,0.0,5.89,79.46,4.0,33.4
24.27,12.5,9.07,16.17,1.0,10.87,0.391,3.7,5.4,1.0,6.28,100.0,2.0,32.7
17.48,0.0,7.57,27.34,1.0,44.82,1.015,2.76,5.0,1.0,3.46,52.92,2.0,37.3
22.39,21.24,3.28,19.09,1.0,8.82,1.314,31.51,5.45,0.0,2.88,68.84,2.0,50.8
19.26,3.98,5.82,17.4,0.0,93.53,1.236,5.02,3.93,1.0,4.85,81.79,2.0,35.5
10.08,0.0,8.17,13.33,1.0,0.55,1.694,23.0,4.99,0.0,4.18,66.51,2.0,33.5
9.28,0.0,8.5,17.05,0.0,4.02,2.225,4.57,5.38,1.0,5.35,88.82,8.0,13.8
10.06,0.0,8.98,4.23,0.0,1.76,0.883,4.51,8.0,1.0,7.12,85.23,4.0,18.7
19.3,0.0,6.04,10.99,0.0,9.72,2.474,4.82,5.61,1.0,8.58,93.03,4.0,26.7
25.22,6.47,9.21,12.49,0.0,68.25,2.219,8.74,6.57,0.0,5.33,48.98,8.0,45.0
24.39,0.0,7.22,14.85,0.0,10.03,0.548,10.63,6.61,0.0,3.62,58.88,8.0,22.9
18.19,5.13,6.69,7.83,0.0,4.0,0.518,15.37,4.95,1.0,7.4,37.93,2.0,21.9
15.74,0.0,8.08,8.9,0.0,13.63,0.75,4.98,6.37,0.0,6.25,57.84,4.0,19.3
17.68,0.0,9.8,6.8,1.0,18.38,0.227,11.11,6.02,0.0,7.37,72.47,2.0,26.2
20.08,9.78,7.16,9.92,1.0,11.66,0.753,3.09,1.26,1.0,5.36,89.67,2.0,44.0
16.17,0.0,7.43,7.98,1.0,2.08,0.462,17.14,6.35,0.0,8.42,74.33,2.0,28.0
20.43,8.06,6.77,9.89,0.0,78.61,0.741,2.24,7.3,0.0,5.34,67.31,8.0,29.0
37.69,0.0,10.31,28.22,0.0,16.36,3.357,2.48,5.94,0.0,5.29,49.58,4.0,41.2
27.27,8.91,9.22,15.81,1.0,8.32,0.642,6.35,2.76,0.0,3.59,32.3,2.0,38.5
31.89,0.0,8.78,15.62,0.0,13.63,0.665,8.18,3.14,0.0,2.36,90.92,2.0,23.7
15.93,0.0,8.82,29.76,0.0,13.54,0.521,4.84,3.25,1.0,4.18,80.19,4.0,14.2
32.07,0.0,12.67,20.84,0.0,4.26,1.658,7.2,5.7,1.0,10.0,85.42,2.0,32.8
43.11,2.02,8.39,24.48,0.0,48.66,0.502,6.85,6.8,0.0,7.87,34.68,4.0,25.6
57.9,0.0,7.62,25.32,0.0,14.39,1.171,3.91,0.49,1.0,8.25,55.12,2.0,37.3
28.54,0.0,7.74,26.3,0.0,0.24,1.454,9.34,4.07,0.0,2.79,53.22,8.0,23.0
16.01,23.68,6.39,25.58,0.0,9.79,1.388,8.54,4.96,0.0,4.79,61.84,4.0,31.3
31.56,0.4,1.91,20.27,0.0,2.69,0.859,10.37,5.44,1.0,4.04,81.41,8.0,39.2
27.24,0.0,10.24,25.79,0.0,10.22,0.305,17.25,3.11,1.0,5.79,84.51,8.0,20.0
62.56,0.0,4.58,30.35,1.0,9.76,1.465,20.87,4.9,0.0,1.84,79.41,2.0,62.0
33.09,0.0,6.57,21.06,1.0,30.09,0.54,9.69,5.24,1.0,6.19,53.46,2.0,46.3
12.77,0.0,5.82,10.24,0.0,7.06,1.316,7.09,4.76,1.0,6.29,67.65,8.0,19.6
50.23,0.0,6.02,17.21,0.0,4.59,1.113,10.43,5.63,0.0,3.71,77.15,2.0,24.4
36.52,0.0,7.22,10.9,1.0,9.4,1.203,9.11,4.64,0.0,3.15,45.63,2.0,40.5
0.89,0.0,10.75,31.56,1.0,67.31,1.713,1.73,5.54,0.0,4.68,52.09,2.0,42.8
33.37,8.67,9.54,27.47,0.0,94.36,0.846,1.56,3.35,0.0,6.06,53.88,4.0,34.6
32.85,0.59,11.83,14.58,1.0,10.67,2.574,11.21,4.88,1.0,9.56,73.08,2.0,44.2
62.85,0.0,7.32,17.08,1.0,9.67,1.195,12.39,3.9,1.0,5.6,75.46,2.0,39.5
11.3,0.0,8.22,17.61,0.0,6.83,0.387,1.56,5.17,0.0,6.18,39.89,4.0,20.3
23.18,0.0,9.86,13.07,0.0,72.86,0.721,3.15,4.97,0.0,6.15,35.8,2.0,22.2
18.11,0.0,6.75,24.46,0.0,14.68,0.321,12.8,3.8,0.0,5.71,45.57,4.0,16.8
8.66,15.73,4.92,5.8,1.0,10.86,0.433,6.34,4.2,0.0,6.75,81.41,2.0,34.3
19.92,0.0,7.67,11.11,0.0,2.19,0.968,7.62,4.39,1.0,7.3,52.91,4.0,19.5
39.98,0.0,7.73,17.99,0.0,66.48,1.123,1.38,4.31,1.0,6.94,48.51,8.0,35.0
26.3,0.0,4.08,23.08,0.0,9.34,0.674,10.97,0.65,1.0,8.17,37.46,8.0,37.1
56.96,0.0,9.43,19.3,0.0,0.64,1.61,1.41,7.79,1.0,10.0,82.3,4.0,32.3
6.99,0.0,9.27,16.69,0.0,2.52,2.189,10.9,4.39,1.0,3.92,68.44,4.0,20.1
46.19,3.85,8.75,13.46,0.0,47.83,0.563,19.43,6.22,0.0,5.33,96.62,2.0,24.0
53.84,0.0,4.24,22.53,1.0,17.36,2.006,21.31,1.2,0.0,4.12,15.59,2.0,68.0
17.86,0.0,7.13,32.72,0.0,7.63,0.303,11.49,5.35,1.0,4.83,44.53,4.0,27.7
50.69,8.47,5.03,50.21,1.0,17.23,1.25,1.47,4.55,0.0,6.05,74.32,2.0,54.8
21.8,0.0,7.94,28.02,1.0,7.32,0.457,10.6,1.46,1.0,6.34,100.0,2.0,24.4
33.92,3.72,7.47,9.79,0.0,14.14,1.607,5.32,8.39,0.0,4.03,44.83,4.0,25.9
44.21,6.29,8.66,19.34,0.0,10.44,1.464,1.5,7.95,1.0,7.65,31.57,4.0,36.7
32.69,0.0,8.22,17.5,1.0,4.58,1.204,7.81,5.88,0.0,6.57,67.44,2.0,26.6
9.89,0.0,7.22,22.87,0.0,34.2,1.225,15.34,6.82,0.0,2.81,51.72,2.0,24.0
17.7,0.0,12.84,15.05,1.0,17.52,0.206,3.69,5.93,1.0,7.41,71.91,2.0,28.4
24.55,0.0,7.73,9.51,1.0,38.49,0.512,18.17,4.12,0.0,7.81,94.89,2.0,45.6
47.51,0.0,5.76,34.73,0.0,13.28,0.641,4.89,1.12,0.0,5.32,58.27,8.0,35.6
11.59,0.0,4.88,37.02,0.0,8.86,1.742,5.16,2.65,0.0,4.78,63.91,2.0,30.6
43.14,0.0,7.89,28.8,0.0,70.56,0.782,3.67,3.78,0.0,4.63,53.7,8.0,41.6
62.48,0.0,8.51,20.46,0.0,8.41,1.793,0.68,9.53,0.0,0.97,78.59,4.0,8.2
23.89,0.0,6.0,46.15,1.0,14.51,1.449,1.49,2.99,0.0,1.29,65.5,2.0,43.5
2.31,0.0,10.18,19.9,0.0,9.59,0.781,13.83,4.26,0.0,6.92,51.35,4.0,16.2
48.1,23.73,4.88,28.91,0.0,19.65,0.435,3.56,5.13,0.0,8.97,86.09,8.0,32.3
18.93,0.63,4.81,37.77,0.0,12.59,0.333,5.18,6.04,0.0,8.2,43.64,2.0,23.5
18.08,0.0,9.71,24.26,1.0,3.23,0.634,3.58,4.53,0.0,8.83,60.89,2.0,30.5
58.64,0.0,6.71,23.25,0.0,1.56,0.903,4.42,4.07,0.0,4.38,64.65,8.0,31.2
9.97,0.0,6.45,32.48,0.0,4.3,1.281,10.62,10.0,1.0,6.73,43.89,4.0,26.2
5.13,0.0,10.76,5.07,1.0,10.81,0.734,22.45,3.89,0.0,2.61,88.03,2.0,33.9
20.67,0.0,10.26,9.77,0.0,19.34,0.768,18.69,10.0,0.0,2.9,54.91,2.0,14.2
71.18,0.0,4.57,23.6,1.0,19.76,1.249,7.42,4.11,0.0,6.53,48.58,2.0,56.0
14.28,4.1,8.67,14.5,1.0,15.27,1.159,13.11,5.17,1.0,5.62,94.7,2.0,24.8
35.15,0.0,8.35,21.17,0.0,54.15,0.839,15.83,6.75,0.0,3.92,65.8,8.0,26.9
23.59,0.0,8.16,13.97,1.0,19.85,1.728,13.92,4.18,1.0,6.39,54.12,2.0,45.5
30.82,0.0,7.04,16.17,0.0,18.77,0.769,2.17,2.05,0.0,6.83,64.61,4.0,27.9
19.56,0.0,8.12,17.8,1.0,13.03,2.831,7.58,5.59,0.0,5.03,70.34,2.0,51.8
16.66,0.0,10.38,7.96,1.0,69.08,0.615,10.71,2.21,1.0,5.82,61.16,2.0,43.1
32.58,9.42,7.71,23.87,0.0,5.0,0.797,3.11,0.0,0.0,5.04,75.68,2.0,20.4
13.54,6.31,3.98,3.73,0.0,9.71,0.387,2.62,5.94,0.0,6.8,70.07,4.0,21.2
44.31,14.74,1.62,20.77,0.0,5.95,1.104,8.72,2.58,1.0,5.79,99.35,2.0,39.4
13.46,0.0,4.88,9.13,0.0,12.26,0.682,7.96,6.94,1.0,5.04,75.1,2.0,16.5
67.02,0.0,4.27,55.73,0.0,11.41,0.938,15.59,5.53,0.0,3.16,75.51,8.0,43.3
34.1,0.0,6.47,16.02,1.0,19.65,0.557,1.12,6.57,0.0,8.94,47.22,2.0,32.7
46.28,0.0,6.71,22.55,0.0,8.74,0.463,17.46,7.92,1.0,5.5,68.34,4.0,28.3
30.04,0.0,7.97,15.37,0.0,0.59,1.649,4.58,6.57,1.0,7.04,43.43,8.0,27.8
22.23,0.0,8.27,8.62,0.0,1.0,0.555,1.87,7.34,1.0,3.22,82.61,2.0,11.1
18.83,0.0,8.34,7.63,1.0,3.16,0.689,10.25,3.57,0.0,9.63,73.39,2.0,34.5
33.22,0.0,10.29,10.64,1.0,5.02,0.983,5.58,7.44,0.0,3.82,72.32,2.0,37.2
23.75,0.0,4.93,15.5,1.0,34.25,0.355,13.29,6.18,0.0,5.97,81.29,2.0,39.9
47.48,0.0,8.24,19.09,0.0,13.55,1.855,6.47,6.07,0.0,4.81,89.97,8.0,28.0
44.39,0.0,8.33,12.38,0.0,16.86,0.421,2.4,7.26,1.0,5.53,37.19,8.0,26.8
42.49,0.0,5.2,45.85,1.0,0.1,2.233,1.98,7.36,0.0,6.37,61.05,2.0,46.1
43.35,1.65,8.57,27.73,1.0,13.57,1.802,0.85,5.69,0.0,3.81,69.62,2.0,45.9
37.24,0.0,8.63,20.48,0.0,11.23,1.507,8.81,0.93,0.0,6.93,47.89,4.0,25.0
23.03,0.0,8.22,6.41,0.0,73.13,1.509,1.53,8.03,1.0,10.0,67.53,4.0,32.6
16.84,0.0,3.66,17.91,0.0,11.98,0.776,5.45,3.9,0.0,6.74,79.41,4.0,24.6
18.77,0.0,10.36,15.32,0.0,32.05,2.176,6.05,5.75,0.0,3.32,58.3,2.0,28.2
37.2,0.0,8.34,29.06,0.0,0.41,2.025,8.53,6.49,1.0,6.55,81.95,8.0,24.9
11.65,0.0,9.46,7.62,0.0,9.47,1.286,4.55,0.37,0.0,1.65,68.23,4.0,26.2
37.67,2.78,0.75,15.55,1.0,12.75,0.333,2.25,4.26,0.0,0.42,49.29,2.0,50.6
9.08,0.0,7.66,14.38,0.0,11.02,0.88,4.54,5.39,1.0,4.37,65.47,4.0,15.9
36.55,0.0,5.04,15.03,0.0,15.79,1.713,6.6,10.0,0.0,5.12,39.29,8.0,34.3
29.54,0.0,10.7,20.92,0.0,4.71,0.986,14.86,7.0,0.0,5.67,68.95,4.0,21.0
15.04,4.74,5.77,6.73,0.0,6.84,1.113,17.66,3.0,1.0,7.64,80.62,2.0,28.7
9.16,0.0,11.68,11.18,0.0,62.79,1.292,14.04,7.64,1.0,7.97,72.21,2.0,27.0
56.42,0.0,9.21,18.9,0.0,7.75,0.644,8.06,8.24,0.0,5.31,64.28,4.0,28.4
30.38,0.0,8.53,26.57,0.0,70.64,1.9,4.45,4.47,1.0,8.61,54.37,8.0,29.9
13.74,0.0,10.86,45.16,1.0,0.25,2.165,7.18,5.14,1.0,7.36,85.62,2.0,36.0
56.05,4.02,4.95,48.37,0.0,15.4,1.942,10.98,6.15,0.0,3.49,55.74,4.0,42.2
46.69,0.0,6.07,12.73,0.0,16.27,1.732,6.37,6.16,1.0,8.71,50.37,4.0,28.9
39.45,7.09,8.81,24.41,0.0,14.02,1.205,8.98,4.94,1.0,4.77,97.09,4.0,27.8
11.08,0.0,6.79,7.48,1.0,10.99,0.817,6.81,2.64,1.0,5.13,56.68,2.0,39.0
16.11,0.0,5.87,6.9,1.0,4.89,0.446,4.27,1.37,1.0,10.0,48.11,2.0,45.8
2.95,4.26,7.76,14.95,0.0,2.92,4.215,6.17,2.89,0.0,2.94,77.0,2.0,32.0
12.63,0.0,6.86,6.03,1.0,17.84,1.123,2.4,3.8,0.0,6.72,49.07,2.0,38.3
23.33,0.0,12.03,29.7,1.0,61.59,0.601,5.72,4.7,0.0,6.14,79.92,2.0,42.1
29.39,0.0,9.67,21.81,1.0,3.3,0.969,9.8,6.57,1.0,4.73,60.97,2.0,33.4
39.07,0.0,6.68,29.92,1.0,53.59,1.649,10.17,3.1,1.0,10.0,54.6,2.0,54.6
14.66,0.0,6.56,15.79,0.0,4.58,0.704,21.47,3.03,0.0,4.46,77.5,4.0,21.9
4.41,0.0,9.54,3.57,0.0,4.1,1.083,5.43,6.07,0.0,4.21,98.89,4.0,11.1
9.96,0.0,11.08,9.44,1.0,43.94,0.637,5.08,3.27,1.0,6.3,69.44,2.0,33.1
40.53,0.0,8.37,37.34,0.0,18.72,1.66,6.85,3.54,1.0,7.93,72.37,2.0,35.5
51.46,0.0,5.55,21.46,0.0,7.97,1.279,12.14,4.71,0.0,3.61,68.37,2.0,32.9
22.01,0.0,5.47,13.54,0.0,38.49,1.479,18.16,4.5,0.0,2.17,98.86,4.0,31.0
24.07,8.04,6.56,35.53,0.0,17.49,0.584,17.38,2.49,0.0,6.34,76.64,8.0,28.2
47.32,15.32,6.37,23.61,0.0,13.76,2.406,2.93,6.55,0.0,2.49,49.86,4.0,39.8
24.61,0.0,7.32,31.17,0.0,15.58,0.667,8.68,7.46,1.0,4.09,46.19,8.0,30.6
19.24,0.0,10.44,13.54,0.0,1.79,1.143,11.78,4.02,0.0,3.72,79.39,4.0,21.5
41.79,11.38,7.44,14.12,0.0,15.82,0.551,28.6,9.82,1.0,10.0,74.17,2.0,31.5
42.89,0.0,8.19,19.27,1.0,2.99,0.675,14.89,3.4,1.0,6.18,64.82,2.0,36.7
23.44,11.94,7.88,16.51,0.0,74.35,0.551,3.46,5.03,0.0,8.33,32.7,2.0,32.5
42.13,0.0,4.96,33.71,1.0,85.67,1.354,20.62,2.14,1.0,6.76,62.6,2.0,66.3
15.27,0.0,7.55,19.41,0.0,5.69,0.831,5.97,3.95,0.0,5.17,58.09,2.0,16.5
25.94,0.0,6.14,16.32,1.0,9.6,0.73,15.84,9.04,1.0,7.45,53.45,2.0,42.9
31.03,0.0,8.84,16.02,0.0,9.43,0.673,17.52,5.77,1.0,5.74,87.07,4.0,13.4
13.4,13.64,4.91,43.63,0.0,3.79,2.192,9.94,5.11,0.0,5.05,63.09,4.0,32.9
15.91,0.0,8.69,18.53,0.0,60.02,0.74,3.58,3.16,0.0,6.09,48.17,2.0,27.0
19.28,0.0,8.09,35.22,1.0,15.26,0.959,7.68,1.92,1.0,7.41,66.03,2.0,35.6
37.07,1.92,8.86,13.83,0.0,17.82,0.557,10.62,7.72,1.0,5.72,62.86,2.0,16.9
49.97,10.26,3.88,19.11,0.0,5.37,1.446,18.74,5.87,0.0,6.89,80.58,2.0,41.9
50.03,0.0,8.4,35.86,0.0,13.45,1.99,10.05,3.19,0.0,1.13,65.45,4.0,29.8
44.01,7.62,4.63,14.87,0.0,12.24,1.704,12.84,3.02,0.0,6.28,62.14,4.0,34.5
17.77,0.0,6.54,8.55,0.0,92.24,0.274,8.0,6.2,0.0,5.83,79.99,2.0,25.2
61.49,0.0,6.87,18.69,0.0,5.46,1.056,13.82,7.22,0.0,5.16,77.39,4.0,24.3
3.01,0.0,11.3,6.5,0.0,17.41,1.154,3.71,1.81,1.0,9.32,82.26,2.0,23.5
42.38,0.0,6.05,22.81,0.0,7.95,1.444,13.57,4.89,1.0,7.78,83.59,8.0,28.3
35.49,0.0,4.38,24.33,0.0,19.94,0.377,2.56,5.52,0.0,0.0,60.64,8.0,29.7
7.63,0.0,6.88,13.18,1.0,16.64,0.293,4.84,5.24,0.0,6.62,66.22,2.0,33.3
22.27,0.0,7.56,12.76,1.0,16.69,0.56,7.84,4.71,0.0,5.02,68.19,2.0,32.0
29.81,0.0,11.84,17.64,0.0,4.35,1.475,10.48,1.8,0.0,5.25,100.0,4.0,16.4
9.97,0.0,9.48,33.13,0.0,8.3,0.735,14.18,5.15,1.0,7.49,37.32,4.0,27.7
26.45,17.28,4.63,16.53,1.0,2.44,0.584,5.29,6.73,1.0,7.2,66.95,2.0,43.3
11.85,0.0,8.36,9.64,0.0,7.53,1.465,9.36,1.88,0.0,2.74,71.73,2.0,19.2
30.63,0.0,11.22,7.97,0.0,52.62,1.372,5.16,5.36,1.0,5.8,38.68,2.0,27.2
32.87,7.24,6.66,17.33,0.0,12.65,1.43,5.18,5.93,1.0,8.73,36.62,4.0,33.5
6.77,0.0,8.34,24.22,1.0,59.92,0.547,5.9,2.55,0.0,4.94,50.19,2.0,36.3
26.14,0.0,7.4,7.76,1.0,5.84,0.261,15.13,3.64,1.0,7.34,74.83,2.0,25.5
38.03,0.0,9.25,11.87,0.0,50.7,1.055,11.83,3.1,0.0,6.35,75.72,4.0,24.4
3.39,0.0,7.85,6.8,0.0,2.21,0.355,7.16,5.08,0.0,4.54,91.59,2.0,0.9
35.12,7.28,8.82,13.89,0.0,3.39,2.053,1.22,2.57,1.0,9.19,75.81,2.0,30.0
39.2,11.11,8.62,20.57,0.0,7.33,1.289,15.08,1.27,1.0,7.45,60.08,8.0,33.8
58.78,4.33,7.94,51.93,1.0,8.57,0.712,7.55,5.96,0.0,2.78,68.51,2.0,48.9
33.34,0.0,7.55,11.43,0.0,7.64,0.527,15.59,7.32,1.0,6.34,59.65,4.0,24.7
12.08,0.0,5.84,8.01,0.0,3.05,0.513,12.07,4.33,0.0,4.21,75.91,8.0,20.5
30.7,0.0,7.63,16.1,1.0,5.6,2.981,3.32,0.69,1.0,7.13,62.5,2.0,56.7
32.24,0.0,6.7,12.64,1.0,78.61,1.531,8.88,2.41,0.0,2.84,55.62,2.0,47.2
43.15,0.0,6.15,21.5,0.0,1.68,2.385,2.0,3.87,1.0,10.0,80.44,2.0,43.6
52.7,2.5,6.64,28.21,0.0,1.0,0.527,5.86,5.4,0.0,6.66,55.36,4.0,22.1
29.5,4.13,8.58,12.51,0.0,31.9,0.683,8.46,3.28,0.0,5.48,84.04,2.0,27.5
24.68,0.0,7.01,26.07,1.0,4.0,2.179,3.49,5.49,0.0,5.2,47.05,2.0,36.2
29.24,3.04,5.01,14.16,0.0,6.06,2.703,27.59,3.06,1.0,8.93,73.73,8.0,46.8
22.63,0.0,6.4,10.19,0.0,35.88,1.575,17.4,7.55,1.0,3.95,50.1,4.0,37.7
32.64,10.38,10.16,9.87,1.0,3.69,2.048,9.27,1.63,0.0,5.62,91.67,2.0,45.0
11.59,0.0,9.75,19.24,1.0,59.15,0.787,1.57,4.48,0.0,2.56,57.7,2.0,37.1
41.72,0.0,5.83,22.94,0.0,18.48,0.685,4.61,3.69,1.0,8.8,68.01,8.0,41.8
35.43,0.0,10.52,11.75,1.0,8.24,1.985,3.85,5.35,0.0,3.28,64.86,2.0,33.0
30.47,0.0,7.61,11.58,0.0,4.25,1.118,10.59,2.01,0.0,5.62,76.53,2.0,22.2
12.57,0.0,13.18,14.76,0.0,13.9,3.466,6.41,5.25,0.0,8.89,64.75,8.0,29.0
10.75,3.58,8.77,18.17,1.0,4.08,0.221,12.56,3.77,1.0,9.24,42.12,2.0,34.5
47.44,0.0,8.71,24.76,0.0,13.62,1.147,11.73,5.42,0.0,2.96,63.52,4.0,21.7
58.93,5.92,8.2,31.01,1.0,38.99,1.197,4.6,3.71,1.0,7.45,80.68,2.0,49.5
34.1,4.17,10.45,54.64,0.0,16.0,2.589,5.69,7.44,0.0,5.14,68.97,2.0,27.9
63.85,0.0,6.21,36.14,0.0,5.09,0.95,9.71,4.93,0.0,4.89,35.83,4.0,31.2
44.64,12.34,8.98,27.86,1.0,6.41,1.072,8.73,4.21,0.0,8.35,71.36,2.0,42.5
13.85,11.78,5.92,9.12,1.0,5.04,1.587,5.44,4.3,0.0,4.88,69.09,2.0,42.4
30.55,0.0,7.36,10.18,1.0,91.69,1.686,20.54,4.37,1.0,10.0,67.56,2.0,57.0
21.85,0.0,8.36,32.71,0.0,19.52,0.254,0.86,6.36,0.0,3.72,82.26,2.0,10.6
35.17,0.0,9.79,14.75,0.0,8.4,1.065,1.16,5.1,0.0,5.16,54.85,2.0,17.1
28.03,14.73,5.73,20.99,1.0,87.64,0.692,9.05,4.37,1.0,7.03,52.8,2.0,57.9
38.09,0.0,11.16,11.11,0.0,11.6,0.9,14.78,6.6,0.0,5.58,52.05,2.0,12.3
40.4,0.0,10.44,10.96,0.0,7.07,1.824,4.98,9.58,0.0,6.62,66.69,4.0,20.1
17.29,0.0,8.56,24.35,1.0,2.24,1.291,2.09,3.51,0.0,7.62,60.97,2.0,36.0
26.66,0.0,6.27,11.09,0.0,64.72,1.099,1.44,5.51,0.0,4.81,56.7,8.0,26.7
31.63,0.0,10.05,21.78,0.0,75.77,0.988,2.18,3.22,0.0,4.62,51.56,4.0,34.2
37.19,0.0,3.69,13.78,1.0,8.65,0.612,3.24,6.12,1.0,6.88,78.66,2.0,47.8
49.17,12.38,7.52,27.49,0.0,15.29,2.024,2.0,7.85,0.0,6.87,99.87,8.0,32.8
12.5,4.32,6.46,12.03,1.0,13.56,0.544,23.32,1.95,1.0,4.56,62.16,2.0,40.8
15.28,0.0,11.05,11.32,0.0,9.19,0.882,0.72,5.72,0.0,4.11,79.87,4.0,16.5
14.59,0.0,5.79,16.43,1.0,18.99,0.642,6.7,1.32,0.0,8.62,57.07,2.0,40.9
46.82,3.93,5.8,26.29,0.0,66.59,0.685,4.73,3.71,1.0,2.79,0.0,2.0,50.1
37.73,0.0,8.74,14.33,0.0,33.48,0.503,7.87,4.79,1.0,8.81,68.02,2.0,23.1
15.44,2.88,9.39,17.83,0.0,7.5,2.571,3.13,6.33,0.0,7.39,72.09,4.0,30.4
27.53,3.92,6.45,21.81,0.0,0.44,0.619,6.83,2.63,0.0,6.91,100.0,4.0,20.2
6.28,0.0,8.15,21.3,0.0,57.67,0.102,1.75,2.3,1.0,5.98,71.52,2.0,22.6
8.38,0.0,10.65,27.15,0.0,14.9,1.179,6.04,3.35,1.0,9.07,61.31,8.0,25.8
11.31,0.0,10.67,12.07,0.0,4.46,2.525,12.25,5.37,0.0,6.23,38.0,8.0,33.4
44.46,1.64,6.77,15.63,0.0,79.19,2.872,13.83,1.73,1.0,8.16,62.77,2.0,61.3
40.2,3.29,6.19,13.47,0.0,51.46,0.954,13.7,10.0,1.0,4.81,78.57,8.0,32.6
16.18,0.0,5.78,9.33,0.0,1.09,1.418,14.78,3.43,0.0,4.47,100.0,8.0,20.7
18.46,0.0,8.95,10.36,0.0,5.31,0.593,1.57,3.04,1.0,7.19,71.04,8.0,11.8
11.44,0.0,10.28,9.56,0.0,69.84,3.694,3.13,2.06,0.0,10.0,73.26,4.0,41.9
12.37,7.08,8.08,12.09,0.0,0.16,0.578,6.05,6.1,0.0,2.56,70.91,4.0,12.7
17.13,2.66,6.32,15.27,0.0,18.41,0.449,19.31,3.79,0.0,4.84,79.09,8.0,30.6
31.29,3.52,11.21,19.39,0.0,75.22,1.784,11.66,6.22,1.0,7.79,64.3,4.0,41.4
26.74,0.0,3.99,24.29,0.0,14.55,1.932,0.78,5.74,1.0,7.07,44.15,8.0,30.4
4.0,0.0,10.64,28.11,1.0,81.66,0.666,15.39,9.16,1.0,7.33,58.45,2.0,40.7
12.92,3.66,8.61,14.89,0.0,5.08,1.403,10.02,2.37,0.0,1.75,64.55,2.0,18.6
34.54,0.0,8.9,14.39,0.0,3.27,1.007,10.82,4.85,0.0,5.56,72.63,8.0,22.6
30.38,0.0,6.51,24.91,0.0,1.14,0.269,10.59,4.43,1.0,4.87,85.32,8.0,24.4
18.2,0.0,8.15,20.99,0.0,11.23,0.548,5.2,0.45,0.0,4.9,82.78,4.0,15.6
34.77,0.0,8.54,13.87,1.0,17.61,0.443,1.26,5.97,0.0,4.85,60.16,2.0,35.9
18.53,0.0,8.27,21.3,0.0,3.05,0.984,14.39,4.32,1.0,9.7,72.75,8.0,29.9
40.39,0.0,4.2,13.48,1.0,4.8,1.302,2.53,6.59,1.0,2.25,56.69,2.0,39.6
33.04,9.33,10.31,10.84,0.0,2.98,0.952,4.92,5.34,0.0,0.79,47.71,4.0,32.4
20.28,9.37,8.57,8.7,0.0,12.46,0.218,8.48,4.82,1.0,5.73,57.03,8.0,25.6
66.09,3.88,6.62,34.14,0.0,15.25,1.118,3.4,7.88,1.0,8.79,63.62,8.0,34.6
24.31,0.0,8.47,13.46,0.0,64.98,1.518,3.17,3.36,0.0,5.62,67.57,4.0,27.9
45.39,4.55,10.46,30.74,0.0,4.73,2.448,3.34,6.77,0.0,4.98,100.0,4.0,31.1
43.08,0.0,6.22,39.76,0.0,14.01,1.122,11.04,5.74,0.0,7.73,75.33,4.0,37.2
11.35,0.0,6.72,30.7,0.0,9.01,0.181,4.05,8.55,1.0,5.37,48.8,4.0,17.1
17.73,0.0,10.17,9.45,0.0,19.79,0.641,2.53,4.46,0.0,3.87,70.44,4.0,20.5
52.04,0.0,8.36,20.7,0.0,66.57,1.535,5.88,9.93,0.0,6.09,56.56,2.0,42.6
19.82,0.0,6.39,14.2,1.0,2.05,0.497,9.73,3.99,0.0,5.7,92.18,2.0,36.3
31.93,0.0,10.22,40.22,1.0,6.09,2.456,9.21,5.93,0.0,3.59,58.27,2.0,49.7
16.05,0.0,9.11,8.92,0.0,13.55,0.798,1.17,3.64,0.0,3.91,74.39,4.0,14.5
35.69,0.0,6.13,30.91,1.0,13.97,2.299,11.96,6.82,1.0,5.46,87.63,2.0,45.6
16.44,0.0,9.49,17.99,0.0,7.84,0.558,2.16,3.81,0.0,2.42,67.67,4.0,12.4
42.08,1.08,8.29,10.84,0.0,5.95,0.59,4.6,10.0,1.0,5.88,57.77,4.0,16.8
33.58,0.0,7.82,15.52,1.0,32.15,0.732,8.54,5.41,1.0,2.97,81.36,2.0,34.6
36.22,0.0,8.68,12.21,0.0,6.46,1.545,4.08,4.8,0.0,4.71,64.84,2.0,15.9
47.94,0.0,8.81,18.87,0.0,53.12,1.414,24.19,2.95,0.0,4.63,91.36,4.0,46.6
31.69,0.0,9.88,8.28,0.0,47.32,1.784,3.45,0.57,1.0,7.21,60.64,4.0,32.4
21.78,0.0,8.56,39.24,0.0,3.26,1.854,5.37,5.71,1.0,9.5,67.35,4.0,25.3
10.1,0.0,8.16,8.77,0.0,4.41,0.68,14.95,2.62,1.0,6.75,80.19,8.0,19.7
42.06,0.0,8.22,17.47,0.0,4.62,2.166,6.11,6.59,1.0,5.28,73.37,4.0,27.1
48.01,0.0,9.94,43.32,0.0,3.44,0.52,20.39,0.0,0.0,4.49,48.8,4.0,29.9
59.95,0.0,8.46,17.04,0.0,10.05,2.374,7.44,2.62,1.0,4.97,57.23,8.0,41.8
39.02,0.0,7.18,24.1,0.0,13.26,1.248,2.56,5.16,0.0,5.95,57.3,8.0,30.1
12.53,8.66,7.7,7.51,1.0,17.4,2.429,20.68,8.06,1.0,8.59,43.27,2.0,49.8
55.5,0.0,10.67,14.77,1.0,10.47,1.188,9.04,4.81,0.0,6.66,54.41,2.0,40.4
19.56,4.0,9.43,20.8,0.0,1.05,1.182,8.64,5.36,0.0,7.63,74.14,4.0,17.8
20.05,0.0,8.7,30.66,0.0,6.58,1.52,9.37,2.51,0.0,1.82,80.83,4.0,26.7
35.35,3.55,9.79,17.58,0.0,43.56,1.134,38.65,4.96,0.0,4.03,61.28,2.0,38.5
18.11,4.84,6.79,22.52,1.0,14.34,0.6,4.58,4.07,1.0,10.0,83.47,2.0,39.5
36.94,0.0,8.55,14.13,1.0,55.52,2.196,11.13,8.59,0.0,7.04,46.75,2.0,50.8
21.31,14.63,10.36,20.1,0.0,15.12,0.812,3.97,0.48,0.0,6.02,100.0,8.0,23.5
48.62,0.0,8.85,21.69,0.0,14.7,1.61,6.35,6.59,1.0,6.75,91.11,2.0,33.0
39.29,0.0,11.06,15.33,0.0,14.97,0.603,6.39,3.42,0.0,7.49,80.85,8.0,27.2
11.97,8.14,7.5,5.97,0.0,13.31,0.895,10.44,4.54,0.0,4.36,74.37,8.0,27.1
42.01,0.0,6.79,35.77,0.0,4.65,2.061,2.85,4.54,0.0,3.9,38.74,2.0,29.1
23.98,13.48,8.98,15.86,0.0,11.73,1.507,11.94,3.87,0.0,5.51,94.63,2.0,25.7
63.56,0.0,3.44,22.37,0.0,5.53,1.472,1.42,2.59,1.0,6.79,55.85,2.0,42.5
22.51,0.0,8.69,12.97,0.0,18.32,0.342,12.76,1.57,0.0,3.63,64.7,2.0,20.1
36.28,0.0,9.97,24.23,1.0,1.04,1.371,1.31,10.0,0.0,3.8,61.04,2.0,37.1
26.53,0.0,9.33,24.14,0.0,13.54,0.591,4.4,4.66,1.0,9.06,64.7,8.0,17.9
15.82,0.0,4.32,13.54,0.0,17.42,0.982,9.39,2.72,1.0,10.0,67.17,8.0,24.3
25.37,0.0,5.55,20.44,0.0,6.7,1.725,10.32,6.55,1.0,8.01,100.0,2.0,30.5
39.8,0.0,7.58,16.82,0.0,5.07,0.472,8.52,6.9,0.0,3.86,66.06,8.0,20.8
23.25,0.0,9.25,13.57,0.0,2.24,1.306,13.08,5.05,0.0,4.73,66.93,8.0,26.7
15.8,0.0,9.55,20.08,1.0,10.36,1.352,6.51,2.74,1.0,5.04,78.93,2.0,35.2
38.28,19.4,5.51,16.2,0.0,57.36,0.613,4.74,7.06,1.0,4.61,66.17,4.0,33.2
18.14,0.0,9.92,7.24,1.0,57.13,0.977,7.16,3.16,1.0,7.46,73.92,2.0,41.8
39.74,2.99,8.32,25.36,0.0,92.34,1.033,3.51,2.98,0.0,4.77,83.35,4.0,35.2
35.46,0.0,7.68,22.06,1.0,2.59,0.492,10.33,2.61,0.0,7.4,63.0,2.0,35.1
30.16,4.54,8.63,27.51,0.0,13.84,0.712,8.15,2.57,1.0,8.62,91.75,2.0,30.6
42.67,6.13,5.69,25.9,0.0,18.35,0.892,12.61,6.59,1.0,3.36,67.57,8.0,36.8
56.18,4.22,8.08,26.93,0.0,18.62,2.045,3.6,3.81,0.0,7.98,56.51,2.0,32.1
33.82,4.48,5.75,10.7,0.0,2.98,1.518,6.79,10.0,0.0,4.14,55.09,2.0,22.8
19.57,0.0,9.39,14.24,0.0,16.46,1.353,5.29,5.56,1.0,5.95,78.0,4.0,25.3
47.54,0.0,8.5,17.68,0.0,14.95,1.554,1.62,5.29,0.0,4.57,75.37,2.0,22.7
39.92,5.7,6.52,25.11,0.0,19.23,1.865,3.7,5.54,1.0,6.81,63.93,4.0,36.9
35.53,10.55,7.94,42.61,1.0,4.93,0.552,7.03,3.71,1.0,4.16,77.62,2.0,43.7
7.54,2.23,11.59,19.12,1.0,11.52,0.466,3.19,6.85,0.0,6.1,59.09,2.0,34.5
40.42,0.0,5.75,12.15,0.0,74.37,1.934,0.3,3.11,0.0,3.97,88.54,4.0,36.2
25.24,0.0,10.15,18.57,0.0,16.57,0.909,3.72,3.93,1.0,4.74,55.75,2.0,25.6
3.67,0.0,11.06,6.75,0.0,1.51,0.835,8.26,6.92,0.0,7.04,70.48,4.0,12.0
1.72,0.0,8.53,16.9,0.0,10.45,0.272,7.08,7.99,0.0,2.67,35.34,2.0,11.2
18.18,0.0,10.06,23.29,0.0,9.01,0.441,33.41,9.56,0.0,5.72,93.92,4.0,17.7
3.87,4.68,7.81,10.06,0.0,19.68,1.774,7.59,4.02,0.0,4.08,92.97,4.0,21.5
30.14,0.0,10.61,14.23,0.0,16.42,2.272,3.38,6.2,0.0,7.52,64.19,8.0,37.8
7.11,0.0,3.31,14.63,0.0,19.11,0.704,11.33,1.01,0.0,6.3,66.62,4.0,30.3
22.79,0.0,11.21,10.86,0.0,13.9,4.66,10.76,8.46,1.0,9.03,44.38,2.0,41.5
20.19,0.0,6.17,24.24,0.0,36.59,0.863,6.95,4.63,1.0,3.01,56.19,4.0,27.1
14.94,2.04,8.49,19.07,1.0,13.26,1.946,1.1,6.55,1.0,5.85,67.94,2.0,37.8
20.34,0.0,6.76,11.52,1.0,16.69,1.121,7.15,6.41,1.0,6.58,64.81,2.0,30.3
20.04,0.0,11.39,8.2,1.0,5.9,0.749,10.36,6.04,0.0,5.65,34.5,2.0,24.4
45.2,0.0,7.19,23.04,0.0,11.66,1.545,12.65,3.61,1.0,9.48,67.95,4.0,46.0
60.56,14.32,4.38,37.22,1.0,2.03,0.732,5.88,3.38,0.0,1.61,60.4,2.0,57.3
49.41,0.0,9.76,30.49,0.0,2.93,2.422,7.5,7.01,0.0,5.52,46.69,4.0,28.8
10.93,6.96,9.3,5.38,0.0,7.97,0.612,1.67,3.87,1.0,5.24,47.72,2.0,19.4
42.96,0.0,7.04,24.8,1.0,10.38,1.125,14.03,3.46,0.0,4.5,47.2,2.0,49.0
48.71,0.0,5.56,27.51,0.0,8.57,0.84,5.91,4.76,0.0,2.84,79.88,4.0,30.1
5.62,0.0,6.58,9.25,0.0,38.1,0.945,6.52,4.7,1.0,10.0,97.34,4.0,15.0
18.63,0.0,10.99,14.57,1.0,16.13,0.71,15.56,4.07,1.0,8.45,100.0,2.0,29.5
40.54,0.0,8.62,27.52,0.0,5.93,0.989,5.85,4.68,0.0,4.56,58.45,2.0,20.9
16.61,0.0,8.85,15.02,0.0,18.27,0.678,7.81,5.6,0.0,3.67,38.27,4.0,16.4
47.75,1.39,8.38,16.14,0.0,4.75,0.475,4.11,2.78,0.0,6.39,57.76,4.0,21.3
35.24,0.0,4.05,15.13,1.0,13.29,1.273,13.27,2.44,1.0,6.56,47.34,2.0,47.6
37.16,0.86,7.13,13.62,0.0,9.14,0.73,15.03,6.25,0.0,5.75,22.78,4.0,31.8
52.9,0.0,6.82,32.31,0.0,0.41,1.842,1.79,5.9,0.0,5.63,78.51,2.0,28.5
45.63,7.35,8.71,25.03,0.0,12.19,0.767,10.02,4.25,0.0,4.04,56.15,8.0,26.1
10.58,0.0,5.74,4.87,0.0,0.63,0.682,2.83,3.77,0.0,6.22,69.24,4.0,16.2
17.23,0.0,10.59,17.68,0.0,1.08,1.252,14.3,6.75,1.0,5.7,67.53,8.0,22.6
31.56,0.0,11.64,28.15,1.0,13.23,1.331,7.6,2.41,0.0,2.75,56.97,2.0,46.4
16.25,0.0,5.07,11.96,0.0,9.95,0.472,8.98,2.5,1.0,7.5,21.9,4.0,27.9
35.05,0.0,7.98,21.41,1.0,17.65,0.933,13.35,3.31,0.0,7.03,47.9,2.0,43.9
34.95,4.77,8.38,19.2,0.0,9.06,0.382,2.78,0.0,0.0,2.42,43.75,8.0,21.8
10.86,0.0,10.42,5.69,1.0,60.73,0.254,6.47,9.36,1.0,10.0,42.71,2.0,32.0
31.72,13.79,2.06,21.35,1.0,0.41,1.337,2.4,2.13,1.0,4.86,57.8,2.0,62.6
14.93,0.0,9.23,9.42,0.0,93.52,1.041,12.12,7.25,0.0,5.6,61.08,4.0,28.2
19.7,0.0,7.97,33.37,0.0,4.39,2.066,2.19,5.63,1.0,10.0,63.79,4.0,21.5
31.58,9.13,6.39,10.64,0.0,3.79,1.673,5.16,5.83,0.0,2.34,55.87,8.0,30.8
44.14,0.0,11.81,20.5,0.0,9.71,0.709,4.37,8.66,0.0,2.74,66.56,8.0,15.7
12.05,0.0,8.21,24.19,0.0,13.04,1.862,15.76,6.0,1.0,9.74,65.84,4.0,28.6
44.11,0.0,8.58,17.45,1.0,12.49,1.797,18.04,4.88,0.0,8.17,88.56,2.0,38.0
34.45,13.45,6.11,21.81,0.0,7.07,0.856,10.43,8.27,0.0,1.59,100.0,2.0,27.3
31.74,0.0,8.53,82.75,1.0,12.3,0.981,8.36,0.27,0.0,3.51,35.65,2.0,44.7
22.01,0.0,9.45,25.5,1.0,9.02,1.047,2.12,7.81,1.0,6.07,78.5,2.0,30.4
32.41,0.0,9.81,21.89,0.0,4.16,0.979,5.85,5.21,0.0,3.85,37.82,4.0,26.9
13.43,0.0,7.04,21.39,0.0,0.74,1.11,11.75,4.82,0.0,5.78,78.82,2.0,21.0
21.35,0.0,8.66,19.73,1.0,13.07,0.286,5.83,4.46,0.0,5.25,33.92,2.0,34.9
44.19,0.0,8.05,15.05,0.0,12.0,0.798,8.64,5.78,0.0,1.95,59.96,2.0,29.3
33.78,5.1,4.08,21.31,0.0,10.07,0.453,0.48,3.91,0.0,7.84,49.03,8.0,34.1
35.8,4.12,5.52,53.01,0.0,9.04,0.671,3.13,2.88,1.0,4.31,67.61,8.0,25.3
77.04,0.0,8.47,44.04,1.0,10.08,1.582,10.7,5.17,0.0,6.2,52.88,2.0,51.8
20.22,0.0,7.47,12.42,0.0,2.26,1.099,1.99,6.56,1.0,2.33,66.61,2.0,15.4
37.04,9.19,12.01,17.48,0.0,13.63,1.227,3.36,4.73,0.0,2.94,61.4,4.0,19.7
11.53,0.0,10.58,49.17,1.0,17.2,2.033,0.87,6.06,0.0,2.86,80.67,2.0,37.5
53.9,13.26,6.7,22.93,0.0,2.29,1.281,6.75,6.58,0.0,9.25,64.42,8.0,28.1
25.45,2.66,10.94,12.91,0.0,15.41,0.835,3.3,6.46,1.0,5.74,100.0,4.0,15.6
29.14,4.34,9.15,11.42,0.0,8.38,0.965,16.97,6.26,1.0,7.83,59.37,2.0,20.9
5.63,0.0,9.2,12.6,0.0,82.49,0.098,9.23,6.37,1.0,8.56,64.06,8.0,30.0
25.43,0.0,5.41,12.5,0.0,10.09,1.223,9.28,5.64,0.0,6.29,43.31,2.0,20.9
11.66,12.27,8.51,13.7,0.0,47.57,0.474,2.62,0.31,1.0,6.0,59.64,2.0,28.6
63.79,0.0,9.88,29.42,0.0,8.22,2.081,7.39,3.42,0.0,4.34,56.04,8.0,44.5
24.36,0.0,7.08,33.27,0.0,2.44,0.382,1.8,4.4,0.0,6.34,82.79,2.0,11.0
14.95,0.0,4.9,11.81,0.0,0.35,1.206,3.42,6.81,0.0,5.37,76.08,4.0,20.6
25.27,0.0,6.1,6.93,0.0,0.61,1.38,20.45,3.94,1.0,10.0,69.97,2.0,22.7
17.1,0.0,12.01,11.96,0.0,19.2,2.575,2.51,7.15,1.0,2.37,52.74,2.0,21.7
1.77,0.0,9.11,8.22,0.0,19.8,0.934,5.42,8.15,1.0,9.22,79.44,2.0,10.7
26.83,10.24,9.89,13.91,1.0,0.79,1.975,4.62,9.83,0.0,5.51,76.29,2.0,43.9
12.0,0.0,8.68,12.09,0.0,3.8,0.435,14.22,6.39,0.0,8.63,94.52,2.0,8.1
27.32,12.23,5.72,7.9,0.0,9.75,1.279,2.21,3.54,0.0,9.73,5.43,4.0,33.7
51.98,11.16,10.37,15.89,0.0,31.25,1.48,7.58,5.86,0.0,4.87,76.09,2.0,32.5
42.47,0.0,6.98,17.51,1.0,3.45,3.123,0.77,6.83,0.0,5.91,76.93,2.0,42.1
48.53,16.81,5.03,32.1,0.0,4.25,1.761,8.43,1.7,0.0,4.25,66.58,4.0,46.9
31.41,0.0,8.98,17.51,0.0,10.28,2.185,13.34,7.63,1.0,9.12,85.39,2.0,27.1
26.19,9.81,6.46,21.9,0.0,0.99,0.706,5.9,3.89,1.0,9.17,81.23,8.0,26.7
8.78,0.0,10.29,4.63,0.0,10.67,0.913,7.21,5.45,0.0,4.36,56.73,8.0,16.3
35.72,0.0,8.82,13.63,1.0,35.63,0.947,7.95,2.74,1.0,8.56,40.97,2.0,41.8
51.54,1.44,8.25,15.13,0.0,76.88,2.873,2.98,7.35,0.0,4.89,66.27,4.0,48.6
29.42,0.0,6.88,10.92,0.0,10.82,0.407,5.16,0.92,0.0,3.34,81.34,4.0,22.2
72.79,10.61,2.22,22.71,0.0,7.41,1.823,2.77,4.87,0.0,5.63,43.58,4.0,60.4
29.69,14.68,4.68,39.67,0.0,15.38,0.611,8.29,3.9,0.0,6.16,64.47,8.0,40.2
47.83,0.0,6.08,14.31,1.0,18.04,2.223,2.65,6.73,1.0,8.28,49.38,2.0,48.9
20.1,0.0,8.98,13.52,0.0,9.66,1.026,5.13,4.07,0.0,3.25,84.47,4.0,13.9
20.31,0.0,6.76,9.98,0.0,16.91,0.721,2.27,7.74,0.0,4.61,79.95,2.0,20.9
17.74,7.43,4.65,10.53,0.0,8.54,1.022,4.73,4.36,0.0,1.79,63.0,4.0,24.7
16.27,0.0,6.22,5.77,1.0,9.0,0.256,2.59,6.34,0.0,5.32,60.43,2.0,29.4
50.49,0.0,8.26,17.69,0.0,11.55,2.036,1.93,6.54,0.0,5.21,76.58,2.0,24.7
8.61,0.0,10.12,18.43,0.0,8.65,1.853,7.42,5.85,0.0,2.2,68.67,8.0,20.5
14.24,0.0,7.56,11.98,0.0,5.02,1.443,10.46,6.19,0.0,2.14,60.97,8.0,21.7
65.65,2.37,5.95,29.47,0.0,78.91,1.821,15.74,1.51,0.0,6.18,22.14,8.0,67.6
44.56,0.0,8.89,13.84,0.0,19.09,0.911,2.98,3.74,0.0,7.6,49.45,4.0,40.0
22.78,0.0,8.65,23.62,1.0,10.9,0.407,4.59,3.9,1.0,5.35,89.2,2.0,29.8
33.06,0.0,10.38,17.23,0.0,15.78,1.284,9.88,6.46,0.0,4.75,97.05,2.0,18.3
24.66,0.0,7.94,12.4,0.0,4.55,0.488,5.89,7.59,0.0,2.03,62.36,8.0,15.1
45.33,0.0,5.98,18.48,1.0,13.87,0.58,11.55,5.61,0.0,6.81,71.5,2.0,44.4
16.29,12.92,9.13,14.15,0.0,6.16,1.07,7.4,4.33,0.0,8.0,64.28,8.0,24.3
14.3,0.0,7.95,13.29,1.0,3.44,1.304,3.58,5.05,1.0,4.74,59.03,2.0,27.4
21.15,0.0,6.79,32.46,0.0,9.75,1.041,4.44,5.67,0.0,2.18,57.02,4.0,15.5
49.3,7.99,8.35,22.77,0.0,0.61,2.406,6.01,4.82,0.0,4.6,39.42,4.0,43.2
9.66,0.0,11.61,12.5,0.0,5.83,1.436,3.57,3.54,0.0,5.41,68.54,4.0,15.9
44.04,10.39,6.8,19.08,0.0,4.48,0.428,3.13,2.45,1.0,4.44,74.57,4.0,21.8
26.48,0.0,6.2,18.64,0.0,76.78,0.48,9.74,2.78,0.0,2.56,51.68,8.0,46.0
17.82,0.0,11.53,23.85,0.0,9.92,2.376,8.05,2.47,0.0,7.09,88.03,8.0,30.5
50.69,0.0,8.23,13.5,0.0,72.64,1.383,0.35,5.37,0.0,1.64,41.1,8.0,35.3
13.86,0.0,9.02,4.14,1.0,50.4,1.033,16.59,3.6,0.0,1.96,47.29,2.0,36.7
44.73,8.31,5.85,18.95,0.0,41.95,0.471,3.12,6.39,0.0,4.68,40.25,8.0,41.9
42.33,22.67,7.27,14.78,0.0,0.9,1.507,10.4,0.11,0.0,8.72,97.28,8.0,30.4
27.49,7.54,5.05,16.47,0.0,42.91,0.753,6.04,3.22,0.0,3.98,48.5,8.0,30.8
72.8,0.0,4.41,28.01,1.0,85.96,1.0,9.05,4.61,1.0,4.62,54.92,2.0,69.1
10.99,0.0,12.46,10.41,0.0,19.81,0.424,7.83,5.37,0.0,6.06,50.42,4.0,12.8
16.23,6.94,5.96,27.77,0.0,10.39,0.534,3.62,5.17,0.0,7.25,82.79,2.0,15.7
37.29,2.52,9.5,13.07,1.0,16.98,1.035,3.17,7.15,0.0,7.73,80.04,2.0,37.0
50.06,4.19,9.75,17.2,0.0,9.18,0.75,2.0,8.27,1.0,7.76,69.03,8.0,27.0
60.98,9.11,6.5,44.47,1.0,4.06,1.449,8.34,6.01,1.0,8.19,69.32,2.0,43.4
51.66,1.67,5.49,15.14,1.0,16.78,0.736,11.37,5.27,0.0,6.23,72.44,2.0,47.9
39.2,0.0,9.08,16.99,0.0,0.93,1.825,3.64,6.18,1.0,7.42,74.42,4.0,17.1
53.75,15.98,8.25,19.91,0.0,11.88,2.376,7.82,4.78,0.0,8.66,82.45,4.0,38.6
7.42,5.2,8.84,15.73,0.0,18.73,0.706,1.95,7.64,1.0,7.14,47.59,8.0,16.4
14.5,0.0,7.07,12.19,1.0,5.43,1.238,8.6,4.91,1.0,6.85,84.88,2.0,35.8
9.15,0.0,9.34,4.12,1.0,47.9,0.122,1.94,4.58,0.0,6.75,46.19,2.0,32.9
29.11,13.53,3.73,12.79,0.0,71.79,0.492,14.12,6.09,1.0,7.43,59.17,8.0,43.8
36.85,7.2,5.08,14.07,0.0,10.06,0.54,8.5,3.53,1.0,10.0,53.46,4.0,30.2
12.07,0.0,8.12,19.17,0.0,12.74,0.354,5.61,8.38,0.0,8.98,67.12,2.0,12.4
38.05,0.0,7.98,38.63,0.0,10.21,0.536,6.98,1.69,0.0,3.1,72.18,2.0,18.8
26.52,0.0,5.8,30.37,0.0,71.0,1.427,8.16,2.73,0.0,6.63,72.41,4.0,35.8
26.41,0.0,8.71,14.91,1.0,8.59,0.282,1.07,7.41,0.0,5.09,92.04,2.0,23.0
32.54,0.0,9.07,28.45,0.0,16.68,3.585,8.03,8.59,1.0,7.68,71.09,8.0,41.0
27.39,0.0,7.75,27.46,0.0,18.88,1.202,3.36,9.38,0.0,7.35,46.52,2.0,16.0
25.48,3.49,3.5,40.37,0.0,54.11,1.513,7.93,3.82,0.0,4.45,48.95,4.0,41.2
7.95,6.98,8.13,8.13,1.0,12.74,0.348,11.84,4.82,0.0,3.37,52.89,2.0,34.7
11.16,0.0,12.29,18.28,0.0,16.49,0.675,4.62,5.71,0.0,3.85,83.74,4.0,11.4
7.47,0.0,9.69,6.28,0.0,12.68,1.429,10.59,5.99,1.0,6.71,29.7,2.0,30.8
15.74,17.12,6.5,5.86,1.0,17.77,1.674,13.75,7.36,0.0,0.99,65.36,2.0,46.4
43.23,0.0,6.96,13.4,1.0,54.6,1.301,7.66,6.0,0.0,4.28,59.7,2.0,44.7
14.49,0.0,9.72,16.08,0.0,4.94,0.552,6.06,10.0,0.0,4.96,86.89,2.0,4.2
21.18,0.0,8.78,10.15,0.0,12.06,1.837,6.62,7.48,1.0,8.79,61.73,8.0,29.1
33.68,0.0,9.4,11.08,0.0,11.17,0.619,3.17,7.68,0.0,3.78,58.89,4.0,26.0
27.05,0.0,6.0,36.47,0.0,6.77,0.665,15.42,3.09,0.0,5.82,81.77,8.0,23.6
18.97,0.0,8.67,16.98,1.0,1.62,0.373,8.39,7.02,1.0,7.14,76.6,2.0,34.2
35.29,0.0,7.02,34.97,0.0,16.65,1.377,8.62,7.56,1.0,8.69,92.44,2.0,30.4
32.96,0.0,8.75,14.54,0.0,15.85,0.77,14.52,7.11,0.0,7.33,62.56,8.0,20.4
44.16,0.0,3.78,29.38,0.0,0.57,1.138,4.47,1.31,0.0,4.16,60.67,4.0,41.4
17.75,0.0,7.68,7.73,1.0,14.51,0.496,1.98,3.37,0.0,7.33,55.37,2.0,32.2
19.19,0.0,9.51,9.64,1.0,13.12,0.961,5.79,3.4,0.0,6.96,77.91,2.0,34.7
26.82,0.0,9.6,12.77,1.0,7.28,1.696,18.94,4.68,1.0,6.32,95.24,2.0,38.9
16.16,12.55,6.95,8.98,0.0,15.79,0.592,15.19,4.41,1.0,9.12,36.29,8.0,26.2
3.28,0.0,4.58,3.26,0.0,16.58,1.009,1.81,10.0,0.0,5.51,76.16,2.0,12.9
34.16,0.0,9.26,13.85,0.0,17.22,1.024,3.59,3.99,0.0,6.42,65.2,2.0,24.3
53.08,0.0,10.58,14.69,0.0,1.54,1.562,12.7,5.19,0.0,6.15,70.58,2.0,32.7
24.42,0.0,6.59,15.66,0.0,7.55,1.416,7.94,6.47,0.0,3.95,92.35,2.0,17.2
25.39,0.0,7.39,28.52,0.0,0.61,0.391,7.22,5.33,1.0,5.78,86.81,4.0,14.6
17.34,3.76,9.64,8.61,0.0,14.61,1.548,5.19,9.35,0.0,7.63,86.68,4.0,22.3
50.89,0.0,9.14,20.35,1.0,8.43,1.147,3.76,6.23,1.0,6.08,76.0,2.0,49.3
5.6,0.0,11.03,21.99,0.0,14.99,1.312,4.51,4.54,1.0,2.98,72.37,4.0,20.9
48.2,9.98,8.39,42.33,1.0,15.88,0.426,1.7,4.46,0.0,3.58,79.42,2.0,37.6
47.81,4.64,3.94,31.27,0.0,1.32,1.511,9.33,7.23,1.0,9.46,100.0,4.0,38.2
25.92,0.0,7.26,16.28,1.0,18.88,0.606,4.15,8.03,1.0,9.93,69.02,2.0,37.0
17.1,0.56,9.67,18.5,0.0,9.94,1.029,8.96,6.43,0.0,7.28,73.43,4.0,20.6
40.89,13.01,6.04,25.57,0.0,19.34,1.378,1.52,4.0,0.0,4.22,55.04,4.0,39.6
39.93,0.0,8.53,24.4,0.0,2.73,2.993,6.29,3.86,1.0,6.33,38.7,8.0,42.0
30.19,0.0,7.83,12.36,1.0,7.01,1.081,11.95,6.48,0.0,5.78,91.08,2.0,40.8
6.94,0.0,7.92,19.23,0.0,39.73,0.834,8.27,8.7,0.0,6.18,60.21,4.0,20.1
55.54,0.0,6.85,35.76,0.0,18.8,0.711,4.73,6.85,0.0,0.96,78.69,4.0,21.1
22.76,1.16,5.93,5.99,1.0,2.1,0.85,2.38,4.39,1.0,5.21,75.19,2.0,38.6
34.78,0.0,6.51,14.82,0.0,36.09,0.58,7.41,4.77,0.0,5.22,90.81,8.0,26.8
5.01,0.0,8.72,14.45,1.0,2.66,1.27,12.92,0.72,0.0,4.44,64.06,2.0,35.7
6.33,0.0,8.71,12.49,1.0,4.47,1.143,16.84,7.65,0.0,3.42,44.71,2.0,34.2
8.55,0.0,9.88,15.57,0.0,12.15,1.438,8.93,2.57,0.0,5.89,92.44,8.0,24.2
35.9,0.0,7.35,11.87,1.0,5.61,0.842,4.01,7.61,0.0,3.89,74.31,2.0,23.9
49.06,0.0,10.88,12.53,0.0,5.73,0.564,5.29,5.38,0.0,1.26,71.32,4.0,21.2
6.19,0.0,11.27,11.74,1.0,13.4,0.62,8.02,9.7,0.0,6.99,29.51,2.0,27.5
28.64,19.05,4.85,15.43,0.0,16.17,1.055,7.25,7.47,1.0,6.8,78.01,8.0,34.7
52.57,0.0,7.82,34.67,1.0,0.68,2.702,1.33,5.94,0.0,5.67,38.05,2.0,37.5
3.93,7.05,10.46,14.32,0.0,4.49,2.431,19.25,5.18,0.0,2.81,85.33,2.0,25.3
54.48,0.0,6.08,13.93,0.0,10.54,0.823,6.17,3.77,0.0,3.04,62.69,4.0,32.8
18.48,2.38,6.66,18.25,1.0,81.01,0.868,6.15,5.3,1.0,3.52,67.15,2.0,50.8
56.36,8.75,8.86,40.78,0.0,51.76,0.65,1.81,4.88,0.0,5.77,62.49,2.0,35.0
20.68,0.0,9.76,26.08,0.0,5.78,0.303,4.69,1.88,0.0,4.58,63.0,2.0,12.3
32.2,0.0,10.18,21.42,1.0,1.88,1.779,10.48,7.95,0.0,7.38,55.52,2.0,31.6
24.66,0.0,8.89,11.58,1.0,4.19,0.334,11.44,4.51,0.0,3.74,32.29,2.0,37.2
15.79,0.0,8.02,11.39,0.0,9.94,1.609,8.94,4.46,1.0,5.02,64.75,8.0,27.9
14.77,16.55,3.89,10.95,0.0,5.88,1.581,3.03,1.15,1.0,4.96,73.81,4.0,35.1
21.76,0.0,8.62,20.87,0.0,11.88,0.549,13.19,4.19,1.0,8.5,75.29,2.0,20.1
32.03,0.0,10.5,22.63,0.0,6.04,0.575,3.5,6.74,0.0,9.63,83.12,8.0,23.1
49.07,0.0,10.02,21.78,1.0,4.77,0.989,3.27,3.42,1.0,6.27,76.32,2.0,33.1
21.99,5.56,9.81,25.16,0.0,12.89,0.956,4.17,2.91,1.0,8.21,100.0,8.0,22.2
54.88,7.57,8.02,17.92,0.0,14.52,1.217,14.14,4.53,0.0,3.94,58.51,4.0,39.3
50.8,0.0,11.9,31.07,0.0,18.39,0.902,4.4,5.34,0.0,4.19,98.9,4.0,14.7
30.93,0.0,4.97,38.44,0.0,11.31,0.34,8.23,7.31,1.0,4.66,71.5,8.0,30.4
26.14,0.0,8.68,31.05,0.0,18.95,1.068,4.9,7.85,0.0,5.22,78.51,2.0,14.2
37.18,0.0,6.01,27.81,0.0,4.33,2.056,17.1,4.9,0.0,3.72,86.63,8.0,30.8
10.65,18.68,9.54,7.93,0.0,10.57,0.762,7.41,2.18,1.0,5.14,7.3,4.0,29.4
11.1,0.0,7.56,14.63,0.0,9.23,0.609,4.13,3.8,1.0,9.33,98.57,4.0,16.6
22.04,4.41,9.83,20.73,1.0,13.86,2.262,1.41,7.27,0.0,6.74,77.36,2.0,38.4
21.97,0.0,7.44,16.83,0.0,4.63,0.536,8.92,2.57,1.0,9.39,56.44,4.0,25.3
34.63,10.43,7.55,23.78,0.0,2.6,1.045,6.25,6.47,0.0,5.5,61.17,8.0,29.7
22.09,0.0,8.12,43.09,1.0,8.77,1.962,4.54,10.0,1.0,5.42,83.49,2.0,32.1
58.27,3.07,6.86,38.44,0.0,13.62,1.364,2.25,7.12,0.0,5.7,61.76,2.0,29.2
9.37,11.32,8.03,35.36,1.0,14.36,2.004,18.45,5.83,1.0,7.54,55.83,2.0,46.0
31.87,0.0,9.88,30.9,0.0,48.86,0.796,9.97,8.0,0.0,3.29,59.11,8.0,32.3
21.94,3.79,7.67,13.03,0.0,12.96,1.934,12.27,5.96,1.0,10.0,51.77,8.0,31.9
48.99,8.65,8.27,15.44,0.0,3.2,1.358,5.13,4.19,1.0,7.0,46.86,8.0,27.5
62.52,0.0,9.2,22.98,1.0,15.83,1.764,5.49,5.49,1.0,7.35,66.41,2.0,45.5
11.92,0.0,7.81,13.86,0.0,57.94,0.575,20.14,2.66,1.0,7.35,13.62,8.0,40.9
5.35,0.0,12.61,23.17,0.0,1.36,0.935,2.67,2.19,1.0,7.98,77.57,2.0,17.1
20.24,0.0,9.88,24.0,0.0,5.1,0.813,16.84,4.72,1.0,6.48,49.93,2.0,24.7
28.84,5.13,6.66,11.38,1.0,5.32,0.877,15.69,3.46,0.0,7.53,100.0,2.0,33.1
13.41,0.0,9.83,14.95,0.0,31.93,1.139,1.83,3.43,1.0,9.9,74.76,4.0,28.6
19.79,0.0,10.48,31.73,0.0,59.16,0.777,2.26,2.69,1.0,3.16,76.55,2.0,27.7
22.7,0.0,9.5,10.01,0.0,17.83,0.493,22.15,4.4,0.0,4.55,40.13,4.0,25.5
48.48,0.0,7.95,20.74,0.0,8.99,0.512,6.13,3.43,0.0,7.23,86.2,2.0,19.2
9.51,0.0,1.81,9.46,1.0,8.29,0.537,6.28,5.07,1.0,7.91,37.74,2.0,50.0
15.88,0.0,6.59,24.15,0.0,16.2,1.257,7.71,3.54,1.0,4.84,61.5,2.0,20.3
17.38,0.0,9.84,38.37,0.0,7.28,1.232,4.37,3.46,0.0,4.22,38.61,2.0,16.6
30.15,0.0,6.12,14.17,1.0,6.36,1.637,12.85,4.55,0.0,8.03,64.43,2.0,41.4
46.95,12.5,7.12,16.98,1.0,4.11,0.629,1.9,1.37,0.0,1.82,74.98,2.0,38.2
25.16,0.0,10.01,8.64,1.0,51.79,0.784,12.38,3.06,0.0,5.25,57.04,2.0,42.3
19.26,0.0,8.2,15.18,0.0,3.98,0.407,4.12,7.72,0.0,4.81,55.42,4.0,14.1
8.97,7.96,4.25,23.4,0.0,16.37,0.601,3.38,6.5,1.0,6.22,79.62,4.0,28.0
29.2,18.53,4.43,8.6,1.0,11.28,0.842,4.59,5.03,0.0,4.37,68.05,2.0,45.0
19.46,0.0,9.79,14.0,0.0,11.77,1.477,11.05,1.68,1.0,8.26,65.55,4.0,25.4
14.55,3.9,10.61,17.01,0.0,7.35,1.193,4.81,2.7,1.0,8.39,74.37,4.0,21.5
19.17,1.96,4.03,23.71,1.0,9.83,0.766,0.77,4.44,1.0,7.64,48.23,2.0,46.4
15.0,0.0,8.71,16.52,0.0,13.18,0.268,2.75,5.86,1.0,8.25,83.18,4.0,11.9
13.45,0.0,5.66,6.33,1.0,8.33,0.492,9.35,3.63,0.0,4.72,84.1,2.0,31.6
16.41,3.37,8.28,9.59,1.0,6.62,0.725,2.85,6.24,0.0,7.77,61.77,2.0,28.1
19.17,0.0,8.11,33.75,0.0,5.03,2.438,3.09,4.65,1.0,8.44,74.4,8.0,31.7
16.56,11.26,11.87,20.92,1.0,4.23,1.125,3.45,6.91,0.0,3.86,72.36,2.0,34.3
41.22,0.0,6.69,16.83,1.0,11.41,0.674,11.55,5.93,1.0,8.01,87.42,2.0,43.7
24.23,0.0,10.37,15.05,1.0,1.45,0.501,7.66,6.94,1.0,9.1,100.0,2.0,27.6
9.56,0.0,10.73,6.04,0.0,3.2,0.764,14.09,5.02,1.0,7.42,94.33,8.0,16.7
12.46,0.0,8.24,4.18,0.0,11.83,0.537,4.92,3.85,0.0,3.08,46.61,4.0,11.7
13.96,0.0,8.82,13.15,0.0,16.14,0.446,14.75,6.87,1.0,3.36,83.26,2.0,8.4
86.11,3.75,5.97,26.56,1.0,5.3,1.126,0.62,5.35,1.0,8.31,100.0,2.0,46.9
19.07,0.0,6.94,18.54,0.0,0.19,0.746,6.87,5.42,0.0,2.83,51.99,4.0,17.2
26.17,0.0,6.55,46.5,0.0,13.36,1.817,5.38,6.04,0.0,3.34,93.85,4.0,24.5
5.08,0.0,8.03,14.32,0.0,0.81,1.376,4.84,7.56,0.0,3.4,82.01,2.0,13.5
20.08,0.0,6.12,18.06,0.0,6.64,1.282,15.31,5.93,1.0,5.05,72.99,2.0,19.8
52.74,0.0,6.42,34.09,1.0,85.93,1.806,5.19,7.33,0.0,4.32,62.12,2.0,49.8
16.77,13.73,6.46,6.5,1.0,15.12,1.233,9.76,0.0,0.0,5.16,61.55,2.0,38.7
51.65,0.0,7.77,28.13,0.0,15.46,1.962,16.01,6.13,0.0,3.53,40.99,4.0,33.3
12.58,0.0,9.51,6.69,0.0,8.35,0.457,7.32,8.13,1.0,5.28,86.97,2.0,15.3
24.82,0.0,7.86,26.76,1.0,17.48,0.426,4.0,7.33,1.0,6.27,36.54,2.0,40.4
26.44,0.0,6.67,19.61,0.0,7.65,1.072,1.39,2.83,1.0,6.54,65.11,2.0,28.3
15.36,0.0,9.39,6.47,0.0,36.8,1.388,5.39,3.56,0.0,5.54,64.98,4.0,22.0
27.46,0.0,9.76,20.06,0.0,7.93,0.986,8.63,8.83,0.0,5.44,62.75,4.0,13.4
40.32,0.0,6.82,11.98,0.0,12.38,0.7,11.87,10.0,1.0,4.54,71.87,2.0,23.1
41.57,1.97,5.55,12.91,0.0,8.07,1.463,9.77,6.08,0.0,6.71,100.0,4.0,35.3
56.1,0.0,6.42,15.69,0.0,18.63,1.318,3.26,10.0,0.0,2.25,71.32,4.0,24.8
23.73,5.24,7.3,27.58,0.0,92.77,0.676,7.83,4.56,0.0,5.49,61.18,4.0,32.7
43.4,0.0,9.99,25.05,0.0,31.77,0.848,4.56,7.77,1.0,6.73,83.28,8.0,24.3
17.34,19.12,7.57,15.28,0.0,83.21,0.247,2.08,3.05,1.0,10.0,66.79,4.0,34.6
59.77,0.0,7.2,18.99,0.0,10.92,0.698,11.99,6.08,0.0,4.08,70.71,8.0,38.2
12.42,0.0,12.43,18.49,0.0,4.85,0.3,2.06,2.32,0.0,5.09,63.33,2.0,12.5
37.69,8.45,6.79,20.64,1.0,6.4,0.473,7.59,6.42,1.0,7.14,71.03,2.0,44.4
20.63,7.73,10.28,11.03,0.0,9.18,1.39,2.4,3.68,1.0,8.2,78.59,2.0,25.3
15.55,0.0,10.98,16.04,1.0,16.09,0.195,8.18,2.94,1.0,9.36,77.47,2.0,34.6
10.76,0.0,10.98,16.99,1.0,14.96,0.139,6.91,8.31,0.0,5.53,50.33,2.0,30.9
43.27,0.0,8.34,13.7,0.0,11.15,3.189,3.74,6.28,1.0,10.0,42.98,4.0,44.3
11.12,7.35,8.02,29.05,1.0,14.56,0.631,6.21,3.28,0.0,4.49,77.32,2.0,31.7
46.7,0.0,7.61,20.17,0.0,6.14,0.624,1.74,3.56,0.0,7.4,54.86,2.0,17.8
39.88,4.33,8.98,24.82,0.0,9.86,0.663,22.41,1.67,1.0,7.48,70.44,2.0,29.0
25.72,9.95,5.46,14.3,0.0,1.42,1.489,2.84,3.61,0.0,5.28,65.48,8.0,29.1
58.46,1.92,6.49,27.78,1.0,1.05,1.029,10.48,3.51,1.0,4.58,61.27,2.0,54.5
40.72,0.0,11.11,16.95,0.0,3.21,0.481,19.6,5.88,1.0,8.17,79.36,8.0,27.1
5.9,0.0,10.07,8.82,1.0,15.02,0.083,6.81,5.45,1.0,6.55,69.42,2.0,21.4
31.09,0.0,9.98,14.41,1.0,18.44,0.86,11.42,2.91,0.0,4.95,89.4,2.0,32.2
38.15,0.0,5.41,20.37,0.0,12.34,0.634,18.51,2.81,0.0,4.97,82.35,8.0,28.7
20.32,2.02,7.28,22.44,0.0,0.81,0.776,8.48,8.98,0.0,6.09,54.04,4.0,20.9
26.55,10.3,7.63,24.3,0.0,12.46,1.519,4.82,6.93,1.0,9.34,60.36,4.0,27.1
34.57,0.0,7.88,25.5,0.0,5.51,1.189,12.65,7.05,1.0,6.62,64.7,4.0,29.7
24.91,6.88,4.98,18.04,0.0,17.58,0.357,6.57,4.93,0.0,4.34,55.74,2.0,20.9
17.63,5.22,9.36,10.38,0.0,93.98,0.713,0.99,2.42,0.0,5.49,77.03,4.0,23.4
11.33,0.0,10.82,19.92,0.0,7.23,2.444,3.17,5.85,1.0,4.9,60.23,8.0,27.0
56.66,18.71,4.48,24.89,1.0,8.81,0.582,5.79,3.65,0.0,3.28,68.36,2.0,41.1
22.37,0.0,9.92,10.78,1.0,14.37,0.548,14.13,10.0,1.0,8.05,74.68,2.0,30.2
36.14,0.0,11.97,17.42,0.0,18.57,0.959,8.14,3.32,0.0,3.86,46.81,2.0,25.8
20.55,0.0,11.43,23.86,0.0,5.97,0.199,4.22,8.11,0.0,6.59,69.54,4.0,16.1
44.43,3.54,6.76,14.2,0.0,15.41,1.845,8.48,4.4,1.0,6.79,96.92,4.0,35.5
23.99,0.0,6.07,33.39,0.0,13.76,2.77,0.68,4.99,0.0,4.3,69.06,4.0,27.2
48.53,6.6,7.21,55.38,1.0,4.79,0.941,2.23,8.17,1.0,9.28,63.44,2.0,38.7
30.1,3.04,12.43,13.53,0.0,5.0,1.074,19.22,2.58,1.0,5.68,84.03,2.0,19.2
5.61,0.0,11.51,8.21,0.0,61.36,0.611,1.24,7.76,0.0,5.0,75.12,8.0,17.1
15.71,6.87,7.69,11.88,0.0,3.47,1.309,19.51,3.99,0.0,3.73,27.72,2.0,31.5
27.32,0.0,11.3,12.59,0.0,62.57,1.017,23.27,6.49,0.0,4.97,58.12,8.0,46.1
26.33,0.0,10.55,41.12,1.0,2.58,2.578,6.53,7.13,1.0,8.28,76.4,2.0,43.7
45.5,0.0,3.84,19.31,1.0,5.04,1.06,11.4,6.76,1.0,7.31,84.49,2.0,45.5
43.58,5.82,9.12,13.63,0.0,7.22,1.71,3.15,2.29,0.0,4.92,89.91,4.0,24.9
30.4,1.42,8.16,18.94,0.0,11.13,0.979,4.61,3.96,1.0,6.74,63.55,4.0,20.8
19.59,13.7,5.04,9.06,0.0,8.72,0.379,20.8,5.37,1.0,7.53,69.31,8.0,24.6
8.43,0.0,8.93,4.07,0.0,6.36,1.509,16.35,2.82,0.0,5.9,57.1,2.0,25.7
14.91,0.0,9.38,8.46,0.0,2.33,0.295,15.42,5.86,1.0,7.86,91.6,8.0,17.4
16.9,0.0,6.9,9.5,0.0,11.22,1.241,11.87,7.32,0.0,5.35,29.8,8.0,25.2
19.45,6.47,7.4,12.85,1.0,16.8,0.821,1.73,3.91,0.0,3.83,42.18,2.0,38.6
22.36,0.0,7.67,6.82,1.0,12.29,0.83,4.59,7.02,0.0,4.73,96.76,2.0,28.7
12.16,0.0,10.23,35.47,1.0,85.82,1.469,5.0,5.02,0.0,4.12,56.25,2.0,50.8
29.35,13.54,5.89,19.95,1.0,7.66,1.864,14.69,5.59,1.0,7.76,60.91,2.0,53.0
7.2,0.0,5.38,17.74,0.0,10.62,1.167,6.35,6.5,0.0,4.48,86.45,4.0,18.4
13.15,0.0,7.71,13.69,0.0,13.42,1.996,10.86,7.62,0.0,4.53,37.57,2.0,24.1
23.6,0.0,6.4,29.33,1.0,5.81,0.724,2.91,2.84,0.0,7.88,73.27,2.0,33.3
12.55,0.0,6.04,9.83,0.0,19.07,0.659,2.47,7.05,0.0,4.82,80.17,4.0,12.7
8.09,0.0,11.12,12.36,1.0,0.44,0.194,6.26,6.97,0.0,1.39,71.17,2.0,23.5
56.85,0.0,8.9,17.97,0.0,6.7,1.016,3.84,5.36,1.0,10.0,8.23,2.0,42.9
31.62,0.0,6.12,16.45,0.0,19.64,0.714,10.91,2.72,0.0,5.0,60.2,4.0,24.1
17.34,0.0,5.94,13.9,0.0,16.21,0.831,11.79,6.16,1.0,6.37,49.84,4.0,20.2
40.53,4.21,7.07,14.29,0.0,1.12,1.116,3.79,5.97,1.0,6.37,100.0,2.0,14.0
41.5,0.0,5.11,22.84,0.0,7.21,1.094,3.91,4.58,1.0,6.33,88.56,8.0,27.9
26.26,0.0,7.73,19.96,0.0,13.75,0.654,6.3,6.71,1.0,9.46,62.73,4.0,18.8
42.75,0.0,7.86,26.88,1.0,11.02,1.092,17.15,3.54,0.0,3.87,35.87,2.0,49.2
14.01,0.0,9.19,16.67,0.0,18.69,0.886,9.5,6.42,0.0,3.86,67.17,4.0,21.4
26.44,0.0,8.89,15.47,0.0,15.78,1.664,7.3,5.14,0.0,4.66,46.41,8.0,34.8
43.16,0.0,6.14,29.46,1.0,13.19,0.534,4.42,6.76,1.0,3.9,77.18,2.0,44.7
19.46,0.0,8.56,15.13,1.0,12.1,0.659,5.7,2.12,1.0,6.17,73.87,2.0,36.1
55.66,0.0,9.89,14.7,0.0,19.97,0.789,11.15,0.0,0.0,6.95,60.03,2.0,25.4
18.94,0.0,4.24,6.85,0.0,10.04,1.65,12.16,2.16,0.0,5.61,74.99,2.0,31.0
20.78,0.0,9.03,8.87,0.0,0.1,0.27,1.7,5.16,1.0,8.08,100.0,8.0,10.2
17.38,0.0,6.12,9.09,0.0,14.85,1.732,2.36,9.43,0.0,3.82,38.05,4.0,15.5
21.17,2.72,10.85,17.81,1.0,10.48,0.44,10.89,5.81,0.0,1.82,47.71,2.0,31.9
10.94,7.54,9.4,26.9,0.0,16.86,1.735,17.19,8.26,0.0,6.28,72.12,4.0,23.0
30.32,23.88,6.79,22.02,1.0,93.61,0.6,5.59,6.74,0.0,3.07,40.95,2.0,51.2
36.88,4.06,5.7,21.19,1.0,3.25,1.39,8.57,0.53,1.0,3.96,76.56,2.0,44.3
19.36,0.0,8.95,6.0,0.0,13.12,0.488,0.72,5.24,0.0,3.5,44.67,2.0,21.6
58.4,4.6,7.45,14.99,0.0,18.3,1.344,14.14,3.61,1.0,5.71,68.25,8.0,43.4
34.45,0.0,3.22,35.44,1.0,65.45,1.113,7.17,3.02,0.0,2.8,59.83,2.0,65.3
4.22,0.0,9.17,7.4,1.0,37.57,0.427,12.66,5.12,0.0,5.06,76.02,2.0,31.0
24.85,0.0,9.48,18.94,0.0,4.57,0.867,5.58,5.85,0.0,9.26,65.73,2.0,11.4
56.1,0.0,4.49,28.03,0.0,2.81,0.906,15.35,1.17,1.0,6.91,87.79,4.0,27.5
14.79,0.0,9.76,45.5,0.0,11.26,0.43,18.41,3.14,0.0,3.75,50.3,4.0,17.7
6.07,0.0,9.02,34.47,0.0,1.53,3.559,5.57,3.71,0.0,5.12,75.65,8.0,37.7
54.09,0.0,10.14,60.85,0.0,19.69,0.467,13.14,4.7,0.0,6.85,35.18,4.0,34.4
28.02,0.0,7.33,23.07,0.0,3.38,1.152,15.99,6.63,1.0,2.71,28.71,2.0,27.4
33.19,0.0,8.36,37.33,0.0,1.0,0.772,7.61,3.43,0.0,4.17,45.09,4.0,23.3
6.69,0.0,9.48,4.59,0.0,6.68,0.545,7.03,6.06,0.0,5.51,100.0,2.0,8.6
33.8,0.0,2.37,50.85,0.0,9.52,0.798,23.93,9.49,0.0,5.7,94.98,4.0,27.7
19.33,0.0,7.71,23.11,0.0,45.78,0.962,8.48,5.07,1.0,6.06,69.72,8.0,27.5
24.19,0.0,8.45,13.41,0.0,49.88,2.735,6.72,5.79,0.0,2.37,47.52,2.0,25.8
57.63,4.25,2.05,34.25,1.0,19.67,1.376,3.22,4.47,1.0,7.39,83.1,2.0,60.2
18.97,0.0,9.78,29.14,0.0,8.0,0.594,6.91,3.36,0.0,3.48,39.62,2.0,21.1
33.25,9.22,7.07,23.24,0.0,1.87,0.725,9.79,3.83,0.0,0.0,33.42,4.0,23.2
31.25,2.61,7.91,33.35,0.0,18.22,0.391,10.63,6.68,1.0,7.22,64.65,4.0,14.9
46.03,0.0,9.06,20.54,1.0,11.48,0.733,3.55,2.58,0.0,5.48,67.32,2.0,36.2
11.8,10.45,6.57,17.83,0.0,10.22,1.018,6.16,3.52,1.0,6.57,76.84,4.0,28.2
22.52,0.0,8.41,9.16,0.0,71.48,1.279,8.04,3.66,1.0,10.0,47.31,4.0,31.1
6.1,0.0,10.55,8.97,0.0,42.96,1.041,1.73,6.03,0.0,5.92,52.47,4.0,17.2
21.53,0.0,8.47,11.55,0.0,7.36,0.672,10.47,4.31,0.0,5.26,100.0,2.0,13.1
25.92,0.0,4.53,9.3,0.0,6.51,0.938,9.57,4.21,1.0,9.94,65.91,8.0,32.2
30.25,0.0,8.2,8.35,1.0,7.14,1.777,8.11,4.28,0.0,8.67,58.97,2.0,42.6
20.67,0.0,8.51,12.85,0.0,5.52,1.424,7.46,5.46,1.0,8.76,76.03,4.0,27.2
25.69,0.0,10.03,10.2,0.0,10.01,0.717,3.64,7.86,0.0,4.1,59.55,2.0,10.8
43.58,0.0,7.01,22.46,1.0,15.02,0.859,11.44,8.08,1.0,7.85,99.9,2.0,32.6
17.56,0.0,6.52,17.46,0.0,19.2,1.83,5.53,2.41,0.0,6.61,73.12,8.0,28.3
8.64,0.0,6.79,35.57,0.0,2.35,0.642,4.69,5.25,0.0,0.23,63.09,2.0,10.2
15.64,0.0,11.42,9.73,0.0,17.54,0.478,2.77,6.77,0.0,2.64,52.68,4.0,10.6
30.3,0.0,8.67,32.12,0.0,6.89,1.368,5.69,9.09,1.0,8.11,33.28,8.0,27.4
16.21,0.0,11.3,16.66,0.0,10.37,1.595,11.92,2.54,0.0,4.79,72.51,4.0,20.6
27.27,0.0,11.25,21.23,1.0,2.31,0.606,4.73,5.41,1.0,8.04,54.76,2.0,38.7
21.47,0.0,6.87,16.46,0.0,2.74,1.732,6.76,7.11,0.0,6.34,37.32,4.0,20.6
45.08,0.0,6.01,32.78,0.0,32.38,2.552,0.9,3.73,1.0,5.21,43.36,4.0,42.8
26.59,0.0,7.95,17.68,0.0,10.28,1.435,2.62,3.86,0.0,4.59,91.46,4.0,13.1
36.36,0.0,9.14,19.85,0.0,4.83,0.4,1.63,4.01,0.0,5.27,65.31,4.0,19.1
53.7,0.0,4.59,17.08,1.0,18.47,1.107,6.45,5.81,0.0,6.69,70.74,2.0,48.9
11.76,0.0,9.56,7.3,0.0,17.25,1.959,7.74,4.38,0.0,6.69,71.28,2.0,28.7
24.08,0.0,9.09,18.73,0.0,7.57,1.686,3.45,6.04,1.0,3.76,100.0,8.0,24.6
29.05,0.0,5.88,14.08,0.0,4.04,0.248,7.82,3.67,1.0,2.74,56.85,4.0,15.5
28.75,0.0,5.96,9.03,1.0,7.1,1.123,8.3,7.66,1.0,5.86,66.67,2.0,40.4
27.55,0.0,9.06,13.06,0.0,13.86,1.186,6.49,6.07,0.0,7.27,85.41,4.0,18.6
8.13,0.0,12.9,20.82,0.0,6.53,1.556,2.81,1.08,1.0,5.88,68.99,8.0,25.8
17.63,0.0,7.88,16.09,0.0,9.51,0.462,14.49,6.37,0.0,9.32,74.31,4.0,14.5
36.83,0.0,8.55,14.54,0.0,18.99,1.437,19.01,1.68,0.0,2.4,64.19,8.0,35.6
11.17,0.0,7.45,12.19,0.0,18.85,1.422,12.32,3.75,1.0,4.97,52.71,4.0,25.9
39.53,0.0,8.29,30.28,0.0,9.07,0.937,2.34,4.83,0.0,3.64,88.85,8.0,18.6
35.6,0.0,6.68,12.46,0.0,17.99,0.88,1.58,3.89,1.0,5.07,62.53,8.0,23.3
19.96,0.0,7.88,8.2,0.0,7.71,1.931,19.51,6.54,0.0,3.28,77.09,4.0,17.7
26.99,0.0,13.09,18.09,0.0,94.85,0.821,6.49,9.44,0.0,5.47,60.92,8.0,28.7
23.46,0.0,8.51,12.13,0.0,4.25,0.627,29.6,0.47,1.0,7.05,3.12,4.0,31.9
30.01,0.0,4.97,18.84,0.0,4.94,0.435,2.98,3.73,0.0,2.98,67.49,8.0,27.9
10.86,0.0,9.96,12.64,1.0,13.9,0.952,6.22,5.41,0.0,5.14,68.96,2.0,34.4
29.72,0.0,10.37,18.74,0.0,15.58,0.776,23.08,4.66,0.0,3.68,26.03,4.0,23.4
37.27,0.0,9.23,43.67,0.0,11.41,0.848,12.73,0.79,0.0,6.45,44.41,8.0,30.6
29.32,0.0,7.77,9.83,1.0,12.8,1.021,13.65,7.73,1.0,7.57,63.56,2.0,33.5
22.84,0.0,6.48,22.35,0.0,6.22,1.798,2.7,5.32,0.0,6.04,60.13,8.0,22.1
27.61,6.19,5.64,20.71,1.0,18.02,1.665,13.04,6.68,0.0,5.12,83.55,2.0,44.8
24.59,0.0,7.88,22.15,0.0,13.84,1.471,16.28,6.24,0.0,4.74,95.26,4.0,25.9
49.28,0.0,6.79,13.36,1.0,17.4,0.856,2.22,4.36,0.0,5.37,56.32,2.0,45.5
27.05,0.0,7.07,24.78,0.0,15.45,1.296,1.94,2.18,0.0,10.0,51.69,4.0,29.5
27.27,0.0,10.61,14.56,0.0,9.37,0.371,14.66,5.2,0.0,3.97,67.4,2.0,17.8
39.98,0.0,9.64,20.91,0.0,13.47,1.226,6.64,2.04,0.0,6.29,86.81,2.0,21.6
15.14,3.85,10.62,12.45,0.0,2.79,0.531,12.29,7.35,0.0,6.28,69.33,4.0,15.0
19.5,0.0,6.84,8.98,0.0,7.31,1.0,9.17,7.6,1.0,10.0,87.97,2.0,14.9
21.84,5.03,5.9,13.44,0.0,65.77,0.709,1.42,5.91,0.0,7.38,79.49,2.0,34.9
52.82,9.92,6.38,23.1,0.0,3.47,1.141,8.44,4.61,0.0,1.46,80.11,8.0,39.3
29.62,0.0,8.94,22.26,0.0,87.26,0.313,3.47,7.32,0.0,4.31,55.88,2.0,24.3
22.12,0.0,8.48,18.45,0.0,7.56,3.445,1.64,7.76,0.0,0.68,49.4,2.0,29.1
18.57,0.0,9.14,13.6,0.0,18.35,1.003,2.9,6.33,0.0,5.72,70.42,2.0,17.4
18.9,0.0,11.6,14.99,0.0,16.53,1.744,16.09,7.9,0.0,5.51,56.68,8.0,28.3
12.7,0.0,8.18,13.34,0.0,5.41,1.095,2.96,7.98,0.0,4.37,100.0,2.0,6.7
29.14,0.0,9.74,21.81,1.0,0.18,0.308,2.96,8.38,0.0,5.58,89.75,2.0,17.9
26.25,0.0,9.25,24.46,0.0,76.2,1.095,10.72,7.89,0.0,6.45,55.89,8.0,38.8
8.14,0.0,8.95,21.35,0.0,1.59,0.176,6.58,0.0,1.0,5.91,67.89,4.0,19.9
52.66,0.0,8.94,20.28,0.0,5.83,0.873,6.55,6.07,0.0,2.93,43.18,4.0,23.4
22.65,0.0,6.78,13.38,0.0,0.42,0.911,7.1,5.32,0.0,3.86,61.3,4.0,11.9
41.17,0.0,5.83,16.81,0.0,9.32,0.903,0.73,6.8,0.0,5.96,100.0,8.0,17.2
19.33,0.0,9.29,14.8,0.0,51.97,0.354,5.64,1.69,1.0,6.99,69.27,2.0,26.9
35.96,0.0,4.65,50.45,0.0,87.81,0.487,10.91,2.43,0.0,6.72,54.9,2.0,44.4
5.61,0.0,9.85,8.46,0.0,17.81,1.453,4.56,9.04,1.0,4.36,74.89,2.0,12.2
36.94,7.46,4.74,25.25,0.0,57.09,1.916,5.98,6.44,0.0,6.76,56.41,2.0,41.9
38.6,2.46,10.58,25.93,1.0,36.72,1.449,7.15,5.72,1.0,9.54,63.77,2.0,44.9
16.54,0.0,7.71,17.46,0.0,11.44,1.842,15.39,3.81,1.0,10.0,67.97,2.0,34.0
13.17,0.0,11.51,4.24,0.0,13.04,3.371,1.72,2.77,0.0,5.59,99.34,8.0,20.8
23.58,14.83,6.09,15.07,0.0,4.5,1.109,1.05,3.43,1.0,7.3,29.13,8.0,37.6
30.28,13.65,5.95,21.98,1.0,9.5,1.682,5.51,3.45,1.0,8.55,55.55,2.0,50.1
19.11,0.0,10.16,9.56,0.0,6.88,0.809,5.39,6.53,0.0,4.92,27.61,4.0,20.4
5.27,0.0,9.43,2.55,0.0,8.08,0.36,4.53,5.71,0.0,3.34,60.65,4.0,9.5
18.11,12.37,6.84,19.19,0.0,7.33,0.269,11.31,3.05,0.0,2.1,66.85,4.0,24.0
22.27,0.0,7.52,24.08,0.0,3.29,2.353,10.95,7.04,1.0,5.52,80.47,4.0,28.9
25.92,2.14,7.18,15.09,0.0,6.59,0.548,13.96,0.0,1.0,9.89,47.94,4.0,24.2
31.99,0.0,12.76,14.0,1.0,14.79,0.7,2.22,0.0,0.0,5.62,52.08,2.0,38.8
39.98,0.0,4.45,37.36,0.0,70.79,1.02,5.92,6.69,1.0,4.19,71.22,2.0,35.7
60.66,7.64,3.86,34.18,0.0,14.85,3.729,9.67,8.78,1.0,7.11,76.49,4.0,42.6
27.56,0.0,10.53,10.24,0.0,9.3,1.122,2.16,0.0,0.0,6.01,63.06,4.0,27.1
40.28,0.0,10.0,21.15,0.0,19.45,0.85,1.32,3.92,1.0,8.89,24.63,4.0,38.6
12.88,0.0,6.77,7.04,0.0,7.22,1.58,7.66,8.94,0.0,3.44,68.25,8.0,19.2
10.48,0.0,5.18,9.9,1.0,19.28,0.817,10.56,1.48,0.0,4.78,70.71,2.0,35.3
46.99,15.4,8.29,36.11,1.0,1.01,1.017,10.06,7.08,0.0,1.72,71.81,2.0,45.1
14.84,0.0,6.46,28.22,0.0,1.97,1.253,3.45,4.26,0.0,6.03,40.01,8.0,22.6
38.66,1.03,6.73,15.48,1.0,5.2,0.874,4.85,7.15,0.0,0.51,48.42,2.0,27.8
2.73,0.0,9.11,16.28,0.0,17.64,2.318,6.08,7.68,1.0,6.43,82.88,4.0,17.5
49.19,0.0,5.38,15.74,1.0,14.66,2.592,5.77,5.83,0.0,3.83,95.88,2.0,58.5
7.5,0.0,10.62,42.15,0.0,5.48,1.616,10.47,3.11,0.0,8.41,84.0,8.0,28.3
45.13,0.0,7.69,12.51,1.0,0.15,0.732,4.09,2.83,1.0,9.66,60.9,2.0,43.8
22.83,0.0,6.55,12.75,1.0,16.4,0.798,8.47,3.91,1.0,5.1,61.4,2.0,37.2
37.77,0.0,6.28,25.0,0.0,17.07,1.631,4.13,1.31,1.0,6.41,49.49,2.0,28.9
26.93,6.72,9.98,10.87,0.0,5.21,0.82,18.6,6.64,0.0,1.05,77.58,8.0,18.6
29.4,0.0,7.56,10.74,0.0,0.48,0.787,2.17,0.79,1.0,5.05,91.44,2.0,18.8
19.39,0.0,9.65,14.29,0.0,19.42,1.106,1.04,8.28,0.0,2.87,80.97,4.0,20.3
36.01,0.0,7.9,14.27,0.0,7.44,0.634,0.76,3.24,0.0,5.65,80.13,2.0,16.4
57.69,0.0,3.76,23.85,0.0,4.55,1.131,6.89,4.44,1.0,8.21,56.07,2.0,38.6
39.68,0.0,9.3,24.99,0.0,19.34,0.789,5.03,3.69,0.0,2.85,61.66,8.0,20.5
17.39,30.97,6.91,12.41,0.0,14.85,0.384,6.24,8.73,0.0,7.61,58.79,2.0,20.0
37.6,0.0,11.56,18.6,0.0,3.35,1.353,7.75,6.17,0.0,8.85,84.09,4.0,14.4
13.15,5.68,4.12,16.63,0.0,9.16,0.388,2.58,7.32,0.0,3.67,69.09,2.0,9.5
13.46,0.0,2.28,35.71,0.0,8.43,0.288,3.74,3.84,0.0,3.5,86.19,4.0,24.9
23.2,3.48,9.16,12.49,1.0,7.83,0.319,8.49,6.57,0.0,6.85,76.01,2.0,39.3
22.15,0.0,7.14,18.11,0.0,13.49,1.266,9.26,6.69,1.0,6.66,52.43,8.0,32.9
25.43,0.0,5.38,15.62,1.0,2.59,0.472,10.2,5.14,1.0,6.96,42.54,2.0,42.5
30.0,0.0,8.31,10.65,1.0,8.82,0.584,10.24,5.51,1.0,7.3,100.0,2.0,35.1
40.74,0.0,6.88,27.35,1.0,58.36,1.831,1.88,5.67,0.0,5.91,53.62,2.0,52.1
27.63,0.0,5.62,33.38,0.0,93.95,0.331,20.1,5.57,1.0,10.0,57.94,4.0,45.9
43.98,0.0,7.52,26.08,0.0,3.01,0.898,8.19,6.77,0.0,4.26,100.0,4.0,22.8
59.65,0.0,8.34,15.48,0.0,16.63,0.85,3.92,3.1,0.0,5.94,76.63,2.0,25.9
44.49,0.0,8.02,18.2,0.0,11.13,1.747,13.01,0.0,1.0,4.39,49.7,8.0,28.2
33.28,0.0,8.37,23.36,1.0,55.76,0.773,4.98,3.46,1.0,3.09,62.69,2.0,47.9
25.57,0.0,9.12,27.56,0.0,7.35,0.555,15.49,3.54,1.0,9.19,95.45,4.0,18.2
52.74,6.03,3.31,14.87,0.0,18.3,1.015,3.97,5.54,1.0,5.97,73.58,4.0,33.5
27.16,5.65,7.41,9.84,0.0,1.94,0.97,5.65,5.19,1.0,8.28,100.0,4.0,18.7
34.86,7.15,7.58,21.64,0.0,72.37,0.421,2.69,3.7,1.0,8.01,22.79,2.0,38.1
44.86,0.0,6.9,21.63,0.0,15.54,0.721,5.67,0.83,1.0,8.5,60.68,2.0,35.0
20.18,0.0,6.74,14.5,0.0,8.69,1.568,3.36,3.62,1.0,6.0,44.21,2.0,31.8
7.13,0.0,7.29,32.82,0.0,1.52,0.591,4.71,5.74,0.0,6.19,82.78,4.0,14.3
28.67,3.76,7.1,40.44,1.0,16.1,1.834,16.41,7.7,0.0,8.37,44.43,2.0,51.8
35.27,9.83,8.59,12.68,1.0,8.44,2.421,6.12,3.42,1.0,7.32,54.62,2.0,49.8
26.16,0.0,11.27,7.68,0.0,81.47,1.84,16.76,4.78,0.0,7.14,46.82,8.0,38.0
64.33,3.4,9.31,24.98,0.0,8.77,2.256,4.99,4.35,1.0,6.24,71.9,2.0,43.8
28.51,0.0,5.02,24.01,0.0,4.53,0.973,21.06,2.6,1.0,6.55,65.93,8.0,30.2
43.02,0.0,5.83,33.47,1.0,1.58,0.619,8.27,6.8,0.0,7.62,87.31,2.0,31.7
33.14,0.0,9.32,15.08,1.0,19.76,1.756,2.2,5.81,1.0,5.98,47.79,2.0,42.0
8.21,0.0,11.36,6.9,0.0,5.09,1.93,4.93,10.0,0.0,4.14,76.44,4.0,13.4
7.77,0.0,6.83,15.48,0.0,9.02,1.064,7.23,2.41,1.0,5.98,64.79,2.0,21.9
52.35,0.0,7.8,20.89,0.0,11.42,0.878,5.29,4.64,0.0,3.22,33.49,4.0,36.6
29.96,0.0,5.84,17.45,0.0,15.61,0.7,3.82,5.14,1.0,8.14,87.63,4.0,23.0
24.33,0.0,8.82,21.24,0.0,46.52,1.99,7.32,3.2,0.0,4.78,49.76,4.0,29.5
26.46,0.0,6.92,14.89,0.0,15.34,0.432,7.83,7.55,0.0,5.7,70.37,4.0,19.9
19.9,0.0,8.77,7.06,1.0,2.5,0.234,10.64,4.16,0.0,3.19,53.07,2.0,35.5
46.96,1.13,5.03,16.73,0.0,16.35,1.441,13.14,3.46,1.0,5.86,100.0,4.0,39.1
43.31,0.0,4.43,16.07,0.0,18.08,1.035,10.3,6.93,1.0,8.31,96.41,2.0,30.7
19.66,0.0,14.61,10.21,0.0,36.56,1.592,4.16,2.79,0.0,3.93,55.77,2.0,25.2
33.96,0.0,8.12,9.36,0.0,0.85,1.072,14.24,5.57,1.0,8.36,74.79,4.0,27.1
49.48,6.38,11.02,49.38,0.0,9.96,1.479,3.44,3.07,0.0,4.79,73.69,2.0,23.6
31.39,0.0,11.08,10.87,0.0,32.66,1.71,11.53,4.23,0.0,5.64,39.79,8.0,32.2
9.79,0.0,5.44,20.1,0.0,15.85,1.405,6.41,4.96,0.0,9.48,79.08,4.0,22.0
30.68,0.0,8.8,11.92,0.0,17.62,1.107,3.2,6.31,1.0,8.68,68.09,4.0,30.2
18.65,0.0,5.85,11.4,0.0,14.31,2.446,2.72,5.02,1.0,9.77,87.25,4.0,38.5
50.76,4.87,6.3,22.42,1.0,17.03,2.324,7.59,3.77,0.0,3.02,64.64,2.0,59.4
51.13,8.18,2.72,18.37,0.0,33.8,2.081,2.15,5.84,0.0,5.87,44.25,4.0,46.7
44.24,0.0,4.52,39.95,1.0,39.56,1.004,7.38,3.0,1.0,10.0,50.3,2.0,49.9
29.36,6.93,5.58,84.39,1.0,14.48,0.819,8.89,7.35,0.0,6.16,45.93,2.0,48.6
23.33,0.0,7.21,27.45,0.0,16.28,0.405,17.27,10.0,1.0,6.72,70.2,4.0,18.0
59.25,8.62,6.27,25.95,0.0,3.66,1.584,2.97,5.16,1.0,6.64,82.41,4.0,34.4
6.02,0.0,6.75,8.59,0.0,16.09,0.751,6.72,6.16,1.0,5.32,41.99,4.0,20.9
18.46,0.0,8.74,23.51,1.0,4.57,2.492,12.89,2.33,0.0,4.35,76.22,2.0,46.7
28.62,0.0,10.41,30.31,0.0,13.29,2.307,3.24,4.84,0.0,3.73,81.05,8.0,28.1
37.28,0.0,8.43,18.2,1.0,10.35,0.588,8.93,6.48,0.0,3.61,76.56,2.0,33.6
25.63,0.0,8.1,32.7,1.0,15.39,0.345,11.44,5.89,1.0,8.16,43.24,2.0,43.7
31.6,0.0,8.74,8.6,1.0,8.66,0.617,6.09,3.44,0.0,4.18,99.27,2.0,30.8
9.36,11.02,4.53,19.14,1.0,4.06,2.542,7.39,3.87,0.0,6.16,75.69,2.0,46.2
26.15,4.23,9.61,16.52,1.0,16.45,3.464,5.68,4.36,1.0,7.16,38.71,2.0,49.1
61.32,7.52,3.86,27.06,1.0,18.53,1.812,13.75,4.36,0.0,9.22,56.88,2.0,64.8
56.25,0.0,10.42,35.32,0.0,12.48,1.858,17.83,3.24,1.0,6.61,57.24,2.0,42.1
35.37,0.0,9.48,24.26,0.0,85.76,0.496,5.39,7.54,0.0,6.24,52.83,2.0,32.4
12.4,0.0,9.74,40.82,0.0,0.44,0.898,3.47,6.98,1.0,5.69,96.29,4.0,15.1
19.72,0.0,9.61,47.46,0.0,10.91,2.609,8.43,2.23,0.0,4.32,72.79,8.0,39.5
16.28,0.0,8.51,12.29,0.0,7.71,0.527,4.39,9.5,1.0,6.87,66.23,2.0,13.0
30.66,0.0,6.51,10.22,1.0,14.23,1.469,6.25,6.8,1.0,7.47,96.2,2.0,37.7
18.46,0.0,6.56,14.16,1.0,6.57,1.556,18.13,3.78,0.0,4.82,77.8,2.0,44.5
10.04,0.0,12.2,6.35,0.0,0.27,0.452,4.46,4.5,0.0,3.46,100.0,8.0,9.3
28.78,10.54,7.08,13.6,1.0,9.45,1.361,1.75,4.66,1.0,8.67,70.56,2.0,41.5
55.07,0.0,5.12,24.59,0.0,11.89,0.556,6.1,2.43,1.0,7.99,97.28,4.0,35.5
11.0,0.0,9.7,17.48,0.0,45.42,0.622,2.36,1.15,0.0,7.05,25.81,2.0,23.1
42.49,0.0,8.41,19.53,1.0,16.66,0.94,4.34,3.65,0.0,5.05,80.97,2.0,29.2
30.68,6.21,6.68,12.33,1.0,79.27,0.839,1.57,7.05,0.0,7.73,54.96,2.0,52.3
56.42,0.0,5.51,14.41,1.0,15.25,1.049,18.07,1.4,0.0,4.71,72.78,2.0,60.2
10.29,0.0,10.16,23.29,0.0,6.11,1.935,15.05,4.65,1.0,4.07,76.88,2.0,29.4
25.55,0.0,10.13,29.67,0.0,18.81,0.701,15.12,4.2,0.0,5.26,79.12,4.0,19.5
50.77,12.96,6.57,34.11,0.0,13.56,4.762,10.37,3.87,0.0,0.55,97.55,2.0,43.5
37.8,0.0,8.01,13.27,0.0,17.89,0.867,11.28,4.21,0.0,5.46,77.59,4.0,14.7
32.08,0.0,6.47,21.65,1.0,64.28,0.479,3.03,6.54,0.0,5.55,60.59,2.0,42.4
19.95,0.0,9.36,28.96,1.0,2.84,0.596,2.5,3.04,1.0,2.87,78.78,2.0,41.6
58.84,0.0,5.97,27.31,1.0,13.64,2.029,6.16,4.07,0.0,1.11,52.02,2.0,48.4
35.33,3.08,5.03,20.51,0.0,2.71,1.098,3.01,6.02,0.0,2.96,100.0,2.0,30.0
42.94,0.0,9.96,44.92,0.0,72.64,1.306,5.76,3.06,1.0,6.86,47.49,4.0,35.6
50.03,0.0,5.44,18.92,1.0,12.84,0.927,4.61,6.61,0.0,2.4,82.6,2.0,40.7
36.89,0.0,4.1,14.6,1.0,8.85,0.478,0.99,7.78,0.0,7.54,91.43,2.0,36.6
50.12,0.0,10.11,16.84,0.0,2.57,0.464,15.73,3.74,0.0,2.74,80.49,4.0,26.6
27.41,0.0,4.69,7.8,0.0,5.62,0.604,4.23,7.51,1.0,8.71,58.17,4.0,22.9
50.89,15.19,4.87,41.55,1.0,5.65,1.024,5.75,3.29,1.0,2.9,56.62,2.0,44.0
6.54,0.0,6.61,14.07,0.0,0.92,0.631,4.03,1.54,0.0,7.74,90.75,4.0,20.5
54.17,0.0,5.93,20.08,0.0,2.92,0.907,10.98,8.66,1.0,8.58,76.95,4.0,23.7
10.84,0.0,13.12,13.21,0.0,12.17,0.778,1.15,5.07,1.0,3.66,60.37,2.0,11.3
26.9,0.0,7.99,37.53,1.0,0.76,1.719,8.44,5.45,1.0,7.19,55.54,2.0,38.8
67.15,0.0,7.71,18.57,0.0,9.48,1.002,0.37,3.67,1.0,8.09,57.0,4.0,24.8
15.79,0.0,10.11,32.02,0.0,11.91,1.309,30.29,2.89,0.0,7.95,71.75,4.0,25.2
55.03,9.09,4.97,23.42,0.0,4.93,1.105,17.93,4.96,0.0,1.98,100.0,4.0,32.3
21.42,10.35,9.27,19.77,0.0,19.9,2.839,3.23,9.66,0.0,8.39,45.22,2.0,34.9
15.67,0.0,9.28,19.03,0.0,9.15,1.16,2.1,4.12,1.0,6.51,26.75,8.0,25.1
28.66,0.0,9.65,39.31,0.0,15.08,0.448,20.24,7.33,1.0,10.0,68.4,4.0,19.9
31.99,9.6,5.44,12.08,1.0,4.45,0.78,11.42,9.62,0.0,8.27,58.16,2.0,34.2
29.67,4.55,8.45,9.78,1.0,0.68,1.057,4.22,4.68,0.0,0.0,63.46,2.0,36.3
14.83,0.0,8.54,8.67,1.0,1.46,1.314,5.61,5.17,0.0,6.33,49.41,2.0,29.4
41.28,7.36,9.14,27.51,1.0,5.85,1.171,1.72,4.33,1.0,6.63,92.23,2.0,41.2
23.67,1.22,7.06,35.21,0.0,6.08,0.448,3.31,3.76,0.0,6.82,60.48,2.0,18.4
21.6,0.0,12.42,9.7,0.0,3.84,0.676,6.74,3.81,0.0,6.15,78.19,2.0,16.6
45.38,12.82,6.78,13.33,0.0,6.69,1.177,1.47,0.0,0.0,5.62,97.23,4.0,32.6
55.78,4.66,6.52,44.45,0.0,2.43,1.815,2.28,3.99,0.0,6.44,65.56,4.0,37.3
41.77,6.46,6.49,17.15,0.0,17.73,2.775,3.55,3.34,1.0,5.0,52.6,2.0,37.7
18.56,0.0,8.43,11.83,0.0,41.06,1.39,1.35,5.16,1.0,3.31,61.43,2.0,23.7
46.94,0.0,6.33,22.79,0.0,14.62,1.857,18.85,10.0,1.0,8.27,66.02,8.0,35.1
13.24,0.0,9.94,12.53,0.0,18.29,0.463,12.69,6.0,1.0,7.6,76.77,4.0,21.7
8.19,0.0,8.73,19.69,0.0,18.72,1.563,2.02,5.61,0.0,7.4,67.26,4.0,21.6
8.94,0.0,12.62,4.76,0.0,11.32,1.393,3.82,4.07,1.0,8.17,70.01,4.0,14.4
14.0,0.0,7.71,5.17,0.0,6.53,0.976,15.97,6.35,1.0,6.08,60.72,8.0,25.3
32.7,0.0,7.78,22.42,0.0,18.12,2.084,1.75,5.04,1.0,7.64,70.97,8.0,33.1
46.97,0.0,6.72,26.68,0.0,19.45,1.245,8.98,3.16,1.0,9.74,73.03,2.0,22.7
17.7,6.67,11.41,22.01,1.0,15.05,0.955,14.01,5.97,0.0,5.39,77.68,2.0,32.5
47.21,6.09,3.96,28.61,1.0,33.69,1.114,3.19,2.9,1.0,2.83,34.97,2.0,62.9
5.37,0.0,9.03,3.06,0.0,3.33,1.507,12.83,4.21,0.0,7.88,48.17,8.0,23.8
40.8,0.0,8.4,26.79,0.0,12.54,0.766,4.72,4.6,0.0,2.89,42.63,2.0,29.0
17.41,0.0,6.22,20.36,0.0,4.7,1.07,8.76,4.4,0.0,3.81,86.47,4.0,21.9
22.45,24.39,10.69,7.75,0.0,75.03,1.893,5.37,8.55,1.0,4.91,37.88,2.0,42.2
27.23,9.24,5.21,30.02,0.0,8.01,0.479,1.05,7.16,0.0,5.39,61.03,4.0,26.5
30.24,0.0,8.16,11.71,0.0,8.0,0.879,5.23,2.43,1.0,6.22,68.48,8.0,22.8
31.64,0.0,11.42,11.52,0.0,10.16,0.695,1.09,2.92,1.0,8.31,42.32,8.0,30.6
13.67,11.37,6.48,21.37,0.0,7.7,0.665,17.42,5.53,1.0,8.78,59.77,2.0,27.4
28.74,0.0,8.43,10.0,1.0,38.23,0.531,2.05,8.17,0.0,1.81,100.0,2.0,28.8
15.21,0.0,7.85,11.86,0.0,9.63,0.387,6.26,4.25,1.0,2.6,69.5,4.0,19.9
8.77,0.0,8.63,9.11,0.0,6.02,0.523,10.9,2.07,0.0,3.78,100.0,2.0,13.9
29.58,0.0,10.28,13.16,1.0,11.82,0.43,9.69,5.54,0.0,6.84,59.32,2.0,35.3
26.86,0.0,7.35,11.23,0.0,8.38,0.725,3.27,4.29,1.0,7.72,80.19,2.0,16.3
6.87,0.0,3.48,45.28,0.0,8.09,2.177,3.57,9.45,0.0,6.49,60.46,4.0,28.7
13.79,0.0,8.52,20.55,0.0,17.12,0.19,10.58,3.19,1.0,4.52,71.91,4.0,17.7
6.51,0.0,8.93,6.73,1.0,14.82,0.994,5.32,2.79,0.0,2.53,82.12,2.0,22.8
53.27,0.0,7.79,18.57,1.0,15.84,0.697,15.68,4.01,0.0,6.46,59.49,2.0,46.8
9.81,0.0,8.34,15.56,0.0,12.69,0.57,5.51,2.82,1.0,4.7,77.55,2.0,13.9
27.21,0.0,6.46,13.68,1.0,17.6,0.532,3.56,5.81,1.0,7.63,61.59,2.0,38.7
25.61,17.12,5.69,20.23,0.0,74.9,0.432,15.25,4.44,1.0,3.8,63.4,2.0,37.5
49.79,6.38,10.27,15.55,0.0,0.58,1.029,1.87,7.21,1.0,6.55,88.16,2.0,28.8
4.59,0.0,8.78,12.17,0.0,10.05,0.368,4.69,10.0,0.0,3.52,93.67,8.0,2.3
55.48,1.84,8.42,32.75,1.0,31.37,1.752,6.5,4.36,0.0,6.18,84.18,2.0,34.5
43.3,0.0,5.63,21.31,0.0,17.83,0.773,6.6,2.05,1.0,3.67,66.72,4.0,36.2
32.7,0.0,7.44,15.56,0.0,10.32,3.707,8.26,3.95,0.0,6.81,91.64,4.0,28.3
33.61,14.31,4.27,23.45,0.0,54.05,0.808,6.97,3.33,1.0,7.21,78.39,4.0,37.7
31.83,6.57,9.84,8.58,0.0,9.01,1.263,6.67,6.5,0.0,6.71,59.83,4.0,15.0
10.72,0.0,5.57,21.51,0.0,8.46,1.569,3.31,6.24,0.0,3.44,49.87,2.0,26.5
26.59,11.6,7.55,7.47,0.0,11.14,0.816,9.51,6.26,0.0,6.61,37.69,4.0,29.3
39.48,5.1,7.89,31.29,0.0,5.3,1.566,5.3,4.77,1.0,5.84,100.0,4.0,29.8
38.96,0.0,8.38,16.85,0.0,6.6,0.719,10.89,4.3,0.0,7.85,41.07,2.0,30.1
25.57,6.3,2.79,26.49,0.0,19.22,0.693,9.33,7.08,1.0,3.73,63.12,2.0,35.3
21.37,0.0,4.31,29.16,0.0,9.77,1.204,19.06,7.44,0.0,1.76,75.54,4.0,25.9
20.54,0.0,8.62,12.71,0.0,16.96,0.852,26.29,9.05,1.0,6.84,45.89,4.0,25.7
5.69,0.0,6.98,23.84,1.0,19.23,1.722,10.95,7.38,0.0,5.3,97.24,2.0,36.3
34.46,0.0,6.68,20.97,0.0,16.2,0.934,5.38,5.48,0.0,5.37,100.0,4.0,22.9
9.95,0.0,7.85,17.44,0.0,7.91,2.815,1.69,3.06,1.0,8.18,71.26,4.0,25.5
15.21,0.0,6.44,30.54,0.0,56.86,1.272,5.31,7.21,0.0,2.18,57.83,8.0,30.6
3.77,0.0,6.44,14.5,1.0,16.08,2.272,3.43,5.04,0.0,8.45,54.63,2.0,41.7
11.21,0.0,8.66,22.94,1.0,12.31,0.359,3.71,5.63,0.0,4.8,75.08,2.0,29.5
17.8,5.39,4.01,45.45,1.0,6.36,0.641,7.06,5.05,1.0,8.51,31.37,2.0,48.9
8.51,8.97,6.66,22.13,0.0,16.17,0.624,4.43,0.33,0.0,5.14,69.0,4.0,24.5
50.1,3.63,5.73,19.45,0.0,36.33,1.047,3.25,6.97,1.0,8.93,77.7,8.0,32.7
4.37,0.0,8.82,13.8,0.0,15.62,0.766,2.4,3.52,0.0,10.0,56.63,8.0,21.1
17.99,4.08,12.75,9.72,0.0,10.14,4.33,1.85,5.72,1.0,4.97,72.95,4.0,31.4
10.23,0.0,6.73,15.78,0.0,12.25,1.567,9.65,5.97,0.0,5.18,77.1,8.0,25.2
23.59,15.0,7.31,13.77,0.0,7.3,0.444,2.29,4.12,0.0,4.62,74.94,8.0,21.6
32.58,27.52,5.16,22.5,1.0,80.27,2.441,9.3,7.01,0.0,7.59,50.6,2.0,66.2
26.69,0.0,9.32,27.02,0.0,14.41,0.733,6.05,9.39,1.0,8.37,79.98,4.0,17.3
37.95,0.0,7.43,14.52,0.0,7.65,0.99,10.23,4.51,1.0,9.04,53.93,4.0,25.7
55.77,11.96,8.78,24.67,0.0,8.11,0.935,1.14,4.2,0.0,4.15,50.41,8.0,29.5
4.52,0.0,10.23,4.9,0.0,5.96,1.14,11.16,4.95,1.0,8.52,57.18,4.0,19.2
28.46,0.0,9.55,12.42,0.0,15.93,0.454,13.37,6.23,0.0,3.22,72.31,2.0,16.4
58.13,0.0,4.43,26.8,0.0,16.56,3.533,8.69,3.59,1.0,5.89,34.97,8.0,48.1
11.99,0.0,8.83,10.32,0.0,3.14,0.488,0.44,3.86,1.0,9.23,48.4,2.0,20.3
18.09,0.0,7.44,34.99,0.0,48.95,0.844,8.93,4.87,0.0,6.86,42.52,2.0,27.0
17.96,0.0,6.74,5.82,0.0,4.91,0.567,27.23,3.46,0.0,7.07,71.85,2.0,28.2
26.07,0.0,6.97,41.81,1.0,4.88,0.369,8.74,3.61,1.0,5.27,54.47,2.0,40.1
13.61,1.34,8.32,23.44,0.0,3.81,0.217,7.92,6.15,1.0,8.47,49.5,4.0,13.3
30.51,0.0,9.0,24.58,1.0,74.23,1.653,8.26,3.4,0.0,3.02,35.34,2.0,48.8
25.05,0.0,10.21,25.27,0.0,7.91,1.206,6.7,5.61,0.0,5.11,51.58,8.0,25.3
40.5,0.0,9.65,28.82,0.0,5.86,0.839,10.41,2.81,0.0,6.63,58.77,4.0,21.4
27.31,6.31,8.01,13.63,0.0,4.13,1.209,2.46,5.32,1.0,7.71,48.09,2.0,28.3
59.82,0.0,7.32,35.83,1.0,12.56,0.835,11.45,3.25,0.0,7.42,71.29,2.0,48.9
13.71,0.0,7.94,16.58,0.0,15.9,0.587,3.0,4.79,0.0,1.9,64.22,8.0,24.5
51.56,15.28,5.12,14.57,0.0,8.66,0.725,2.32,8.04,0.0,4.13,90.09,4.0,29.9
8.35,0.0,7.19,7.48,0.0,0.15,0.274,1.03,3.31,1.0,4.38,100.0,8.0,8.4
14.77,0.0,7.7,7.51,1.0,83.02,0.419,11.75,2.99,0.0,4.21,54.4,2.0,46.3
34.2,0.0,8.68,17.32,0.0,16.58,0.562,9.05,5.57,0.0,4.96,76.17,4.0,19.8
14.13,11.65,10.26,4.37,0.0,12.27,1.069,9.54,4.31,0.0,5.06,79.52,4.0,20.5
31.72,0.0,7.75,26.21,1.0,16.91,0.948,10.5,10.0,0.0,6.74,69.11,2.0,36.9
17.31,0.0,6.87,25.25,0.0,0.23,0.704,1.34,1.61,1.0,8.87,56.18,8.0,21.8
9.13,0.0,10.66,8.88,1.0,4.47,0.92,5.6,5.0,0.0,4.0,75.72,2.0,28.5
26.58,0.0,4.2,21.22,0.0,13.03,0.596,0.84,10.0,0.0,5.91,45.06,2.0,25.2
8.17,0.0,10.84,33.4,1.0,7.52,0.306,4.39,5.66,1.0,10.0,75.85,2.0,30.2
20.68,0.0,5.51,12.39,0.0,55.89,0.523,13.24,5.64,0.0,8.22,58.87,4.0,24.0
19.08,0.0,9.74,11.99,0.0,18.3,0.948,17.83,1.61,0.0,5.06,70.37,8.0,26.1
48.48,3.03,6.23,20.41,0.0,8.07,0.776,10.65,4.22,0.0,6.13,70.62,4.0,22.0
25.32,0.0,8.88,23.44,0.0,16.88,0.89,3.24,5.18,0.0,4.94,92.23,4.0,11.8
50.57,0.0,11.65,19.73,1.0,19.31,1.005,2.32,0.39,0.0,0.38,53.44,2.0,36.3
14.92,0.0,6.88,12.16,0.0,0.54,0.609,6.72,7.04,1.0,4.48,84.89,4.0,13.1
55.92,5.78,4.63,30.59,0.0,18.96,0.597,10.31,2.73,0.0,3.99,68.67,4.0,35.1
33.08,2.22,7.9,24.1,0.0,14.41,0.688,1.7,7.74,1.0,6.13,93.84,4.0,24.4
16.08,0.0,11.57,10.28,1.0,54.33,0.999,2.75,0.81,0.0,4.22,38.4,2.0,45.9
16.59,11.61,7.47,7.79,0.0,55.98,1.509,8.33,6.33,0.0,3.52,59.66,2.0,34.6
27.25,0.0,8.27,14.35,0.0,67.56,1.531,5.85,7.05,1.0,6.91,66.27,4.0,35.8
36.37,0.0,8.25,18.33,1.0,9.47,1.518,3.72,2.56,1.0,6.53,68.31,2.0,36.0
12.66,0.0,6.61,15.61,0.0,76.59,0.308,7.42,6.81,0.0,3.56,30.68,4.0,26.3
52.7,0.0,7.78,23.76,0.0,14.34,2.127,11.47,4.59,0.0,3.73,56.19,8.0,22.8
10.46,0.0,7.9,5.35,0.0,79.32,0.409,2.74,2.55,0.0,3.64,42.94,2.0,25.5
6.59,0.0,11.45,8.58,0.0,19.03,0.51,1.29,2.65,0.0,7.25,100.0,4.0,16.8
14.74,0.0,10.15,4.61,0.0,6.07,0.894,1.89,4.72,0.0,6.06,70.95,4.0,14.5
61.74,5.91,3.79,27.83,1.0,10.34,2.092,3.41,5.31,0.0,4.15,50.1,2.0,51.5
19.92,0.0,7.84,8.42,1.0,64.83,0.453,5.43,6.49,0.0,6.49,73.79,2.0,33.5
22.68,11.28,8.02,7.6,0.0,6.73,4.278,8.99,4.72,0.0,4.07,61.43,4.0,38.9
41.78,0.0,5.78,18.31,0.0,5.53,0.963,1.32,6.5,1.0,6.53,92.44,4.0,21.4
25.9,0.0,6.06,20.54,0.0,10.32,0.825,14.24,5.47,1.0,6.45,54.03,2.0,30.7
49.22,6.72,5.79,22.64,0.0,5.29,1.117,2.9,5.04,0.0,7.29,50.01,2.0,35.7
12.67,0.0,9.31,37.07,0.0,0.36,1.444,6.71,2.16,1.0,7.54,60.2,8.0,25.6
48.27,0.0,9.63,13.4,0.0,5.31,1.593,25.05,2.82,1.0,6.18,78.13,4.0,27.5
34.37,8.82,7.38,9.82,0.0,2.7,0.528,2.92,5.22,1.0,9.69,78.47,2.0,23.7
0.96,0.0,13.9,6.04,0.0,0.79,1.034,2.87,6.3,0.0,4.64,94.21,2.0,4.7
30.64,0.0,6.73,27.89,0.0,9.44,1.291,12.15,7.71,1.0,4.88,100.0,8.0,27.1
18.98,0.0,9.91,11.06,0.0,12.83,1.967,13.8,6.28,0.0,3.64,79.26,4.0,24.5
27.34,10.11,4.75,10.99,0.0,18.1,0.31,3.54,6.61,0.0,1.84,54.92,2.0,21.7
11.92,0.0,11.86,17.82,0.0,4.12,2.053,2.4,7.16,1.0,5.58,85.79,8.0,26.0
45.9,4.14,9.84,18.44,0.0,1.52,2.023,1.06,4.56,1.0,6.11,70.94,8.0,29.9
55.6,8.67,7.71,40.1,0.0,14.56,1.98,0.84,7.13,0.0,2.75,68.38,4.0,37.3
13.48,0.0,5.12,11.47,1.0,10.35,2.347,4.22,6.56,0.0,3.54,66.73,2.0,43.8
36.12,0.0,9.32,29.52,1.0,18.3,1.987,0.3,6.7,1.0,4.9,49.01,2.0,42.1
25.44,0.0,6.6,15.09,1.0,9.33,1.309,6.72,5.52,1.0,8.87,54.04,2.0,36.9
17.27,0.0,9.39,18.44,0.0,17.36,0.77,9.75,6.14,0.0,1.75,45.53,8.0,21.0
27.31,1.1,5.14,29.75,1.0,1.3,0.463,1.78,5.44,1.0,4.48,38.02,2.0,42.8
26.9,0.0,8.73,7.95,0.0,83.16,0.538,11.21,1.66,1.0,7.1,61.83,4.0,34.0
20.11,0.0,7.69,5.76,0.0,8.24,2.192,7.78,8.19,0.0,1.76,95.21,8.0,18.5
47.71,0.0,6.01,13.38,0.0,17.34,0.921,7.59,7.25,0.0,5.27,74.75,4.0,28.7
27.58,3.3,8.96,10.54,1.0,0.73,0.845,1.8,5.48,0.0,2.66,81.99,2.0,29.3
38.78,4.6,7.18,33.4,1.0,3.75,1.29,4.79,6.72,0.0,5.87,100.0,2.0,32.9
30.37,0.0,7.68,45.01,0.0,11.76,0.791,10.22,3.87,1.0,5.75,49.64,8.0,23.8
15.43,0.0,10.01,13.16,0.0,40.53,1.076,3.24,3.49,1.0,6.06,92.26,2.0,23.2
34.87,0.0,11.76,15.41,0.0,64.42,0.883,14.59,4.15,1.0,8.37,82.6,8.0,31.9
24.47,0.0,8.82,19.66,1.0,46.86,1.0,6.75,4.65,0.0,5.07,62.94,2.0,38.2
53.52,0.0,3.78,18.36,1.0,10.6,1.389,10.52,5.1,0.0,1.63,48.28,2.0,56.6
40.62,0.0,4.66,23.06,0.0,14.97,0.746,1.96,2.09,0.0,5.13,76.69,4.0,41.4
64.14,0.0,7.21,39.03,0.0,12.54,1.49,7.6,0.72,0.0,4.48,100.0,2.0,43.6
55.44,0.0,9.39,27.51,0.0,14.9,0.987,1.64,2.22,0.0,4.3,85.53,8.0,27.8
17.09,17.15,6.7,7.43,0.0,6.94,2.551,3.38,3.23,0.0,4.04,54.45,4.0,38.9
14.29,0.0,9.59,12.59,0.0,14.33,0.2,0.84,7.77,0.0,3.19,80.9,4.0,3.1
6.78,0.0,8.68,42.37,1.0,10.74,1.763,11.56,0.79,0.0,5.43,63.92,2.0,39.6
15.19,0.0,10.47,18.74,0.0,10.17,0.674,7.87,6.5,1.0,5.68,79.41,2.0,13.3
29.61,0.0,9.34,13.54,1.0,12.52,1.53,19.15,2.72,0.0,8.57,50.12,2.0,42.5
27.54,7.79,5.2,11.73,1.0,10.08,0.83,5.51,4.14,1.0,10.0,78.51,2.0,44.1
10.57,0.0,9.58,8.6,0.0,74.09,1.202,2.77,5.44,1.0,6.87,50.29,8.0,33.1
28.46,23.18,2.28,25.79,0.0,6.32,1.205,17.12,5.13,0.0,6.65,33.12,2.0,43.7
31.11,0.0,8.96,19.83,0.0,12.03,0.86,43.95,6.47,1.0,6.48,68.67,4.0,30.5
26.34,0.0,7.64,10.1,0.0,44.9,0.554,13.22,0.0,0.0,4.1,49.33,4.0,26.0
14.28,0.0,8.89,25.55,1.0,0.01,1.134,14.72,9.47,1.0,7.02,49.56,2.0,24.0
48.24,8.27,7.21,51.82,0.0,1.25,1.749,2.71,7.01,1.0,5.12,43.44,4.0,35.4
24.87,0.0,8.82,18.8,1.0,17.59,0.345,4.55,3.5,1.0,5.25,57.03,2.0,36.3
22.31,18.81,8.91,30.84,0.0,16.93,0.899,13.24,6.6,0.0,8.99,60.43,8.0,34.6
12.35,0.0,8.7,6.08,0.0,19.15,0.35,6.25,7.84,1.0,6.87,69.97,4.0,9.6
67.08,20.97,4.85,25.24,0.0,8.94,1.758,7.52,10.0,1.0,8.03,56.64,2.0,36.1
33.28,0.0,10.66,10.92,0.0,5.42,0.355,2.56,6.96,0.0,6.43,53.29,4.0,7.1
15.72,0.0,12.32,23.23,0.0,19.97,0.469,6.66,4.63,1.0,5.23,57.86,4.0,21.1
27.3,0.0,8.15,16.84,1.0,12.17,0.765,8.32,4.51,1.0,4.2,68.87,2.0,31.7
33.23,6.67,6.18,9.04,0.0,18.16,1.087,3.98,2.47,0.0,8.17,64.99,4.0,27.5
24.98,0.0,7.33,9.29,0.0,7.15,0.91,22.68,7.57,0.0,5.42,70.29,4.0,23.7
35.76,0.0,8.83,17.91,0.0,15.45,2.016,6.55,6.13,0.0,5.02,48.65,4.0,35.0
13.49,0.0,8.19,4.86,1.0,70.95,2.095,9.78,6.34,1.0,7.81,34.97,2.0,49.2
18.63,0.0,4.94,7.93,0.0,51.12,1.538,11.82,5.78,0.0,5.82,71.84,4.0,36.6
32.55,0.0,10.27,31.87,0.0,4.85,0.825,4.88,0.0,1.0,9.01,75.22,4.0,27.9
50.99,0.0,9.1,17.39,0.0,30.72,1.174,3.48,2.88,0.0,6.72,29.63,8.0,43.6
17.28,0.0,10.77,16.77,0.0,9.39,0.626,3.75,0.0,0.0,4.98,70.69,4.0,19.7
31.42,0.0,10.75,28.93,0.0,15.08,0.867,12.61,5.98,1.0,7.01,63.24,2.0,21.4
38.93,0.0,8.21,27.9,0.0,45.6,2.228,3.52,3.48,0.0,7.71,39.61,2.0,35.1
28.72,2.44,8.37,39.45,0.0,2.13,2.558,22.06,4.82,1.0,3.91,100.0,8.0,39.2
11.72,0.0,10.66,25.3,1.0,69.84,1.625,1.21,4.51,1.0,7.2,28.68,2.0,56.1
73.29,0.0,4.37,30.4,0.0,7.58,1.544,21.81,9.13,1.0,4.67,84.36,4.0,34.9
13.46,2.64,7.57,5.15,1.0,18.53,0.889,9.45,3.8,0.0,1.68,49.24,2.0,28.2
28.75,0.0,8.02,16.55,0.0,16.74,1.12,6.35,4.03,0.0,3.52,45.42,8.0,27.7
15.26,0.0,10.39,22.1,0.0,6.34,0.929,2.08,2.85,0.0,2.74,69.49,2.0,10.8
24.02,1.88,6.98,9.94,0.0,12.21,1.732,2.89,2.72,1.0,8.14,48.39,4.0,25.5
25.04,0.0,6.82,30.26,0.0,8.83,1.229,6.85,4.19,1.0,3.16,89.85,2.0,18.6
12.03,0.0,7.78,13.04,0.0,73.88,0.781,3.72,3.93,0.0,7.38,78.21,4.0,23.9
10.13,10.06,8.43,20.74,0.0,49.0,1.382,2.69,5.6,0.0,4.24,55.24,2.0,20.8
18.41,5.12,7.7,22.71,0.0,8.15,0.881,5.9,1.38,0.0,6.61,72.47,8.0,27.1
23.85,0.0,5.38,24.78,1.0,57.37,0.614,4.28,2.37,1.0,5.69,73.17,2.0,46.2
44.31,0.0,5.16,17.35,0.0,19.0,0.719,15.88,5.61,0.0,3.5,45.61,4.0,34.6
14.73,0.0,8.83,36.29,0.0,0.91,0.265,11.02,2.17,1.0,6.24,94.4,4.0,13.7
22.1,0.0,8.68,33.13,0.0,0.43,3.469,10.99,4.75,1.0,6.15,57.51,4.0,35.6
20.49,7.15,7.58,16.29,0.0,10.45,1.249,6.92,5.5,0.0,4.28,65.55,4.0,21.9
27.29,0.0,7.24,9.64,0.0,68.64,1.142,2.21,4.53,0.0,3.36,55.11,4.0,32.7
46.71,6.15,8.44,18.22,0.0,18.32,0.616,7.07,4.34,1.0,6.79,55.29,2.0,22.5
35.33,0.0,8.68,15.09,1.0,73.76,0.582,8.04,5.33,0.0,5.47,47.69,2.0,49.6
20.44,0.0,9.06,6.73,0.0,9.54,1.081,9.05,3.04,0.0,5.88,74.54,4.0,19.4
40.26,3.04,8.17,15.1,1.0,16.54,0.961,7.14,9.12,0.0,7.41,75.99,2.0,32.0
8.75,0.0,11.93,17.77,1.0,6.83,0.313,13.35,3.4,1.0,7.21,47.47,2.0,34.1
19.54,0.0,6.37,13.4,0.0,1.31,0.479,1.92,7.11,0.0,6.24,66.76,4.0,19.4
36.58,0.0,7.06,28.2,0.0,16.95,0.773,3.87,6.62,1.0,9.83,48.44,4.0,31.3
33.85,0.0,7.31,15.9,0.0,5.33,1.18,7.07,0.47,0.0,3.46,50.09,4.0,30.9
19.02,2.11,10.69,6.25,0.0,19.77,0.595,6.61,2.36,0.0,6.25,96.33,4.0,17.2
18.65,0.0,7.69,7.34,0.0,5.06,0.676,2.78,5.78,0.0,3.58,63.74,2.0,9.6
8.4,0.0,7.16,11.72,1.0,12.55,0.165,3.69,9.78,0.0,3.63,45.21,2.0,24.5
26.69,0.0,7.99,16.22,0.0,18.59,1.123,3.84,6.7,0.0,5.14,73.55,8.0,21.4
11.0,0.0,8.88,7.75,1.0,5.23,0.51,1.17,7.9,0.0,0.0,60.23,2.0,25.6
14.24,0.0,10.97,8.34,0.0,8.53,2.021,2.34,4.45,0.0,4.44,69.04,2.0,16.4
27.78,0.0,7.41,26.8,0.0,8.6,2.03,12.36,8.52,0.0,3.46,49.46,4.0,31.5
62.36,8.58,4.72,16.5,0.0,10.63,1.45,9.08,7.65,1.0,4.05,67.26,2.0,42.6
32.52,19.47,3.87,21.38,0.0,7.39,1.464,11.4,0.0,0.0,6.33,83.24,2.0,45.5
27.45,7.35,6.61,14.5,0.0,10.67,2.305,22.34,3.99,1.0,5.53,83.32,2.0,38.2
5.67,0.0,13.96,21.22,0.0,12.56,1.32,8.35,3.56,0.0,6.0,89.75,4.0,17.4
20.07,13.76,7.51,47.34,0.0,41.29,0.98,0.79,2.61,0.0,6.51,56.72,4.0,30.6
66.53,0.0,8.2,18.88,0.0,12.46,0.89,6.6,5.47,0.0,6.68,55.89,2.0,36.1
23.93,28.52,4.86,23.15,0.0,42.3,1.218,9.28,8.45,0.0,9.69,62.77,8.0,45.4
42.58,10.27,6.77,27.12,0.0,5.21,0.671,6.41,4.61,0.0,3.74,66.57,4.0,19.5
27.57,12.89,8.2,11.09,1.0,1.57,2.293,2.58,3.44,0.0,2.62,63.62,2.0,47.0
32.88,0.0,9.14,14.29,0.0,17.2,0.581,8.18,5.59,1.0,10.0,48.09,8.0,27.4
42.58,0.0,8.42,18.85,0.0,8.57,0.971,11.74,5.87,1.0,6.41,100.0,8.0,25.8
41.32,0.0,7.79,26.24,0.0,5.83,0.559,7.45,5.73,0.0,4.59,72.98,4.0,28.7
2.64,0.0,8.22,11.39,0.0,13.42,0.141,12.52,2.14,0.0,6.74,36.46,8.0,19.4
2.85,0.0,9.76,29.37,1.0,7.26,1.929,6.11,7.8,0.0,4.92,68.22,2.0,25.9
19.85,0.0,8.57,8.72,0.0,9.91,0.813,6.58,1.5,1.0,6.56,84.16,2.0,19.5
53.16,7.62,10.76,22.65,0.0,7.34,2.901,3.67,2.57,1.0,8.79,100.0,4.0,34.9
34.09,0.0,10.08,21.35,0.0,81.37,1.473,9.41,6.7,0.0,2.45,60.25,2.0,32.3
29.21,3.02,6.41,14.51,1.0,19.4,0.526,7.76,7.83,1.0,4.66,81.26,2.0,32.5
19.07,0.0,6.09,7.9,0.0,34.25,3.567,5.56,3.93,0.0,4.96,72.06,4.0,31.9
17.29,0.0,7.68,28.76,0.0,6.47,0.836,19.56,3.64,0.0,1.18,58.1,4.0,24.1
10.43,0.0,6.52,14.98,0.0,13.3,1.985,21.87,3.62,0.0,1.59,74.32,8.0,34.6
71.43,0.0,5.94,18.77,0.0,9.24,1.348,6.08,2.52,0.0,8.32,64.61,4.0,40.6
19.61,0.0,6.47,10.18,0.0,9.93,0.531,16.74,3.7,0.0,1.81,54.48,8.0,20.8
12.5,0.0,7.97,7.13,0.0,11.65,1.063,9.98,2.96,1.0,5.94,71.54,8.0,22.3
20.6,0.0,7.75,39.18,0.0,15.25,2.103,13.65,2.96,1.0,8.57,71.61,4.0,42.7
48.03,10.59,6.58,19.79,0.0,2.05,1.265,1.12,4.26,0.0,6.92,82.78,4.0,32.0
42.83,2.49,7.0,40.29,0.0,50.49,1.028,6.61,5.21,1.0,7.8,78.69,8.0,37.8
54.17,9.05,4.48,28.28,0.0,35.96,1.489,5.2,6.64,0.0,3.95,32.01,4.0,37.9
19.16,0.0,10.86,18.82,0.0,9.14,1.7,11.52,4.85,0.0,3.25,51.99,8.0,26.3
39.45,0.0,8.62,14.93,0.0,16.35,1.806,5.11,4.96,0.0,4.39,92.88,8.0,24.1
19.47,0.0,7.33,12.55,1.0,0.24,1.183,9.8,4.38,0.0,5.54,58.31,2.0,37.8
33.76,8.32,5.22,10.57,0.0,12.62,1.291,16.51,3.01,0.0,2.24,48.45,8.0,36.9
8.48,0.0,5.81,24.01,0.0,6.72,0.613,5.26,4.71,0.0,6.15,36.08,4.0,26.3
38.08,3.12,4.4,31.58,0.0,8.98,1.005,2.71,6.11,0.0,5.01,89.79,4.0,33.5
68.9,11.19,7.69,31.27,0.0,11.37,1.188,9.99,6.03,0.0,3.66,63.71,4.0,24.5
16.76,0.0,10.38,14.87,0.0,4.36,1.395,7.96,3.49,1.0,8.18,47.69,2.0,25.4
9.0,0.0,7.56,11.0,0.0,66.74,1.58,2.97,4.72,0.0,7.66,44.81,4.0,36.2
75.58,4.68,8.9,43.65,0.0,71.28,1.137,8.12,6.73,0.0,5.29,42.46,8.0,53.7
43.27,0.0,8.94,23.25,0.0,30.55,1.344,9.44,5.7,0.0,5.19,100.0,4.0,14.9
32.59,0.0,8.43,14.33,0.0,5.23,0.468,13.1,3.42,0.0,4.19,81.15,8.0,28.4
55.67,0.0,9.05,19.5,0.0,12.59,1.384,1.25,2.14,0.0,1.65,76.22,8.0,20.9
47.29,3.52,8.4,43.66,0.0,58.58,0.42,5.3,0.0,1.0,5.2,70.04,4.0,27.6
19.21,5.36,8.09,9.22,0.0,11.92,0.479,4.48,7.9,1.0,6.9,92.5,2.0,6.7
11.24,0.0,8.18,12.15,0.0,17.28,0.318,4.75,10.0,1.0,4.17,100.0,2.0,8.9
47.24,8.9,6.3,28.19,0.0,11.96,0.438,11.57,6.63,1.0,5.67,71.16,4.0,25.1
12.78,0.0,5.4,23.73,0.0,17.18,0.588,6.03,3.11,0.0,2.7,61.61,4.0,19.9
14.96,10.82,5.65,17.09,1.0,9.44,1.66,10.99,4.3,0.0,5.14,100.0,2.0,38.9
59.34,5.04,10.22,25.85,0.0,1.26,0.599,4.4,3.6,0.0,6.26,58.93,4.0,33.2
13.82,0.0,6.93,13.86,0.0,3.18,1.155,10.2,4.29,0.0,6.32,88.53,4.0,21.0
25.72,1.86,4.3,14.74,0.0,80.63,1.928,10.42,5.69,0.0,7.86,38.19,4.0,42.4
56.64,0.0,9.11,17.33,1.0,7.58,2.38,1.49,6.0,0.0,2.5,74.26,2.0,38.5
5.82,0.0,9.32,20.01,0.0,9.42,0.541,16.85,2.9,0.0,6.78,67.99,4.0,13.0
55.43,0.0,7.95,20.19,0.0,64.82,0.913,4.99,5.71,1.0,7.5,55.68,8.0,35.2
5.79,0.0,8.51,3.96,0.0,12.49,0.395,2.23,0.0,1.0,7.75,72.21,4.0,17.7
19.87,8.55,9.2,8.52,0.0,81.86,1.812,7.47,8.19,0.0,7.98,49.58,4.0,35.6
9.13,0.0,11.79,14.59,0.0,65.04,0.845,3.35,1.98,1.0,3.48,26.28,8.0,28.4
24.96,0.0,7.21,24.02,0.0,18.59,0.586,9.03,5.13,1.0,6.68,82.21,8.0,27.5
25.14,2.22,9.25,18.22,1.0,7.29,0.479,7.03,6.11,1.0,6.04,63.03,2.0,33.0
9.61,0.0,10.95,11.46,0.0,56.7,1.026,12.61,5.47,0.0,3.07,59.38,8.0,23.4
29.41,0.0,6.96,17.15,0.0,8.31,0.589,7.53,6.13,1.0,6.59,97.93,2.0,23.8
11.11,0.0,11.69,7.35,0.0,38.84,1.08,4.77,7.87,0.0,5.78,59.88,4.0,20.6
32.85,2.07,10.0,30.59,1.0,10.99,0.931,7.17,3.65,0.0,4.94,74.89,2.0,36.5
13.94,5.12,5.48,7.11,1.0,1.73,3.036,3.45,5.5,1.0,3.56,54.75,2.0,48.3
32.22,10.43,9.97,21.72,0.0,0.96,0.687,1.5,3.6,0.0,4.5,100.0,8.0,13.3
8.09,2.23,6.11,23.21,0.0,5.57,0.921,5.63,7.5,0.0,2.66,57.36,2.0,11.9
25.45,0.0,6.86,19.04,0.0,8.55,1.085,2.38,4.67,0.0,3.21,48.87,4.0,19.3
13.46,0.0,9.96,20.1,0.0,4.91,1.019,7.33,4.72,1.0,5.13,21.31,2.0,25.2
18.8,0.0,10.52,9.73,0.0,56.26,0.501,5.73,4.51,0.0,8.46,72.86,8.0,23.0
31.94,0.0,8.24,21.27,1.0,82.14,0.474,7.31,5.74,0.0,4.05,66.05,2.0,41.7
11.12,0.0,7.41,22.96,1.0,17.37,0.854,3.45,4.79,0.0,4.01,63.03,2.0,38.9
3.13,0.0,8.39,19.45,0.0,8.47,1.551,3.66,4.79,0.0,4.95,64.29,2.0,11.3
2.58,0.0,8.17,21.01,0.0,15.11,0.872,11.91,4.14,0.0,3.72,60.12,8.0,22.3
25.26,0.0,9.92,14.13,0.0,30.64,0.609,4.39,4.41,0.0,6.96,95.48,4.0,13.7
42.75,0.0,6.91,34.02,0.0,11.76,2.444,7.3,5.2,0.0,6.21,55.43,2.0,39.1
46.32,23.65,3.47,23.06,0.0,93.69,0.876,4.3,7.21,0.0,5.75,51.61,2.0,48.1
46.75,4.74,4.07,19.11,0.0,55.16,1.458,9.24,5.76,1.0,6.83,26.25,4.0,48.4
18.89,0.0,7.24,36.96,0.0,19.46,0.505,6.27,3.93,0.0,6.23,76.43,4.0,17.1
69.24,4.0,6.21,18.27,1.0,1.62,1.802,15.1,4.12,1.0,6.68,68.81,2.0,46.5
53.98,3.97,4.64,24.24,1.0,80.51,0.849,12.66,8.49,1.0,8.63,67.78,2.0,54.4
53.39,12.38,2.42,18.7,0.0,9.65,0.717,5.35,1.62,1.0,7.49,76.35,8.0,43.4
14.87,22.97,7.76,22.29,0.0,16.39,1.222,12.98,2.02,1.0,5.77,72.3,8.0,32.3
44.9,18.05,3.49,16.14,1.0,2.11,0.809,3.23,3.33,1.0,6.86,56.72,2.0,47.4
30.45,0.0,5.47,9.29,1.0,49.83,0.936,11.85,6.39,0.0,6.53,50.36,2.0,49.3
16.96,6.11,10.9,11.19,1.0,6.01,0.531,10.46,3.04,1.0,7.24,79.22,2.0,26.6
56.53,4.82,8.42,21.8,0.0,15.22,0.716,5.79,2.97,1.0,5.3,57.73,2.0,30.4
10.29,0.0,10.74,8.5,0.0,1.32,0.724,13.61,7.1,0.0,9.0,80.29,2.0,10.7
10.57,0.0,9.69,5.22,0.0,16.79,0.677,0.71,1.79,0.0,4.12,70.05,2.0,16.0
34.98,0.0,10.57,17.72,0.0,0.01,1.157,1.41,6.52,1.0,7.09,82.57,8.0,27.2
14.4,0.0,10.33,4.84,1.0,17.69,0.892,12.18,7.71,1.0,6.9,47.1,2.0,32.6
18.24,0.0,7.76,13.53,0.0,9.65,1.15,6.44,6.6,1.0,10.0,60.18,2.0,19.6
18.09,0.0,6.33,13.83,1.0,18.5,0.321,7.16,5.47,1.0,6.75,67.24,2.0,37.1
40.37,0.0,5.22,39.88,0.0,0.18,0.775,24.99,6.56,0.0,6.7,55.75,4.0,32.7
62.09,0.0,6.86,27.77,1.0,18.43,1.528,20.27,10.0,1.0,8.74,59.73,2.0,55.7
33.83,0.0,5.79,9.8,0.0,10.87,1.745,6.59,5.08,0.0,2.66,59.18,4.0,25.1
27.5,0.0,6.58,21.88,0.0,1.33,2.023,4.43,5.09,1.0,10.0,75.24,8.0,33.1
25.44,0.0,7.93,39.68,1.0,19.7,1.654,8.76,9.69,0.0,5.34,71.45,2.0,37.8
25.56,0.0,11.03,11.36,1.0,5.62,0.545,5.69,3.74,1.0,7.04,70.02,2.0,34.0
35.48,0.0,4.91,18.21,0.0,3.68,1.084,7.69,4.45,0.0,5.68,49.95,4.0,27.7
6.84,0.0,8.85,9.47,1.0,1.35,0.409,6.82,9.03,1.0,10.0,57.73,2.0,25.3
20.37,10.67,4.61,14.92,1.0,10.35,1.054,7.76,7.11,1.0,7.02,54.58,2.0,41.2
11.87,0.0,7.53,12.5,0.0,13.52,0.959,4.49,2.25,1.0,7.44,94.49,4.0,20.7
21.84,0.0,10.2,14.66,0.0,6.01,1.622,7.51,5.26,0.0,6.64,43.22,4.0,24.2
32.41,0.0,6.33,13.63,0.0,13.9,1.095,8.4,6.61,1.0,7.55,47.74,4.0,29.0
29.98,0.0,7.57,15.81,0.0,16.9,0.568,18.48,4.84,1.0,9.31,66.56,4.0,22.5
57.48,0.0,7.56,25.13,0.0,9.08,0.541,7.35,4.75,1.0,7.88,49.77,8.0,34.3
42.1,0.0,9.14,22.28,0.0,53.18,3.193,3.07,2.12,1.0,9.31,50.01,8.0,43.6
3.31,0.0,7.8,14.29,1.0,2.13,0.945,5.25,6.43,0.0,6.31,55.96,2.0,29.9
32.89,0.0,10.53,33.74,1.0,14.58,1.091,13.2,9.61,0.0,5.35,33.24,2.0,32.5
50.82,2.68,6.26,29.35,1.0,14.73,1.379,10.74,5.9,1.0,9.17,67.77,2.0,59.5
38.01,5.34,8.19,21.3,1.0,11.15,1.071,1.19,7.12,0.0,6.62,39.95,2.0,51.6
47.47,6.54,6.41,19.4,0.0,2.79,0.629,3.5,3.08,0.0,4.73,100.0,4.0,27.7
37.08,0.0,9.37,53.67,0.0,10.88,0.915,2.07,2.67,0.0,3.63,58.5,2.0,24.0
46.8,0.0,11.65,12.97,1.0,3.3,0.801,3.93,3.27,0.0,5.43,62.39,2.0,32.7
31.89,5.77,6.8,21.3,0.0,1.7,1.757,5.9,5.67,1.0,9.46,53.26,2.0,26.8
30.78,0.0,8.04,26.86,0.0,10.82,1.393,5.57,5.27,0.0,2.98,68.69,2.0,19.9
37.98,0.0,7.0,20.34,0.0,45.9,1.532,15.45,1.44,0.0,4.72,68.06,8.0,42.1
18.61,0.0,7.27,9.86,0.0,16.06,0.243,22.13,4.24,0.0,4.9,35.08,2.0,22.6
15.01,0.0,7.15,18.6,0.0,4.09,2.0,6.28,5.11,1.0,9.08,74.53,8.0,38.8
29.01,0.0,8.09,10.78,0.0,18.64,0.457,3.86,5.76,0.0,2.82,72.3,8.0,16.0
20.42,0.0,6.83,24.37,0.0,36.65,0.559,4.41,5.16,0.0,7.08,36.81,8.0,27.3
47.05,2.01,5.85,14.91,0.0,79.02,1.259,10.29,6.95,0.0,3.69,65.06,2.0,38.4
60.69,4.45,0.31,42.71,0.0,3.34,0.964,0.86,2.0,0.0,5.1,46.18,2.0,47.3
12.61,0.0,11.39,18.04,0.0,16.01,0.113,9.18,9.04,1.0,8.73,57.94,2.0,11.7
4.07,0.0,12.17,12.31,1.0,13.15,0.235,5.87,0.57,0.0,8.07,57.52,2.0,33.3
12.5,0.0,9.92,11.86,0.0,3.7,1.652,8.86,7.39,0.0,7.36,45.4,4.0,14.9
18.16,0.0,6.71,14.2,0.0,10.03,0.866,2.05,7.97,1.0,5.92,47.62,4.0,25.5
56.28,11.0,3.46,18.05,1.0,7.72,1.699,6.46,2.86,1.0,5.17,100.0,2.0,56.0
49.01,0.0,4.4,22.89,1.0,19.96,0.421,4.81,9.23,1.0,10.0,34.47,2.0,45.7
10.89,0.0,9.95,9.67,0.0,19.69,0.392,12.23,4.7,0.0,2.5,82.48,8.0,19.9
43.11,0.0,10.24,17.15,1.0,11.82,1.369,1.2,4.63,0.0,8.47,64.91,2.0,41.7
19.28,0.0,8.75,47.17,0.0,7.71,0.531,3.34,6.99,0.0,6.97,96.93,4.0,10.4
18.79,7.87,9.21,11.78,1.0,93.33,2.627,3.57,5.3,0.0,6.8,76.45,2.0,52.1
17.66,1.91,9.13,12.48,1.0,5.31,4.646,4.43,3.98,0.0,6.53,45.98,2.0,47.1
28.08,9.04,5.53,29.44,0.0,49.23,0.852,3.29,4.27,0.0,3.23,49.63,8.0,39.0
35.45,0.0,9.96,12.82,0.0,10.07,0.941,21.06,5.46,1.0,6.39,84.2,4.0,26.9
28.33,0.0,10.04,34.1,0.0,59.24,0.71,6.01,3.71,0.0,8.8,60.43,8.0,31.2
20.45,5.43,5.75,12.92,0.0,0.9,1.402,9.88,6.21,1.0,4.53,51.65,2.0,27.2
74.37,0.0,8.38,23.24,0.0,1.7,1.356,20.19,3.91,1.0,10.0,55.06,8.0,60.2
52.51,0.0,7.13,14.36,0.0,4.29,3.067,8.62,4.03,1.0,10.0,100.0,2.0,30.9
47.31,0.0,7.06,36.34,0.0,8.76,0.743,8.13,4.07,0.0,3.27,67.44,8.0,26.9
43.52,0.0,8.48,16.88,1.0,8.76,1.336,9.64,0.65,0.0,6.94,68.08,2.0,45.8
25.78,0.0,8.95,14.06,1.0,16.99,1.666,10.69,4.38,0.0,8.79,79.41,2.0,44.9
20.12,6.15,9.44,12.76,0.0,15.59,1.287,4.88,5.93,0.0,8.95,44.14,2.0,23.7
55.13,0.0,5.65,19.77,1.0,66.16,3.077,1.29,8.69,0.0,0.92,87.58,2.0,46.7
38.57,0.0,8.97,24.43,0.0,0.63,1.559,4.7,8.34,1.0,9.18,30.52,2.0,33.8
4.99,3.16,6.15,45.41,1.0,11.03,0.496,12.8,5.03,0.0,5.67,92.65,2.0,37.0
12.34,10.77,6.98,31.81,0.0,19.7,2.501,24.68,4.98,1.0,9.77,76.23,2.0,37.6
49.84,0.0,7.28,23.54,1.0,9.98,1.015,13.9,3.5,1.0,8.07,82.87,2.0,46.7
22.79,0.0,10.26,25.1,0.0,11.04,0.456,8.51,6.68,1.0,7.28,57.9,2.0,25.4
46.44,0.0,7.63,46.47,1.0,0.94,2.022,11.47,2.24,0.0,9.36,57.25,2.0,50.8
24.96,0.0,7.73,27.99,0.0,5.24,0.444,8.49,3.06,0.0,5.56,98.23,8.0,19.8
38.31,1.41,10.53,21.19,0.0,12.11,0.859,1.65,1.69,1.0,10.0,100.0,4.0,25.0
16.62,0.0,7.64,19.15,1.0,17.3,1.172,2.7,4.76,0.0,6.57,70.79,2.0,31.2
35.15,4.73,6.44,36.06,0.0,37.23,0.369,15.54,5.44,0.0,3.03,87.68,4.0,26.2
5.92,0.0,5.07,2.28,1.0,16.73,0.447,6.37,2.48,0.0,6.07,72.45,2.0,37.9
47.23,0.0,7.15,20.49,1.0,15.83,0.55,6.81,2.9,1.0,10.0,56.21,2.0,41.7
37.6,10.51,4.73,9.89,0.0,12.52,1.071,4.65,6.26,0.0,3.25,100.0,2.0,29.9
41.24,0.0,7.26,13.24,0.0,10.64,0.937,6.76,4.46,0.0,5.63,63.86,8.0,25.9
12.57,0.0,9.1,11.16,0.0,7.17,1.422,10.1,2.92,0.0,0.0,81.12,4.0,15.8
35.84,0.0,5.75,41.58,1.0,16.18,2.658,9.61,3.64,1.0,5.28,70.51,2.0,62.3
23.96,0.0,6.64,30.83,0.0,8.69,0.752,8.26,6.54,0.0,2.47,77.75,8.0,21.0
15.04,0.0,5.35,8.41,0.0,10.8,1.491,6.88,6.29,1.0,4.69,60.7,2.0,19.8
32.97,6.88,6.17,23.13,0.0,19.98,0.517,4.97,4.7,0.0,7.6,71.5,8.0,29.3
12.44,9.79,5.56,6.82,0.0,5.66,1.821,3.68,2.66,0.0,4.18,52.24,2.0,21.6
23.46,0.0,12.58,16.99,0.0,8.48,2.723,10.31,2.2,0.0,4.1,100.0,4.0,31.0
3.95,0.0,11.89,30.64,0.0,1.62,0.669,4.06,1.07,0.0,3.53,75.68,8.0,10.8
47.89,0.0,10.25,14.47,0.0,6.72,0.79,13.6,3.03,1.0,8.39,68.04,4.0,24.5
25.52,0.0,5.64,19.47,1.0,17.91,0.703,6.77,6.38,1.0,10.0,78.22,2.0,46.9
21.72,0.0,7.99,24.32,0.0,51.06,0.5,10.43,3.29,1.0,8.3,74.81,2.0,25.7
33.45,8.46,4.58,14.07,0.0,16.72,1.43,10.29,2.75,0.0,6.65,56.16,8.0,43.1
45.53,28.69,7.88,24.37,0.0,10.74,1.294,8.49,2.95,0.0,7.23,46.87,2.0,36.8
10.72,0.0,10.34,7.15,0.0,10.84,0.37,9.49,4.02,0.0,5.44,59.79,4.0,16.7
39.5,0.0,5.71,21.53,0.0,19.65,1.042,2.46,7.3,0.0,1.64,82.57,2.0,18.5
13.26,0.0,9.34,14.97,0.0,9.34,0.804,16.71,2.98,1.0,9.39,63.89,2.0,21.6
33.15,0.0,5.04,10.33,0.0,6.08,0.67,22.99,3.68,0.0,4.5,48.27,4.0,24.9
11.07,0.0,8.39,4.34,0.0,12.88,1.649,6.17,2.39,1.0,3.4,70.96,8.0,24.3
6.16,0.0,8.46,2.77,1.0,10.04,0.895,6.65,7.04,0.0,6.12,98.71,2.0,26.5
11.72,0.0,10.13,18.63,0.0,39.66,1.113,9.22,4.9,1.0,10.0,62.79,2.0,26.2
16.1,0.0,10.49,17.63,1.0,17.85,1.301,6.43,1.9,0.0,7.6,37.29,2.0,41.6
36.9,0.0,7.93,19.89,0.0,86.03,1.705,7.4,2.67,1.0,4.01,41.45,2.0,37.5
21.21,0.0,7.92,13.55,0.0,8.35,2.772,5.99,5.88,0.0,4.83,58.99,4.0,31.1
40.96,0.0,1.3,30.35,0.0,70.17,1.365,3.3,7.36,0.0,3.72,59.39,8.0,52.4
19.72,8.53,10.51,12.28,1.0,1.46,0.959,7.76,3.61,0.0,2.46,79.07,2.0,34.5
17.95,0.0,7.15,9.42,0.0,4.96,2.007,4.06,6.46,1.0,6.75,83.12,8.0,19.6
47.06,0.0,7.79,14.6,1.0,19.52,1.131,7.81,5.82,1.0,6.68,64.8,2.0,47.3
7.82,0.0,13.28,12.02,1.0,2.31,2.172,2.86,9.14,1.0,4.7,52.87,2.0,34.8
25.71,0.0,5.84,18.56,1.0,19.95,0.538,1.82,2.82,0.0,4.19,36.48,2.0,39.0
14.3,0.0,8.61,13.17,0.0,12.69,1.594,14.3,8.94,0.0,4.47,71.89,8.0,21.1
30.69,0.0,9.07,25.76,0.0,9.83,0.657,17.75,6.71,0.0,3.06,37.54,2.0,19.6
47.63,0.0,9.76,19.5,0.0,16.97,0.69,2.82,3.0,0.0,1.38,98.13,8.0,21.8
33.95,0.0,7.98,60.61,0.0,6.05,0.66,1.93,6.46,1.0,5.38,88.91,8.0,23.7
18.23,0.0,10.8,14.67,0.0,1.1,0.285,15.0,3.31,0.0,1.73,95.5,2.0,11.6
7.95,0.0,7.93,8.32,0.0,3.54,0.156,18.56,5.5,0.0,5.64,65.03,8.0,22.2
25.74,0.0,9.31,13.36,0.0,16.0,0.368,36.68,6.3,0.0,4.98,68.46,8.0,24.7
45.44,5.64,7.79,25.21,1.0,11.61,0.727,4.03,3.63,0.0,7.52,46.03,2.0,42.2
23.75,0.0,8.11,49.63,0.0,44.21,1.095,3.09,9.0,0.0,0.38,78.19,4.0,15.9
21.65,8.73,7.95,10.41,0.0,15.16,0.529,4.67,4.97,1.0,9.64,38.76,4.0,25.5
25.14,10.53,5.23,23.04,1.0,9.61,2.891,22.71,5.11,0.0,2.5,63.98,2.0,53.7
50.02,0.0,6.9,25.6,1.0,75.45,0.506,0.37,6.78,1.0,6.84,41.18,2.0,47.2
8.13,0.0,6.18,32.35,1.0,18.33,1.676,8.7,6.63,0.0,4.32,93.37,2.0,39.0
42.62,0.0,6.84,15.38,1.0,11.43,1.416,11.61,6.96,1.0,4.29,75.13,2.0,46.1
56.43,0.0,9.58,29.11,1.0,12.98,0.854,13.42,6.57,0.0,5.52,72.57,2.0,41.8
61.2,0.0,8.0,37.54,1.0,12.72,1.118,7.29,9.74,0.0,5.11,62.01,2.0,39.3
31.87,6.62,7.87,24.49,1.0,33.02,2.499,10.95,5.54,0.0,8.92,77.66,2.0,52.5
16.62,0.0,5.3,24.55,0.0,19.97,0.81,3.52,5.44,0.0,5.26,94.13,4.0,25.6
46.77,0.0,8.24,18.97,0.0,0.82,0.657,3.39,7.95,1.0,6.35,97.65,4.0,22.4
18.08,0.0,8.33,16.94,0.0,6.36,0.48,0.82,5.02,1.0,5.47,100.0,4.0,11.6
1.97,0.0,10.02,26.41,1.0,6.88,0.6,4.41,2.45,0.0,3.64,50.42,2.0,31.8
32.08,0.0,10.8,9.67,0.0,19.58,2.989,3.24,3.92,0.0,0.59,55.95,4.0,33.7
22.24,13.46,5.9,12.98,1.0,11.99,0.564,4.07,3.92,0.0,3.74,81.88,2.0,43.8
62.95,11.81,5.06,20.1,0.0,7.49,2.299,6.3,8.73,1.0,7.96,69.02,2.0,51.9
13.01,1.78,10.23,7.4,0.0,63.55,0.571,15.07,3.31,0.0,3.36,65.94,2.0,23.9
15.78,0.0,7.32,17.34,0.0,1.77,0.466,9.65,2.38,1.0,8.97,42.6,8.0,28.0
60.21,0.0,7.37,28.24,1.0,0.65,1.13,2.77,6.91,0.0,4.95,84.43,2.0,32.3
23.56,0.41,4.25,13.62,1.0,3.14,0.289,3.96,9.51,0.0,6.46,60.65,2.0,34.4
35.07,3.76,6.88,20.47,1.0,9.2,1.407,5.18,1.86,0.0,4.38,76.08,2.0,42.9
46.44,0.0,10.22,21.15,0.0,5.77,1.081,5.41,9.63,1.0,5.45,65.65,2.0,21.1
15.2,0.0,9.21,5.08,0.0,19.69,1.039,22.07,2.9,0.0,7.56,47.21,8.0,31.3
35.74,0.0,9.73,11.72,1.0,5.56,2.24,10.09,0.98,1.0,6.91,99.66,2.0,43.6
22.82,0.0,10.23,22.5,0.0,72.81,0.769,3.27,1.72,0.0,7.27,69.92,4.0,29.9
28.4,0.0,10.85,10.69,0.0,17.06,0.871,2.48,5.13,0.0,4.14,67.1,4.0,13.8
42.24,0.0,7.04,18.17,1.0,4.31,1.608,12.71,4.06,0.0,0.0,51.31,2.0,39.4
26.62,0.0,10.09,20.95,0.0,54.55,0.456,20.62,4.8,0.0,8.45,75.19,2.0,30.8
38.3,9.21,11.24,22.62,0.0,14.25,0.413,12.27,3.79,0.0,3.19,76.26,4.0,20.7
35.22,0.0,7.89,14.14,0.0,19.24,0.482,9.25,2.09,1.0,4.25,50.66,2.0,26.6
28.19,0.0,5.51,17.21,0.0,82.19,0.495,4.42,6.47,0.0,6.55,65.9,2.0,33.6
18.9,0.0,7.24,12.06,1.0,7.52,1.86,12.09,3.8,1.0,3.32,66.84,2.0,36.4
31.08,8.78,7.95,16.79,1.0,0.61,0.917,16.51,7.48,0.0,6.94,77.45,2.0,41.4
26.96,0.0,4.87,36.27,0.0,90.8,1.013,2.94,6.49,0.0,5.13,65.82,2.0,39.7
25.33,0.0,6.72,21.24,0.0,5.11,1.106,1.5,4.2,1.0,7.52,57.24,2.0,24.0
38.52,0.0,7.18,18.64,0.0,3.98,2.106,6.62,3.83,0.0,5.89,77.57,4.0,28.6
36.79,0.0,8.12,19.6,0.0,4.26,1.031,7.34,0.29,0.0,2.78,95.51,2.0,12.7
26.39,4.58,11.25,7.07,1.0,13.44,0.421,25.66,6.83,1.0,4.8,80.35,2.0,28.6
15.54,8.08,8.94,64.24,0.0,8.24,0.908,8.7,5.39,0.0,6.81,68.96,8.0,30.0
25.89,5.77,5.3,32.14,0.0,16.18,2.863,5.69,6.04,0.0,3.73,68.62,4.0,33.9
47.83,2.14,15.04,18.83,0.0,1.83,0.894,15.99,2.97,1.0,6.43,97.44,8.0,24.3
35.16,0.0,7.91,10.0,0.0,13.73,2.29,6.96,5.01,1.0,7.28,94.73,2.0,19.2
47.65,0.0,4.21,19.12,0.0,17.37,1.343,1.57,2.25,0.0,6.39,48.19,4.0,41.4
69.3,0.0,4.84,39.76,0.0,17.04,2.59,11.52,2.71,0.0,1.64,76.53,4.0,46.6
27.68,0.0,6.1,27.38,1.0,3.37,0.635,16.47,7.89,0.0,5.95,64.81,2.0,37.7
33.69,6.84,4.47,18.44,1.0,11.96,0.618,2.22,4.21,0.0,7.11,45.78,2.0,46.8
22.47,0.0,9.35,43.24,0.0,19.1,0.225,6.09,4.66,0.0,5.91,82.07,2.0,18.2
65.3,0.0,1.71,24.7,0.0,15.98,1.061,4.22,1.73,1.0,9.74,77.63,4.0,45.4
71.4,0.0,8.82,25.49,0.0,17.23,0.862,5.28,2.84,0.0,4.4,56.77,2.0,29.9
25.19,0.0,9.87,20.53,0.0,18.57,0.651,6.89,2.47,1.0,3.93,62.59,8.0,23.2
16.96,0.0,7.58,9.05,0.0,2.25,1.146,2.65,4.32,0.0,6.08,90.76,2.0,8.2
16.29,0.0,10.34,10.14,0.0,91.97,0.173,7.94,3.59,0.0,5.04,48.91,2.0,23.3
33.74,0.0,5.8,25.49,1.0,61.44,1.345,7.6,4.23,1.0,10.0,50.01,2.0,63.9
24.06,0.0,6.59,10.29,0.0,15.87,0.63,11.73,6.15,0.0,5.54,47.25,4.0,29.5
37.35,0.0,8.98,23.56,0.0,2.03,1.914,7.49,8.14,1.0,8.75,79.92,4.0,15.0
23.62,0.0,7.87,27.13,0.0,17.17,1.826,9.92,6.0,1.0,6.36,41.32,2.0,30.9
26.21,0.0,6.96,13.49,0.0,85.44,0.773,3.21,2.68,0.0,5.09,31.06,2.0,30.9
41.65,0.0,7.52,18.65,0.0,18.48,0.727,22.35,2.1,1.0,9.47,62.96,8.0,46.2
40.17,0.0,10.43,21.17,0.0,1.24,1.091,14.35,2.76,0.0,6.31,58.54,4.0,21.6
35.83,0.0,10.49,13.22,0.0,12.13,1.879,5.81,5.32,1.0,10.0,43.63,4.0,33.6
62.01,0.0,7.99,22.21,0.0,19.69,1.813,5.07,7.21,1.0,8.91,47.17,2.0,35.1
24.5,19.47,5.22,8.01,1.0,11.77,3.016,8.56,7.1,0.0,5.16,38.19,2.0,58.7
27.25,0.0,9.23,10.18,1.0,73.84,0.576,2.96,9.55,1.0,7.56,61.67,2.0,44.7
9.56,0.0,6.99,11.65,0.0,1.8,0.482,7.72,4.75,1.0,8.39,46.09,2.0,14.9
30.14,0.0,10.43,20.95,1.0,77.7,1.926,4.0,3.81,0.0,7.79,35.91,2.0,61.0
22.11,0.0,10.24,19.03,0.0,54.84,0.748,1.91,4.86,0.0,4.7,58.95,2.0,20.8
12.72,0.0,12.48,8.52,1.0,16.0,0.373,4.81,0.98,0.0,1.6,63.4,2.0,23.4
42.03,0.0,6.13,15.95,0.0,11.64,0.73,9.43,4.96,1.0,8.69,69.99,2.0,25.6
34.28,0.0,6.12,14.76,0.0,6.09,1.115,6.67,4.19,0.0,7.21,100.0,2.0,21.3
78.25,13.99,6.08,29.57,0.0,2.03,3.18,8.95,2.33,1.0,6.22,57.96,4.0,61.3
58.59,0.0,6.69,17.99,0.0,13.15,2.824,8.41,7.82,0.0,7.91,14.38,4.0,46.7
3.95,0.0,10.88,2.5,0.0,11.11,1.59,5.79,3.36,1.0,8.79,83.89,2.0,20.1
38.65,5.08,9.87,21.08,1.0,5.16,0.831,4.1,3.9,1.0,7.66,45.91,2.0,38.0
24.55,0.0,11.67,11.8,0.0,19.01,0.698,12.44,1.57,0.0,4.11,79.87,8.0,27.7
5.47,0.0,8.95,14.94,1.0,11.33,2.534,5.88,5.33,0.0,3.27,51.44,2.0,39.1
16.06,0.0,10.28,42.98,1.0,15.64,0.573,5.24,9.28,1.0,8.27,68.05,2.0,33.7
24.3,0.0,7.24,11.95,0.0,12.14,1.905,2.11,5.44,0.0,5.77,61.43,4.0,30.0
61.3,9.53,6.45,29.8,1.0,44.21,1.485,5.9,7.4,1.0,6.46,54.55,2.0,54.4
23.22,0.0,8.2,6.53,0.0,18.62,0.592,0.58,3.54,1.0,3.72,34.79,4.0,28.2
18.27,0.0,8.24,11.55,0.0,11.52,1.321,14.78,6.44,0.0,6.29,57.82,2.0,23.4
5.48,0.0,12.48,12.21,0.0,12.97,1.09,8.2,3.33,0.0,6.38,46.92,4.0,23.2
13.03,0.0,5.93,3.78,0.0,10.34,0.184,14.51,2.66,1.0,7.51,74.15,8.0,24.5
24.28,0.0,8.26,33.24,0.0,15.42,0.8,8.37,5.93,1.0,6.85,100.0,4.0,17.9
37.85,8.07,7.0,13.9,0.0,18.87,1.127,5.43,8.08,0.0,2.98,65.55,4.0,35.3
8.93,0.0,10.02,21.16,1.0,6.6,1.007,14.19,3.08,0.0,6.44,99.41,2.0,30.5
28.03,0.0,5.96,22.47,1.0,17.01,0.606,3.65,5.68,0.0,8.74,34.88,2.0,38.4
41.39,15.2,5.34,42.27,0.0,73.44,0.953,10.2,0.65,0.0,3.3,62.12,4.0,43.8
10.02,0.0,7.51,3.25,0.0,8.52,0.584,9.86,2.6,1.0,5.46,61.25,4.0,25.1
37.61,13.62,1.73,21.75,1.0,17.93,0.834,5.21,10.0,0.0,4.28,53.81,2.0,53.8
27.58,7.66,9.58,15.86,0.0,43.8,2.469,7.96,3.94,1.0,9.59,26.26,2.0,37.4
23.67,3.96,4.87,6.36,1.0,0.77,2.296,5.14,3.61,0.0,7.98,77.54,2.0,44.8
17.73,1.68,5.06,12.73,0.0,7.34,0.345,5.13,6.37,1.0,6.9,83.76,2.0,18.3
18.02,0.0,10.35,11.96,0.0,14.39,0.864,3.9,2.64,0.0,5.01,69.13,4.0,15.7
54.13,0.0,6.71,16.02,0.0,6.49,1.788,5.49,6.35,0.0,5.12,40.27,2.0,35.4
32.98,0.0,7.41,16.04,0.0,4.82,0.625,5.84,6.37,0.0,2.16,51.68,2.0,17.1
60.86,0.0,6.61,22.34,1.0,16.03,1.196,5.36,4.24,1.0,3.85,58.87,2.0,48.0
34.96,0.0,10.1,14.65,0.0,4.93,0.534,9.08,8.18,1.0,7.82,89.47,8.0,14.2
14.88,0.0,7.45,16.42,1.0,4.08,0.332,6.62,1.5,1.0,10.0,46.13,2.0,34.2
46.26,0.0,8.8,29.0,0.0,13.88,1.117,4.94,4.17,1.0,10.0,79.57,8.0,25.4
40.65,4.63,4.94,14.66,1.0,13.85,0.533,4.71,7.9,1.0,6.55,90.54,2.0,51.8
57.06,0.0,7.95,22.83,1.0,0.03,1.336,10.58,7.05,1.0,5.41,68.0,2.0,27.8
29.87,0.0,9.91,38.76,0.0,11.24,1.035,8.45,3.97,0.0,2.99,72.51,8.0,21.6
55.45,0.0,10.15,22.34,1.0,1.27,1.459,8.81,3.51,1.0,10.0,65.66,2.0,46.1
16.77,3.72,4.95,8.54,1.0,18.19,0.326,7.42,5.5,0.0,2.74,42.95,2.0,35.8
13.84,0.0,7.99,6.43,1.0,66.41,0.228,7.85,0.64,0.0,5.03,60.7,2.0,40.5
39.14,0.0,11.02,24.65,0.0,14.69,3.384,15.68,5.03,0.0,7.11,51.26,8.0,38.4
18.87,0.0,10.28,9.45,1.0,14.8,0.798,7.98,5.61,1.0,7.01,84.17,2.0,33.1
54.17,0.0,6.98,17.36,0.0,3.71,1.568,2.3,3.31,1.0,10.0,85.54,8.0,39.4
9.84,0.0,8.71,16.53,0.0,2.12,0.845,11.85,4.98,0.0,2.26,69.98,8.0,9.5
9.6,5.48,8.65,4.46,1.0,8.97,0.681,5.52,5.0,0.0,3.55,59.99,2.0,27.3
21.12,0.0,7.62,18.68,0.0,13.99,0.956,4.37,1.71,0.0,4.01,77.78,4.0,18.5
8.13,0.0,9.85,5.18,1.0,19.86,0.429,17.74,4.85,0.0,4.74,53.91,2.0,37.1
30.33,0.0,9.07,11.44,0.0,49.75,0.948,18.29,1.88,0.0,7.1,14.86,4.0,38.5
19.15,0.0,6.2,6.77,0.0,18.17,1.642,1.05,3.54,1.0,2.72,49.01,2.0,23.3
8.22,0.0,7.77,6.12,0.0,1.54,0.677,6.16,3.86,0.0,4.65,61.37,4.0,14.2
1.93,0.0,8.03,23.11,0.0,6.02,2.42,2.39,8.33,1.0,7.81,47.98,8.0,20.4
18.12,0.0,7.95,61.06,0.0,8.22,1.188,16.29,6.89,0.0,6.79,91.49,4.0,27.5
0.61,3.36,9.12,8.05,0.0,7.08,0.3,17.77,8.37,0.0,3.85,40.88,2.0,13.7
15.32,0.0,8.9,10.46,0.0,16.67,1.288,27.81,3.67,0.0,4.81,73.35,8.0,26.7
37.26,0.0,6.44,26.87,0.0,8.73,1.936,11.37,4.36,0.0,5.38,68.73,8.0,35.3
38.03,0.0,10.54,23.1,0.0,15.37,0.8,9.17,5.58,0.0,6.25,46.67,8.0,25.9
47.36,18.35,5.39,32.38,0.0,17.67,1.286,8.06,5.21,1.0,10.0,66.59,2.0,36.3
25.24,12.33,9.69,18.83,0.0,10.12,0.394,2.65,7.45,0.0,4.92,47.91,2.0,16.5
40.49,0.0,10.67,32.92,0.0,7.68,1.168,5.26,6.48,1.0,8.23,69.54,8.0,32.4
9.06,0.0,6.61,14.21,0.0,46.89,0.547,5.91,7.02,0.0,1.04,63.07,2.0,18.7
31.27,0.0,7.08,39.15,0.0,52.69,0.462,6.31,4.37,0.0,4.54,28.33,4.0,34.0
38.65,0.0,7.01,26.82,0.0,19.25,0.811,4.36,6.67,0.0,6.43,32.45,4.0,32.9
17.8,7.94,8.14,33.69,0.0,4.77,1.026,19.88,3.93,0.0,7.28,95.08,2.0,25.3
41.45,0.0,9.21,17.02,0.0,18.72,3.106,1.04,10.0,0.0,1.6,73.56,4.0,25.3
23.71,0.0,8.58,13.5,0.0,19.62,1.622,5.73,4.32,1.0,6.87,55.28,4.0,30.4
25.73,0.0,7.13,17.7,1.0,13.25,2.213,6.71,5.32,1.0,6.02,61.21,2.0,44.9
4.21,0.0,12.18,12.88,0.0,12.73,1.695,9.4,6.69,0.0,7.43,59.11,8.0,19.3
41.78,0.0,6.87,19.37,0.0,16.8,1.574,0.6,10.0,1.0,3.91,83.98,8.0,28.8
42.77,10.77,7.91,20.45,1.0,19.47,0.898,12.37,7.37,0.0,6.23,58.58,2.0,47.3
22.78,3.34,7.84,13.05,1.0,40.76,1.129,11.18,3.13,1.0,7.79,36.97,2.0,41.3
48.68,8.37,6.41,23.36,0.0,0.45,0.669,14.8,7.35,0.0,6.54,60.42,4.0,23.8
14.36,0.0,9.92,9.64,0.0,32.06,1.045,2.92,1.5,0.0,5.29,49.79,4.0,20.6
43.47,0.0,10.78,33.0,1.0,30.12,1.286,8.32,3.85,0.0,6.13,61.22,2.0,54.8
18.39,7.04,8.21,21.0,0.0,10.18,0.796,1.03,3.3,0.0,6.58,92.38,4.0,14.6
39.8,0.0,6.83,21.27,0.0,12.48,0.973,2.67,4.07,1.0,5.76,42.0,2.0,19.9
14.54,0.0,11.52,5.13,0.0,7.39,0.715,1.69,6.71,0.0,4.71,47.98,2.0,8.5
16.35,8.57,8.47,5.31,0.0,2.37,1.247,5.59,7.42,0.0,6.76,80.34,4.0,19.6
7.23,0.0,9.12,11.6,1.0,10.84,0.996,5.37,7.76,0.0,5.49,51.6,2.0,26.9
20.54,0.0,10.44,8.67,0.0,9.54,2.018,5.44,3.89,0.0,0.98,87.37,4.0,16.5
61.71,0.0,7.79,30.18,1.0,19.53,2.632,7.79,1.82,0.0,1.96,84.0,2.0,42.2
6.56,0.0,13.72,2.14,0.0,1.57,0.883,2.33,6.07,1.0,9.92,81.59,4.0,15.7
5.5,0.0,8.84,36.66,0.0,17.37,0.582,1.02,5.49,1.0,6.12,88.43,4.0,17.1
50.48,0.0,9.79,15.0,1.0,9.89,0.965,0.36,1.02,0.0,0.62,84.22,2.0,37.0
47.65,0.0,8.45,32.57,0.0,4.2,0.65,3.29,4.2,1.0,5.94,57.43,2.0,19.5
22.02,0.0,9.22,12.57,1.0,5.89,0.61,5.79,2.73,0.0,6.64,100.0,2.0,26.3
5.67,0.0,8.11,2.8,0.0,0.17,1.415,4.14,0.29,1.0,5.91,45.39,4.0,19.7
14.36,0.0,7.86,11.18,0.0,10.83,1.271,6.66,5.34,0.0,7.81,67.62,4.0,18.5
18.49,0.0,9.44,31.61,0.0,77.89,0.772,19.84,3.57,0.0,2.9,52.69,4.0,31.0
25.99,0.0,6.48,13.45,0.0,15.04,1.985,5.71,3.62,1.0,7.99,95.88,4.0,24.5
26.34,0.0,7.06,31.81,1.0,5.81,0.951,8.21,5.16,0.0,6.71,80.13,2.0,35.4
8.63,0.0,8.77,11.35,0.0,7.08,1.139,7.04,0.71,0.0,5.6,81.51,2.0,21.6
48.78,0.0,10.02,28.32,0.0,5.94,0.751,13.35,2.53,0.0,6.35,80.03,8.0,22.2
21.42,0.0,8.52,10.44,1.0,62.23,1.399,5.83,5.52,0.0,8.56,46.68,2.0,46.2
16.52,0.0,8.63,8.15,0.0,3.17,0.267,1.87,6.2,0.0,6.18,55.4,8.0,18.0
15.75,0.0,6.41,6.53,0.0,14.33,0.816,2.68,7.97,0.0,1.34,100.0,4.0,12.4
6.88,0.0,12.18,13.11,0.0,11.65,0.65,13.49,5.45,1.0,6.92,94.81,4.0,15.3
48.09,1.91,9.54,26.03,0.0,5.77,1.257,4.31,6.27,0.0,6.03,66.5,8.0,22.9
9.31,0.0,11.16,9.75,0.0,5.25,2.807,2.9,5.2,0.0,7.48,55.77,2.0,26.7
23.27,4.38,4.87,10.43,0.0,73.09,0.635,6.45,6.92,0.0,5.79,63.55,4.0,37.8
44.18,0.0,8.38,41.78,1.0,1.91,1.422,12.81,2.47,1.0,7.59,93.3,2.0,49.7
7.25,8.49,5.89,11.04,0.0,4.34,1.269,5.24,3.44,1.0,8.45,77.01,8.0,29.2
24.26,0.0,9.82,18.99,0.0,7.06,1.457,7.78,4.76,1.0,7.7,60.06,4.0,23.5
28.26,0.0,8.8,13.04,0.0,17.5,0.845,25.38,4.97,1.0,5.2,67.54,4.0,26.2
23.04,0.0,9.35,7.24,0.0,38.34,0.423,13.83,2.25,1.0,9.35,65.75,4.0,23.3
33.05,0.0,6.58,12.15,0.0,1.65,1.179,7.85,1.47,1.0,5.54,98.85,4.0,25.0
14.35,1.54,6.31,12.24,1.0,11.12,0.65,5.98,2.97,0.0,1.79,50.95,2.0,35.9
21.74,3.9,6.6,7.34,1.0,16.73,1.139,16.15,3.36,1.0,7.64,69.89,2.0,45.3
37.29,7.3,7.62,24.17,0.0,10.89,0.734,31.35,5.72,0.0,3.57,82.41,2.0,32.8
34.2,0.0,7.49,17.43,0.0,9.25,1.336,17.67,0.42,0.0,5.32,50.01,4.0,31.9
22.1,0.0,8.84,13.5,0.0,17.85,2.177,7.74,10.0,1.0,4.16,57.76,2.0,20.7
30.61,8.31,5.04,8.28,0.0,14.69,0.628,3.38,3.04,1.0,7.26,83.41,4.0,27.7
11.1,0.0,8.65,11.36,0.0,10.18,1.124,2.83,1.4,0.0,4.27,74.56,4.0,18.5
28.19,0.0,10.94,17.49,1.0,3.51,0.94,12.61,2.0,1.0,6.71,81.34,2.0,40.3
25.4,0.0,8.9,9.7,0.0,3.56,1.453,3.38,4.66,0.0,5.28,92.3,2.0,14.6
74.64,4.32,7.03,24.19,0.0,4.74,0.925,4.64,2.89,0.0,4.56,67.4,2.0,29.3
8.3,0.0,9.56,12.33,1.0,88.12,0.179,6.7,4.55,1.0,5.57,89.67,2.0,40.0
42.88,0.0,6.69,14.4,0.0,10.94,0.892,2.89,4.09,1.0,4.51,96.55,8.0,21.3
37.06,0.0,11.15,14.68,1.0,40.34,1.468,3.12,5.2,0.0,5.91,62.18,2.0,44.7
4.6,0.0,9.58,5.43,1.0,88.84,0.657,2.14,4.71,0.0,3.59,68.53,2.0,40.5
26.89,0.0,8.55,20.97,0.0,10.37,0.439,9.68,5.87,1.0,3.92,73.59,8.0,20.0
48.45,0.0,8.92,33.34,0.0,12.21,1.348,8.88,8.61,0.0,4.03,40.07,8.0,33.1
29.54,0.0,10.0,17.88,0.0,17.15,0.802,10.92,4.09,0.0,3.63,95.84,4.0,14.4
51.75,18.22,2.77,19.63,0.0,5.51,0.961,16.86,2.67,0.0,3.88,51.79,2.0,43.0
36.74,0.0,8.01,25.33,1.0,5.56,1.134,3.17,7.0,1.0,8.89,85.01,2.0,31.4
23.74,0.0,12.76,7.35,1.0,19.86,2.165,1.73,5.83,0.0,3.12,66.03,2.0,39.4
2.22,0.0,12.24,8.96,1.0,1.25,0.252,5.39,4.73,0.0,8.47,48.39,2.0,18.5
40.62,4.61,7.02,32.3,0.0,9.76,1.002,7.81,5.38,1.0,6.97,88.0,2.0,30.0
37.62,0.0,9.33,14.13,0.0,18.57,1.778,0.38,3.76,0.0,4.15,79.15,4.0,21.7
64.29,2.38,6.13,28.94,0.0,10.99,2.572,14.71,7.93,1.0,9.5,55.5,2.0,39.8
53.18,13.05,6.55,30.37,0.0,11.6,2.142,6.05,7.05,0.0,4.68,46.06,2.0,44.7
19.1,3.26,7.12,14.92,0.0,5.37,0.444,15.36,5.55,0.0,4.04,71.25,4.0,17.7
40.9,8.39,5.82,13.99,0.0,14.69,0.939,6.48,4.26,0.0,4.6,72.16,4.0,27.3
30.21,0.0,6.91,12.99,0.0,78.23,0.787,0.49,1.11,0.0,10.0,71.11,2.0,35.2
17.48,0.0,11.84,18.79,0.0,9.31,0.394,7.19,6.7,0.0,0.0,28.43,2.0,15.4
26.48,13.27,5.65,20.79,0.0,17.31,0.998,6.51,5.19,1.0,7.02,91.49,8.0,31.0
33.07,0.0,10.29,17.8,0.0,0.69,0.669,1.16,7.14,0.0,7.23,66.16,2.0,19.6
17.82,0.0,7.6,5.33,0.0,16.83,0.558,27.03,1.86,1.0,7.86,78.15,4.0,17.2
39.59,0.0,6.72,12.06,0.0,19.16,4.796,16.39,4.64,0.0,5.85,64.93,8.0,41.3
28.0,0.0,8.94,15.16,0.0,17.0,0.754,13.53,4.47,0.0,6.67,81.94,4.0,16.8
53.7,0.0,4.79,17.94,0.0,1.75,1.552,25.15,0.87,0.0,6.54,45.91,2.0,50.6
25.63,1.5,9.38,9.19,1.0,12.73,0.624,2.59,1.68,1.0,6.53,44.62,2.0,43.1
8.99,0.0,8.46,5.07,0.0,1.49,0.393,8.37,5.58,0.0,6.63,79.91,8.0,12.7
32.47,3.39,6.52,50.08,0.0,1.35,0.719,9.04,10.0,0.0,5.21,93.09,2.0,18.1
38.13,2.12,6.07,20.6,0.0,1.55,0.903,17.62,7.83,0.0,5.61,77.29,2.0,22.4
19.48,0.0,12.36,19.15,1.0,2.86,1.075,2.42,0.98,0.0,3.11,52.05,2.0,38.1
30.16,4.95,7.43,14.62,0.0,10.72,1.171,6.45,5.41,0.0,3.64,91.09,8.0,17.5
11.48,8.74,7.45,22.1,0.0,14.93,0.756,13.08,3.43,1.0,5.91,69.09,8.0,29.9
21.44,0.0,10.1,18.61,1.0,3.26,0.264,18.16,6.43,1.0,5.33,63.5,2.0,38.3
16.84,0.0,6.81,14.44,0.0,34.51,1.725,3.76,5.25,1.0,4.78,72.99,8.0,30.2
25.06,1.07,10.39,16.68,1.0,89.84,0.412,10.06,3.6,0.0,6.78,56.28,2.0,48.4
33.55,0.0,7.92,12.46,0.0,8.51,1.646,7.95,6.82,0.0,3.57,51.5,4.0,24.6
62.03,0.0,4.37,19.32,1.0,39.08,1.33,4.55,5.13,0.0,2.77,71.2,2.0,50.4
7.7,0.0,7.71,12.81,0.0,11.15,1.283,2.54,5.55,1.0,7.38,51.87,4.0,15.0
67.12,10.3,3.56,34.33,0.0,19.43,2.483,15.65,4.99,1.0,5.18,81.22,4.0,53.4
24.02,0.0,8.44,29.07,1.0,5.66,2.01,16.52,5.02,0.0,6.19,68.28,2.0,38.8
16.04,0.0,6.93,19.38,0.0,11.4,0.934,12.88,5.21,1.0,7.63,67.85,4.0,20.5
49.46,0.0,5.71,37.5,0.0,16.86,1.683,4.22,7.9,0.0,5.87,82.7,2.0,29.2
54.71,13.4,6.34,35.82,0.0,54.22,1.136,6.8,6.96,1.0,5.2,42.2,8.0,50.4
60.7,1.19,7.12,22.88,0.0,0.3,1.177,12.3,7.59,0.0,3.96,66.04,8.0,32.1
60.17,9.73,8.45,44.82,0.0,7.04,1.092,4.19,0.52,0.0,6.02,84.64,2.0,33.7
5.97,0.0,11.15,10.59,1.0,14.07,1.641,1.59,5.95,1.0,3.8,62.59,2.0,34.6
34.46,0.0,8.09,17.17,0.0,3.74,1.415,12.24,2.69,1.0,7.67,2.08,8.0,38.2
30.04,5.95,8.38,21.87,0.0,13.33,1.4,2.67,5.41,1.0,7.04,71.02,2.0,28.5
46.4,4.5,4.25,34.62,0.0,45.39,0.924,11.1,7.6,0.0,7.56,75.82,8.0,45.9
25.89,0.0,9.62,11.3,1.0,13.42,1.668,1.28,2.63,1.0,3.8,77.02,2.0,41.0
35.48,0.0,8.76,17.93,0.0,10.0,1.768,8.45,5.51,1.0,6.0,77.48,4.0,23.3
14.23,0.0,10.48,11.19,0.0,14.05,0.291,27.62,3.79,1.0,7.26,60.53,2.0,25.0
44.77,0.0,7.04,14.57,0.0,0.56,3.041,16.78,7.21,0.0,7.56,55.58,2.0,33.8
1.68,0.0,8.35,5.24,1.0,68.07,0.537,8.77,5.48,0.0,6.53,69.71,2.0,32.4
18.59,0.0,7.86,8.21,0.0,11.6,1.32,14.68,4.31,1.0,5.72,68.67,2.0,20.3
12.29,0.0,11.5,16.86,0.0,13.37,0.454,4.17,4.46,0.0,5.37,61.86,2.0,11.0
32.04,0.22,8.58,15.32,0.0,16.31,0.82,8.46,5.63,0.0,6.77,59.74,2.0,25.0
7.33,0.0,5.79,8.07,0.0,84.45,1.981,0.64,8.8,1.0,8.65,59.43,4.0,36.8
10.36,0.0,9.98,15.11,1.0,3.2,0.42,12.77,5.58,1.0,9.42,74.14,2.0,33.7
16.53,6.14,6.84,16.93,0.0,3.15,1.144,12.12,6.1,1.0,4.8,58.54,4.0,28.3
37.48,9.74,8.88,31.53,0.0,3.15,0.97,13.9,7.13,0.0,8.78,69.74,8.0,27.7
32.88,0.0,9.09,9.03,1.0,39.73,0.4,9.91,4.62,0.0,3.18,36.84,2.0,42.4
30.32,0.0,10.57,26.42,0.0,18.4,1.509,20.57,2.83,1.0,7.46,77.85,4.0,25.6
24.23,0.0,10.35,9.22,0.0,30.46,1.804,11.64,5.24,0.0,3.88,70.44,4.0,22.8
55.13,5.07,8.61,25.56,0.0,2.27,1.228,5.0,7.01,1.0,6.87,72.86,4.0,19.8
22.43,0.0,10.6,8.51,1.0,14.25,1.648,11.62,4.84,1.0,6.35,62.42,2.0,36.5
49.38,0.0,9.15,27.56,1.0,7.33,0.988,10.88,2.71,1.0,10.0,95.95,2.0,38.0
16.71,0.0,7.11,9.38,0.0,4.11,0.704,4.53,6.49,1.0,4.51,60.21,8.0,17.0
34.61,0.0,5.67,22.07,1.0,83.73,1.811,10.18,8.91,1.0,3.39,30.44,2.0,56.9
17.89,0.0,6.8,8.88,1.0,16.95,0.73,3.13,5.13,1.0,4.94,59.45,2.0,32.1
46.8,0.0,9.06,12.97,1.0,93.69,2.231,3.81,3.23,0.0,2.93,33.72,2.0,54.7
38.9,0.0,3.39,14.27,1.0,90.85,2.708,4.6,7.32,1.0,8.04,2.74,2.0,78.1
51.3,0.0,7.43,25.63,0.0,2.05,1.146,11.13,7.04,1.0,6.62,100.0,8.0,25.7
13.4,0.0,8.07,10.49,0.0,34.99,1.423,1.45,6.3,0.0,5.69,53.52,4.0,24.0
19.38,8.32,9.87,21.52,0.0,8.26,2.164,31.68,5.54,0.0,5.56,88.72,2.0,26.8
15.34,0.0,8.31,11.94,0.0,10.07,0.311,25.88,5.41,1.0,5.34,74.92,8.0,17.2
6.78,0.0,8.06,12.98,0.0,38.04,0.578,5.08,8.42,0.0,3.63,85.31,4.0,16.0
10.05,0.0,11.33,4.15,0.0,10.64,1.184,7.01,6.61,0.0,2.75,52.27,4.0,19.9
27.68,3.73,7.54,19.77,0.0,11.4,1.276,9.95,4.88,1.0,8.41,100.0,2.0,24.3
17.76,17.34,5.88,22.62,0.0,1.69,1.335,3.95,5.91,1.0,4.37,50.78,8.0,31.4
27.39,0.98,7.08,9.12,0.0,4.19,0.951,6.06,4.65,0.0,0.82,72.55,2.0,23.6
19.5,3.27,8.59,38.14,0.0,83.06,0.894,11.59,4.56,0.0,3.45,49.64,4.0,38.9
16.51,3.33,7.44,15.03,0.0,18.06,1.625,8.95,4.51,1.0,9.87,87.85,8.0,27.5
31.13,12.98,5.85,15.06,0.0,18.79,1.51,1.76,6.57,1.0,5.21,76.66,4.0,26.8
16.2,17.89,9.27,10.47,1.0,11.35,0.169,14.75,4.57,0.0,4.55,32.83,2.0,43.4
18.36,0.0,8.55,19.61,0.0,11.46,1.509,25.1,4.92,0.0,2.69,63.56,4.0,16.0
8.23,0.0,7.86,8.92,1.0,10.65,0.804,13.02,5.5,1.0,4.04,92.54,2.0,28.3
15.56,0.0,6.54,13.41,1.0,5.82,1.13,4.68,6.73,0.0,3.18,55.42,2.0,31.2
35.15,0.0,8.34,27.13,0.0,9.12,0.386,4.67,7.79,1.0,7.92,62.44,4.0,16.7
42.42,0.0,6.61,18.65,0.0,11.4,1.521,4.92,3.64,0.0,1.38,67.64,4.0,23.9
36.16,0.0,7.18,30.15,0.0,49.73,0.399,11.34,6.21,1.0,10.0,54.83,4.0,32.2
46.81,24.81,2.92,13.02,0.0,6.89,1.945,10.24,6.32,0.0,1.55,91.11,2.0,45.7
4.67,0.0,9.25,13.36,0.0,4.17,1.416,11.4,5.4,0.0,3.3,57.71,4.0,14.7
19.61,0.0,5.81,10.27,0.0,2.97,0.488,10.68,1.23,1.0,4.66,70.54,4.0,29.0
11.41,0.0,9.48,15.48,0.0,6.34,0.536,34.1,4.95,1.0,5.79,83.32,4.0,19.7
16.65,7.13,6.55,11.33,0.0,10.11,0.781,13.08,5.45,0.0,8.15,73.83,4.0,18.3
3.22,0.0,10.34,23.07,0.0,19.7,0.746,1.35,7.87,0.0,4.23,82.43,8.0,10.1
14.92,9.9,8.33,19.56,1.0,43.7,1.254,0.99,7.7,1.0,5.98,56.63,2.0,38.9
23.65,0.0,8.5,11.48,0.0,0.98,0.512,1.44,6.44,1.0,8.17,61.26,4.0,13.8
30.65,0.0,9.77,12.78,0.0,47.94,0.865,7.84,10.0,0.0,3.04,65.63,8.0,19.1
36.63,3.1,10.64,21.22,0.0,69.6,1.735,5.71,6.23,0.0,5.07,57.54,2.0,37.9
14.23,0.0,11.11,11.2,0.0,19.09,0.217,3.26,3.97,1.0,9.81,68.47,2.0,18.6
49.47,4.66,4.34,23.01,0.0,80.86,1.84,0.55,7.11,1.0,8.33,58.73,2.0,47.8
56.47,0.0,6.1,28.16,0.0,15.73,0.788,16.49,4.72,0.0,5.59,73.6,8.0,28.5
61.81,0.0,6.18,34.17,0.0,12.36,2.099,5.73,5.96,0.0,5.51,71.28,2.0,32.0
56.17,0.0,8.59,20.69,1.0,19.27,0.821,20.3,2.99,1.0,5.8,77.41,2.0,46.2
25.06,0.0,7.2,10.01,0.0,47.07,0.582,7.34,3.84,0.0,2.3,56.81,4.0,19.9
22.75,0.0,7.19,28.16,0.0,13.56,0.912,4.39,1.77,0.0,6.29,80.79,4.0,17.3
9.08,0.0,7.26,20.59,0.0,88.13,0.956,3.74,5.05,1.0,6.81,50.45,2.0,31.4
39.59,0.0,8.41,22.7,1.0,11.16,0.99,3.04,3.57,0.0,6.32,100.0,2.0,27.1
27.7,0.0,9.44,21.73,0.0,4.74,0.718,9.32,10.0,1.0,10.0,91.17,2.0,18.1
58.66,1.1,4.68,23.17,1.0,18.99,1.765,3.46,7.74,0.0,7.8,99.52,2.0,48.7
15.49,0.0,7.51,18.3,0.0,11.02,0.461,7.76,4.02,1.0,6.97,67.98,4.0,24.0
29.61,0.0,4.32,32.82,1.0,16.16,1.491,23.15,3.36,0.0,5.39,51.72,2.0,48.1
22.07,0.0,3.55,8.77,1.0,8.05,0.714,1.51,3.49,1.0,4.92,20.6,2.0,42.5
24.38,0.0,9.24,10.29,0.0,61.05,1.392,3.86,3.25,1.0,5.6,42.17,2.0,35.7
61.58,0.0,7.78,31.29,0.0,15.76,0.797,4.36,2.95,0.0,4.09,69.4,4.0,32.6
10.79,0.0,9.02,29.28,1.0,12.68,0.939,8.6,4.85,1.0,7.73,94.01,2.0,26.7
20.29,0.0,11.57,35.74,0.0,15.31,0.425,6.77,3.57,1.0,6.36,57.27,2.0,26.8
24.02,0.0,4.93,9.79,0.0,16.38,0.74,6.94,2.71,0.0,5.35,59.91,2.0,22.9
31.78,10.19,2.66,11.79,0.0,17.09,1.326,17.42,7.78,0.0,4.34,79.88,8.0,44.0
13.89,7.5,5.44,7.22,1.0,92.23,0.759,4.57,3.79,1.0,5.46,19.72,2.0,55.6
37.62,0.0,3.63,18.38,1.0,14.06,2.38,2.48,3.75,0.0,6.19,81.8,2.0,55.1
21.63,6.54,6.34,6.57,0.0,19.38,0.685,5.86,8.62,1.0,7.53,88.22,8.0,14.6
45.32,3.75,8.36,31.17,0.0,11.45,1.542,11.23,9.1,0.0,3.58,98.58,2.0,41.4
8.12,39.82,4.57,20.76,0.0,0.17,0.42,3.17,7.0,0.0,5.7,73.78,4.0,25.0
2.46,0.0,10.98,11.66,0.0,33.17,2.085,0.65,5.51,1.0,6.0,65.62,4.0,27.9
20.93,7.16,8.26,10.54,0.0,15.4,1.822,34.83,3.45,0.0,6.74,76.11,4.0,33.4
30.15,0.0,7.29,12.14,0.0,0.92,1.145,4.9,7.32,0.0,8.1,86.05,4.0,19.6
10.0,0.0,7.65,17.73,0.0,13.65,0.88,7.98,3.86,0.0,3.97,86.54,4.0,19.4
42.01,2.1,8.36,33.8,0.0,17.82,1.003,8.21,1.85,0.0,5.52,68.8,4.0,36.9
42.19,19.9,2.29,15.81,0.0,11.22,1.465,6.38,4.07,0.0,6.01,59.18,8.0,46.4
11.09,0.0,2.31,26.6,0.0,4.66,1.557,2.21,2.56,0.0,4.71,54.26,4.0,38.0
24.33,0.0,9.05,19.11,1.0,18.57,0.384,4.19,3.23,0.0,3.3,74.6,2.0,31.0
11.37,7.65,8.21,27.17,0.0,10.12,1.038,10.42,8.08,1.0,7.18,76.07,8.0,24.4
36.07,0.0,11.06,15.66,0.0,3.58,0.374,3.13,8.22,0.0,6.28,57.46,8.0,18.7
6.94,0.0,10.18,4.06,0.0,8.25,1.132,18.52,3.46,0.0,1.98,67.53,2.0,17.6
8.57,7.97,8.4,26.49,0.0,15.34,1.061,4.62,3.54,1.0,6.43,100.0,2.0,18.0
12.12,0.0,8.01,7.85,0.0,11.51,0.3,8.23,3.1,1.0,9.02,93.87,2.0,12.9
26.42,0.0,6.59,26.81,0.0,11.22,0.513,20.94,8.86,0.0,6.87,100.0,2.0,17.7
11.33,0.0,8.1,3.39,0.0,73.09,0.673,1.73,8.42,1.0,4.35,73.72,4.0,24.4
36.65,0.0,9.81,18.6,0.0,8.4,0.65,4.09,3.57,1.0,3.88,96.71,2.0,22.7
37.21,0.0,8.81,22.45,0.0,13.74,0.451,5.26,7.42,0.0,7.18,56.07,4.0,11.2
57.68,4.56,8.59,25.34,1.0,3.41,0.79,5.6,5.57,1.0,3.22,90.17,2.0,35.5
19.52,0.0,8.63,15.99,0.0,19.63,1.581,1.47,5.93,0.0,3.47,75.55,2.0,11.7
23.55,0.0,6.49,14.17,0.0,0.54,1.21,8.9,6.38,0.0,6.65,89.67,2.0,19.2
52.38,6.48,8.97,20.77,0.0,5.25,1.307,9.29,4.53,0.0,7.57,71.16,4.0,22.9
5.65,0.0,10.97,13.54,1.0,0.7,0.892,8.9,4.34,1.0,4.89,50.17,2.0,27.4
15.2,0.0,8.91,26.56,0.0,5.12,0.702,13.08,8.64,1.0,7.53,59.8,4.0,17.1
50.14,0.0,8.61,17.33,0.0,6.21,0.605,1.28,5.03,0.0,7.29,97.64,4.0,10.8
29.94,0.0,9.1,23.28,0.0,9.6,0.965,7.2,5.89,0.0,4.24,52.19,2.0,22.7
19.9,5.64,6.79,7.39,0.0,17.27,0.252,5.99,9.15,1.0,6.01,73.65,4.0,18.1
8.65,0.0,8.22,16.13,0.0,6.01,0.699,2.13,6.18,0.0,8.35,65.05,2.0,10.1
19.04,0.0,6.61,10.57,0.0,4.04,0.532,3.67,5.23,0.0,4.67,89.5,4.0,15.7
10.33,0.0,8.16,6.62,0.0,4.08,0.395,3.59,4.16,0.0,0.35,43.1,2.0,9.6
43.99,0.0,9.74,22.91,1.0,81.01,1.538,2.41,3.46,0.0,5.27,47.15,2.0,54.2
27.46,0.0,9.86,32.49,0.0,2.97,0.801,8.69,5.64,0.0,6.09,42.59,8.0,34.7
21.93,0.0,9.46,8.91,0.0,5.94,3.587,4.25,3.66,1.0,9.14,58.77,4.0,33.8
32.08,14.22,8.25,10.73,0.0,4.61,1.357,11.35,4.39,1.0,8.41,83.95,4.0,28.7
11.64,0.0,7.92,12.25,0.0,1.56,1.7,13.31,1.07,0.0,5.81,38.5,2.0,27.9
29.58,0.0,5.77,11.62,0.0,19.18,1.763,15.8,6.01,0.0,3.32,50.01,4.0,44.3
21.02,3.95,7.58,14.87,0.0,1.55,0.771,1.28,3.28,0.0,8.11,55.36,2.0,16.9
39.76,8.55,6.63,16.5,0.0,14.75,1.152,0.41,9.36,1.0,6.73,62.25,8.0,27.4
25.92,2.78,9.24,9.23,0.0,5.32,0.961,2.76,3.3,0.0,6.64,60.38,8.0,24.7
30.31,0.0,9.11,12.44,1.0,11.06,0.473,6.56,4.28,1.0,8.73,70.62,2.0,32.8
58.36,8.36,8.27,35.0,0.0,0.03,2.007,4.38,4.93,1.0,8.21,83.58,2.0,34.4
1.65,0.0,4.92,7.73,0.0,0.15,0.614,10.72,4.2,0.0,4.24,37.28,8.0,28.9
6.68,0.0,7.2,10.67,1.0,90.84,0.537,5.59,1.12,0.0,7.84,63.61,2.0,44.6
12.17,0.0,8.45,7.09,0.0,14.08,0.399,10.86,5.21,0.0,5.2,63.62,8.0,15.5
5.94,0.0,9.78,13.33,0.0,19.45,2.376,2.51,6.14,0.0,5.58,72.26,4.0,27.4
15.05,0.0,12.74,20.12,0.0,9.04,0.862,7.91,4.38,1.0,8.62,61.8,2.0,18.4
3.36,0.0,6.94,11.13,0.0,13.6,1.034,2.42,4.54,0.0,4.83,88.08,2.0,14.5
11.99,0.0,7.22,10.0,0.0,11.34,0.716,4.43,4.34,1.0,9.12,63.46,2.0,12.4
45.99,3.83,6.31,30.2,0.0,18.79,1.116,4.58,3.26,0.0,5.69,92.65,4.0,32.8
11.07,0.0,7.18,12.05,0.0,11.23,0.455,2.89,3.7,1.0,6.24,96.0,2.0,14.3
34.95,0.0,6.18,31.07,1.0,5.49,0.672,12.86,8.41,1.0,8.11,64.83,2.0,33.4
53.47,0.0,7.49,28.03,0.0,14.1,0.879,2.37,6.09,1.0,5.02,76.12,8.0,27.6
26.76,0.0,10.16,13.53,0.0,17.2,2.198,1.15,6.91,0.0,5.34,71.44,4.0,27.5
6.48,0.0,9.04,3.34,1.0,16.97,2.172,2.06,3.92,0.0,4.57,71.95,2.0,32.7
38.07,0.0,6.14,24.5,1.0,51.88,1.308,7.73,7.17,0.0,6.46,25.19,2.0,49.8
10.06,6.79,7.49,24.96,0.0,1.84,1.059,6.1,7.63,0.0,6.53,16.7,8.0,28.7
19.11,0.0,6.35,8.08,0.0,9.3,0.605,2.98,4.25,0.0,3.8,71.06,4.0,17.2
56.49,0.0,9.27,22.62,0.0,65.76,1.648,3.19,10.0,1.0,5.39,78.68,8.0,40.1
7.02,0.0,11.73,16.6,0.0,19.69,1.067,7.81,3.03,0.0,7.78,74.49,4.0,23.8
33.36,0.0,4.81,15.24,0.0,2.95,1.303,17.53,2.51,0.0,8.3,80.03,4.0,28.5
23.13,0.0,8.76,15.18,1.0,9.18,0.39,0.44,3.29,0.0,10.0,73.9,2.0,27.5
24.76,0.0,6.7,35.44,0.0,14.62,2.653,8.88,4.05,1.0,6.22,69.12,4.0,36.9
15.42,0.0,8.66,15.55,0.0,1.29,0.778,9.86,6.7,0.0,3.84,88.01,2.0,8.0
49.55,0.0,7.34,16.61,0.0,17.87,0.879,4.21,3.56,1.0,4.95,59.47,8.0,30.9
29.13,0.0,5.44,16.55,0.0,14.13,0.927,8.41,0.74,1.0,6.64,83.87,4.0,31.0
41.38,0.0,10.18,19.75,0.0,2.73,0.767,15.51,3.83,1.0,3.97,65.4,8.0,30.4
6.18,0.0,8.51,4.91,0.0,13.71,0.804,9.09,4.35,0.0,4.12,67.31,4.0,14.0
1.14,0.0,8.03,38.14,0.0,12.73,0.868,24.25,5.91,1.0,7.22,92.28,8.0,27.1
41.55,10.89,6.68,10.74,1.0,2.42,1.553,3.86,0.0,0.0,1.67,72.74,2.0,56.8
27.99,0.0,6.42,8.75,0.0,19.29,0.585,2.35,4.32,1.0,7.25,75.76,4.0,19.5
6.68,0.0,8.43,4.94,0.0,10.15,0.551,19.22,4.91,0.0,7.15,85.42,4.0,23.6
36.83,0.0,4.22,10.98,0.0,10.71,0.883,12.7,5.14,0.0,5.72,24.22,8.0,33.8
47.17,0.0,2.87,12.84,0.0,13.68,0.839,10.97,6.61,0.0,6.6,75.19,2.0,25.1
18.75,0.0,6.5,33.99,0.0,4.02,2.231,3.64,2.96,0.0,3.38,71.55,4.0,27.6
44.0,0.0,6.62,26.62,0.0,11.88,0.976,1.76,4.72,0.0,1.85,41.93,4.0,29.5
47.22,0.0,4.07,31.17,0.0,6.52,2.05,10.01,5.2,0.0,7.17,62.05,4.0,36.9
17.55,0.0,7.48,10.86,0.0,59.46,1.156,4.63,4.39,0.0,5.61,67.08,4.0,26.4
48.17,0.0,6.49,35.29,0.0,17.92,1.6,8.65,5.92,1.0,6.67,49.66,2.0,39.2
25.4,0.0,8.12,21.34,0.0,15.13,0.596,14.64,2.95,1.0,6.93,72.32,4.0,16.9
43.81,0.0,8.91,17.16,0.0,69.82,1.782,5.83,6.06,1.0,4.88,45.39,4.0,38.8
59.87,2.62,10.31,28.67,1.0,9.42,1.27,9.82,4.47,1.0,7.63,55.22,2.0,41.7
10.98,5.02,8.92,4.8,1.0,38.39,0.387,9.01,6.71,0.0,5.57,53.57,2.0,31.9
16.43,0.0,6.54,16.13,0.0,7.23,0.44,12.63,7.55,1.0,7.53,82.98,2.0,22.8
63.47,0.0,8.43,23.7,0.0,64.99,0.643,4.26,6.92,0.0,4.1,85.18,2.0,31.2
23.71,0.0,11.09,34.97,1.0,4.37,1.326,3.11,2.13,1.0,7.82,79.87,2.0,47.1
31.41,0.0,5.82,28.38,0.0,1.44,0.847,6.84,3.58,0.0,5.63,60.3,8.0,25.5
27.11,0.0,6.06,8.78,0.0,1.52,1.258,2.1,5.52,1.0,7.57,78.91,8.0,29.9
12.13,7.11,4.94,6.71,0.0,3.5,1.713,10.71,4.25,0.0,4.9,83.36,8.0,31.9
44.23,6.37,5.78,50.13,0.0,8.23,0.513,31.19,3.63,1.0,6.83,66.96,4.0,30.8
33.52,0.0,8.74,14.82,0.0,11.23,0.846,4.1,6.89,0.0,4.45,51.37,8.0,19.2
27.16,0.0,11.15,8.73,1.0,10.6,0.417,8.52,2.64,1.0,7.18,100.0,2.0,37.4
8.77,0.0,10.52,18.43,0.0,8.53,0.549,17.13,1.42,0.0,2.06,63.32,8.0,21.6
12.02,0.0,9.41,28.92,0.0,17.39,0.339,4.07,2.88,0.0,5.06,66.29,4.0,13.8
20.49,0.0,8.48,12.65,1.0,16.55,2.261,3.3,5.77,0.0,4.57,56.88,2.0,32.7
53.26,0.0,8.19,26.63,0.0,7.84,0.978,17.6,8.2,1.0,10.0,99.74,8.0,18.4
56.75,0.0,8.2,22.76,1.0,10.18,2.911,3.86,9.07,0.0,2.83,92.12,2.0,47.5
22.64,0.0,10.93,22.07,1.0,17.71,1.228,8.56,4.44,1.0,4.38,73.99,2.0,32.6
6.31,0.0,8.77,5.78,0.0,48.88,1.119,9.43,2.89,1.0,5.65,81.02,2.0,28.5
29.44,0.0,8.64,18.61,1.0,7.06,0.595,6.61,5.06,0.0,5.52,66.5,2.0,36.4
23.95,0.0,7.46,26.1,1.0,11.99,0.645,2.61,5.34,0.0,4.5,86.85,2.0,19.7
40.24,5.77,7.33,16.28,0.0,8.93,0.903,18.31,1.25,1.0,3.53,68.64,4.0,33.3
45.78,0.0,7.11,30.4,0.0,11.16,1.453,1.91,0.95,1.0,4.38,72.83,2.0,26.8
13.04,0.0,6.23,19.02,0.0,0.81,0.192,13.47,2.16,1.0,9.23,58.47,4.0,22.5
7.56,0.0,10.52,4.57,1.0,9.8,0.256,2.8,7.69,1.0,10.0,33.69,2.0,29.5
41.19,14.37,9.02,14.66,0.0,53.46,1.312,7.58,4.44,0.0,6.09,49.35,4.0,37.0
34.85,0.0,7.88,26.09,0.0,47.61,0.462,15.03,3.8,0.0,4.66,63.23,2.0,29.3
29.42,0.0,8.78,11.67,0.0,40.36,1.161,2.63,6.1,1.0,7.42,51.16,8.0,24.7
4.91,0.0,10.58,1.61,0.0,18.68,2.078,7.72,7.37,1.0,5.45,100.0,4.0,20.7
19.15,0.0,8.14,15.29,0.0,15.14,0.56,23.05,3.35,0.0,7.59,84.04,2.0,14.3
13.58,0.0,8.97,13.23,0.0,3.77,1.439,5.1,5.29,0.0,8.14,75.81,4.0,16.7
15.06,0.0,8.11,20.41,0.0,13.73,1.014,7.14,5.49,0.0,3.52,69.77,4.0,16.1
13.33,0.0,7.5,27.77,0.0,19.8,0.365,0.8,6.91,1.0,7.96,72.28,4.0,22.0
31.71,0.0,9.09,17.82,0.0,73.86,0.322,2.49,4.98,1.0,6.09,79.51,4.0,22.6
4.62,0.0,9.89,13.45,0.0,16.11,0.722,1.76,1.79,1.0,8.13,67.96,4.0,19.4
33.76,3.61,9.4,10.25,0.0,13.89,2.417,4.61,4.94,0.0,4.38,57.44,4.0,32.8
13.69,0.0,8.58,10.03,1.0,0.75,0.928,10.67,5.76,0.0,3.49,61.85,2.0,31.9
18.94,0.0,6.03,51.55,0.0,0.37,1.958,10.65,4.71,0.0,5.47,48.92,4.0,30.3
49.83,0.0,9.72,27.01,0.0,14.92,2.979,4.48,3.52,1.0,4.23,52.14,8.0,43.9
17.04,3.01,6.66,29.45,0.0,6.12,1.074,8.02,2.1,1.0,6.94,83.97,8.0,32.3
19.24,0.0,6.92,11.36,0.0,68.82,1.545,15.49,7.46,0.0,4.52,73.36,8.0,30.8
18.32,0.0,7.39,10.2,0.0,6.58,0.37,7.0,6.58,0.0,6.24,83.98,2.0,10.5
54.74,1.59,3.68,19.15,1.0,3.97,1.676,2.12,5.07,1.0,7.42,49.01,2.0,54.5
13.28,0.0,8.17,22.95,0.0,6.1,1.708,3.49,2.73,0.0,5.06,87.73,4.0,16.3
29.42,18.55,7.13,15.14,0.0,79.96,0.826,35.99,6.51,0.0,6.79,50.98,4.0,53.0
13.63,13.57,6.1,5.14,0.0,5.85,0.767,5.84,3.76,0.0,6.57,62.35,8.0,25.1
12.3,0.0,11.31,11.51,0.0,19.31,1.866,7.74,1.14,0.0,6.7,50.19,4.0,26.8
6.04,0.0,11.37,7.27,1.0,85.73,0.535,1.26,6.99,0.0,2.92,32.31,2.0,35.3
15.74,0.0,10.31,24.53,0.0,2.18,1.081,2.22,0.5,0.0,6.34,51.82,2.0,22.1
6.34,0.0,4.94,38.98,0.0,4.73,0.842,9.14,4.46,0.0,8.07,53.32,4.0,27.9
15.52,0.0,11.4,5.69,0.0,2.43,2.509,1.27,6.69,1.0,3.69,61.14,4.0,17.6
4.28,3.79,7.94,16.02,0.0,11.86,1.293,7.86,5.33,1.0,4.51,84.38,4.0,19.9
28.8,0.0,11.49,30.12,1.0,10.9,0.884,10.83,6.54,0.0,8.66,83.72,2.0,38.0
38.47,0.0,6.64,27.0,1.0,2.56,1.113,5.25,7.36,0.0,5.84,84.64,2.0,36.9
25.75,8.18,6.97,12.12,1.0,12.99,0.287,11.62,2.89,1.0,5.77,59.17,2.0,36.3
5.76,0.0,9.01,8.51,0.0,7.05,1.83,11.01,5.0,0.0,2.52,59.52,8.0,20.4
22.87,0.0,6.45,15.3,0.0,9.39,1.247,6.43,4.87,0.0,3.69,87.12,4.0,14.3
5.53,14.41,3.86,6.15,0.0,14.51,0.597,3.66,4.77,0.0,0.86,40.6,2.0,20.9
9.77,0.0,3.91,13.8,1.0,0.56,1.162,1.97,6.46,1.0,7.66,32.7,2.0,44.2
39.18,0.0,13.73,36.29,0.0,17.73,1.571,4.1,6.4,0.0,6.79,44.58,2.0,34.8
14.12,0.0,5.24,18.32,0.0,2.26,0.985,5.24,7.2,0.0,7.74,74.81,4.0,18.7
21.01,25.69,1.98,6.49,0.0,10.83,1.071,5.69,2.8,0.0,1.32,67.38,8.0,42.0
55.28,0.0,8.49,22.42,1.0,18.86,0.589,12.58,5.67,0.0,6.12,44.35,2.0,39.9
2.93,0.0,6.06,35.32,1.0,19.07,1.135,4.82,2.62,1.0,7.15,69.87,2.0,39.5
46.71,0.0,4.38,15.85,1.0,14.99,1.499,5.13,5.91,0.0,6.49,79.12,2.0,48.6
39.51,0.0,2.07,27.23,1.0,12.75,1.975,14.52,8.57,0.0,0.16,100.0,2.0,50.9
51.14,0.0,8.05,15.48,0.0,10.12,1.85,10.75,8.31,1.0,6.94,92.41,8.0,27.0
20.82,0.0,6.24,19.88,0.0,3.18,0.718,7.91,2.13,1.0,4.82,74.58,8.0,28.0
55.8,3.75,8.16,21.03,0.0,9.79,1.429,8.6,2.54,0.0,2.83,84.94,4.0,22.4
9.19,4.52,8.03,31.4,0.0,90.48,1.055,7.72,5.93,0.0,8.62,100.0,2.0,33.7
38.5,2.2,7.75,38.58,0.0,40.37,1.601,14.19,3.74,0.0,8.33,48.47,4.0,34.8
30.39,0.0,7.18,9.5,0.0,56.69,0.823,0.83,7.75,0.0,5.39,36.37,8.0,32.3
0.92,0.0,8.42,8.61,0.0,12.07,1.091,7.09,6.65,1.0,2.96,89.03,2.0,6.5
12.94,0.0,6.82,9.65,0.0,41.62,1.768,8.62,6.1,0.0,3.65,60.51,4.0,23.3
32.19,5.71,5.75,25.02,1.0,71.26,1.09,11.45,2.67,1.0,10.0,40.38,2.0,53.7
42.54,0.0,5.53,18.56,1.0,11.54,1.155,4.81,6.73,1.0,6.6,66.43,2.0,37.3
73.97,4.36,9.29,45.22,0.0,10.84,0.916,1.05,6.27,0.0,2.68,52.97,4.0,37.7
44.79,16.6,4.87,18.6,1.0,1.12,1.709,3.23,4.86,1.0,7.28,50.15,2.0,52.6
24.37,0.0,3.74,16.89,1.0,14.09,0.89,6.45,1.77,0.0,4.82,79.99,2.0,45.2
6.57,0.0,9.32,9.7,1.0,8.31,0.644,7.63,8.27,0.0,2.81,58.23,2.0,26.9
3.94,0.0,7.27,18.05,0.0,75.23,0.837,6.78,2.48,0.0,3.69,31.78,4.0,33.2
30.83,0.0,7.99,38.22,0.0,1.07,0.634,1.05,1.71,1.0,4.24,70.64,4.0,25.8
25.01,0.0,7.71,26.25,1.0,7.86,1.624,16.81,6.06,1.0,10.0,61.88,2.0,42.4
23.01,0.0,11.29,12.66,0.0,2.02,1.374,3.58,7.25,1.0,5.34,77.16,4.0,15.9
42.73,0.0,6.95,13.33,0.0,14.36,1.199,2.31,3.37,1.0,5.98,63.8,4.0,21.8
42.19,0.0,9.37,15.29,0.0,15.63,0.888,2.81,2.91,1.0,6.31,57.53,4.0,27.0
3.24,0.0,10.32,25.82,0.0,3.28,0.935,2.56,5.71,0.0,6.41,92.21,2.0,9.7
30.04,0.0,5.37,18.65,0.0,2.28,1.167,14.71,9.16,0.0,1.1,49.38,4.0,20.4
38.18,0.0,8.23,21.67,0.0,19.39,2.407,7.37,8.78,1.0,6.84,87.14,8.0,27.6
8.94,7.02,6.37,21.33,0.0,8.99,2.247,5.84,7.03,1.0,7.27,69.52,2.0,24.8
1.89,0.0,6.53,10.25,0.0,14.76,0.486,1.35,5.66,1.0,7.88,85.76,4.0,10.4
43.21,0.0,5.29,31.93,1.0,68.19,0.858,11.85,4.52,1.0,7.31,60.29,2.0,64.2
44.32,11.85,7.89,19.22,0.0,45.88,1.967,17.76,4.43,0.0,2.9,69.03,2.0,41.8
17.91,0.0,13.75,11.07,0.0,6.18,0.629,18.24,4.32,0.0,4.78,75.78,4.0,23.2
12.75,9.64,5.85,6.24,0.0,14.93,1.406,7.46,5.39,0.0,6.07,93.46,2.0,26.0
32.69,0.0,8.45,8.75,0.0,10.58,1.481,17.39,3.98,0.0,5.12,74.79,4.0,30.3
20.54,0.0,9.0,16.49,0.0,16.7,0.662,21.05,4.39,0.0,4.83,44.94,8.0,19.4
24.9,5.08,6.58,24.34,1.0,0.21,1.105,1.78,3.63,0.0,7.85,74.19,2.0,34.8
4.07,12.94,10.14,19.03,0.0,10.99,0.257,5.84,4.61,1.0,8.63,88.08,2.0,19.3
7.82,0.0,13.16,27.72,0.0,8.54,1.142,11.66,4.79,1.0,5.67,89.94,4.0,21.0
26.96,0.0,7.0,15.9,0.0,3.25,1.243,6.5,5.53,1.0,6.4,62.89,2.0,26.5
23.43,0.0,11.77,31.33,0.0,7.15,1.037,6.81,6.2,0.0,5.8,58.52,4.0,16.6
46.22,0.0,6.52,21.78,0.0,9.81,0.956,10.35,10.0,0.0,2.78,47.97,8.0,30.1
17.42,4.65,5.98,7.35,0.0,7.71,1.9,0.83,7.72,1.0,7.01,84.61,4.0,19.2
5.92,0.0,8.54,15.87,0.0,18.17,0.404,3.9,7.51,0.0,5.84,81.44,4.0,9.8
21.58,0.0,10.09,8.63,1.0,7.41,1.165,15.33,7.9,0.0,2.87,95.92,2.0,30.9
33.51,0.0,7.79,17.53,0.0,92.24,0.877,11.51,6.1,0.0,6.66,45.17,2.0,32.0
22.08,0.0,9.81,27.84,0.0,11.68,0.782,17.87,1.49,0.0,6.66,72.17,8.0,26.7
64.04,0.0,7.53,16.25,1.0,30.42,1.683,10.08,6.16,1.0,2.94,62.7,2.0,48.4
65.73,0.0,9.73,27.13,0.0,11.82,2.713,2.41,4.3,0.0,5.96,58.79,4.0,36.4
52.34,0.0,8.49,17.98,0.0,15.58,0.497,5.58,3.8,1.0,10.0,66.95,8.0,27.4
50.41,1.44,10.38,35.02,0.0,65.61,1.204,4.08,1.7,0.0,5.0,39.65,4.0,35.5
48.72,2.74,5.49,44.81,0.0,1.89,1.966,3.68,1.93,1.0,4.4,83.08,4.0,32.5
46.16,0.0,7.21,19.11,0.0,12.28,0.694,4.45,4.57,0.0,6.22,85.95,4.0,23.9
14.07,0.0,8.57,19.87,0.0,5.17,2.205,8.11,5.63,0.0,3.93,81.73,2.0,15.1
18.68,0.0,6.73,6.6,0.0,62.66,0.347,4.88,5.06,1.0,8.1,60.76,4.0,25.9
31.2,5.53,5.39,20.41,0.0,46.64,0.81,4.0,4.06,0.0,6.34,78.88,4.0,33.3
36.3,1.47,8.5,12.65,0.0,12.82,0.583,15.32,6.11,1.0,4.64,61.29,8.0,25.6
46.5,0.0,8.94,15.73,1.0,14.51,0.807,5.21,6.57,0.0,5.46,43.02,2.0,34.8
32.88,0.0,8.24,16.8,0.0,10.08,2.156,15.89,6.19,1.0,5.02,63.21,2.0,31.2
22.21,1.91,10.22,9.72,1.0,7.3,0.473,3.88,6.28,0.0,2.44,58.43,2.0,30.1
14.96,5.24,5.72,16.8,1.0,12.22,0.966,11.39,6.7,1.0,8.51,100.0,2.0,40.1
28.37,0.0,7.37,16.91,1.0,92.51,0.685,13.49,1.05,0.0,5.2,70.48,2.0,50.5
18.23,8.93,5.02,9.81,0.0,6.02,1.29,5.55,5.82,0.0,0.0,69.68,4.0,28.3
15.85,0.0,8.8,8.8,0.0,2.68,0.855,7.09,3.74,1.0,8.3,90.75,8.0,16.9
19.47,0.0,9.39,19.79,1.0,11.48,0.887,12.27,9.04,1.0,4.65,80.5,2.0,25.8
11.97,2.56,11.02,20.9,1.0,8.76,0.501,8.47,7.49,1.0,7.02,70.7,2.0,25.9
20.07,0.0,6.04,15.69,0.0,73.44,2.072,17.54,5.64,1.0,6.17,56.72,4.0,43.4
30.56,8.74,7.78,24.42,0.0,9.13,1.262,6.74,4.56,0.0,6.92,54.11,2.0,22.0
16.75,0.0,11.37,7.33,0.0,12.14,1.094,1.34,0.25,0.0,6.03,75.28,4.0,22.8
57.5,0.0,5.27,18.09,0.0,19.05,1.665,5.98,2.47,1.0,7.52,84.08,2.0,42.5
36.73,0.0,5.43,14.65,1.0,4.32,0.75,7.98,3.95,1.0,8.14,45.96,2.0,51.1
39.48,22.63,2.15,12.71,0.0,4.85,1.794,1.42,5.82,0.0,4.77,78.16,2.0,41.8
29.6,5.85,8.66,15.18,1.0,19.96,1.292,1.13,4.15,1.0,8.72,74.82,2.0,33.6
9.31,0.0,7.27,6.87,0.0,19.59,1.212,6.75,8.24,1.0,7.57,53.1,4.0,20.9
27.57,0.0,9.13,13.48,1.0,87.91,0.231,3.96,3.71,0.0,6.9,57.17,2.0,43.7
48.6,0.0,7.11,16.21,1.0,30.22,1.067,8.34,10.0,0.0,7.88,39.44,2.0,46.4
12.84,0.0,12.22,9.48,0.0,11.31,0.698,2.78,2.28,0.0,7.18,72.29,2.0,15.0
8.53,10.65,9.04,11.87,1.0,11.13,1.007,4.24,6.57,0.0,5.13,77.06,2.0,33.9
21.78,0.0,6.74,21.6,0.0,14.52,1.982,1.98,4.76,1.0,10.0,80.74,8.0,29.4
15.49,0.0,7.93,28.04,0.0,49.38,0.592,1.45,4.31,1.0,5.6,70.26,8.0,26.0
33.64,2.76,9.23,15.85,0.0,63.32,1.2,3.62,4.86,0.0,4.87,80.01,8.0,32.2
22.63,0.0,6.18,10.11,1.0,15.36,1.298,3.76,3.23,0.0,6.06,55.77,2.0,40.8
45.22,0.0,10.01,12.53,0.0,6.88,1.202,2.97,5.59,1.0,6.44,82.06,4.0,22.9
3.91,0.0,8.38,42.42,0.0,13.85,0.559,3.13,3.33,0.0,6.78,61.79,8.0,18.1
52.56,13.33,7.44,30.75,0.0,10.85,0.649,6.75,5.48,0.0,5.06,53.99,4.0,30.8
20.15,3.95,7.53,16.11,1.0,19.13,0.72,3.03,5.87,0.0,1.69,57.7,2.0,30.4
25.59,0.0,7.18,8.51,0.0,47.48,0.729,2.25,5.32,1.0,4.44,42.66,4.0,24.8
29.59,0.0,6.74,7.82,0.0,15.61,1.087,3.45,3.86,0.0,6.83,73.81,2.0,19.2
9.09,0.0,12.19,3.43,1.0,2.27,1.939,3.05,8.05,1.0,5.07,49.67,2.0,32.5
31.51,0.0,7.46,13.55,0.0,59.52,0.883,7.09,1.17,0.0,5.1,76.81,8.0,30.0
25.3,2.26,14.13,11.01,1.0,2.25,0.359,3.28,6.03,0.0,4.08,76.72,2.0,19.8
31.86,0.0,8.35,12.28,0.0,13.41,1.099,8.86,8.77,0.0,5.97,76.6,4.0,25.0
16.41,0.0,6.81,9.13,0.0,46.33,0.213,7.61,7.42,0.0,4.91,59.05,4.0,19.0
13.4,0.0,5.43,23.28,0.0,12.7,0.212,12.03,2.56,0.0,3.24,30.65,2.0,22.0
5.56,0.0,11.3,3.48,1.0,8.68,0.358,0.98,3.43,1.0,4.03,62.72,2.0,24.1
22.06,0.0,7.95,8.49,1.0,16.38,0.522,21.88,4.77,1.0,8.68,69.16,2.0,35.0
4.61,0.0,10.51,4.26,0.0,2.45,0.625,3.97,2.47,0.0,4.58,61.74,4.0,10.6
87.49,5.21,10.39,27.39,1.0,4.87,1.928,16.24,3.45,0.0,2.13,84.16,2.0,49.1
48.71,13.76,7.22,13.38,0.0,8.49,0.871,4.57,1.75,0.0,5.45,63.01,2.0,34.0
17.52,0.0,9.15,18.45,1.0,7.0,0.948,5.44,6.48,0.0,5.65,79.46,2.0,27.8
15.72,0.0,10.98,8.33,0.0,1.83,1.549,9.21,7.36,0.0,4.28,56.62,4.0,21.9
30.08,0.0,9.71,15.43,1.0,8.62,3.023,6.3,3.49,1.0,6.8,85.51,2.0,49.8
12.88,0.0,6.09,12.53,0.0,11.48,0.512,16.61,4.23,0.0,7.08,90.44,2.0,11.6
61.14,23.01,7.07,21.8,0.0,14.67,1.015,20.34,2.87,1.0,7.12,56.07,2.0,46.7
24.45,10.07,6.97,23.97,0.0,3.97,1.046,3.92,6.23,0.0,2.02,86.76,4.0,15.6
25.99,0.0,11.3,30.13,0.0,93.9,0.991,17.4,3.41,1.0,7.1,60.66,4.0,45.4
22.95,0.0,9.33,8.11,0.0,8.98,0.879,1.22,2.91,0.0,6.95,51.4,2.0,17.0
21.04,0.0,10.75,9.44,0.0,16.78,0.67,6.66,6.59,1.0,4.34,70.48,4.0,15.4
25.1,0.0,7.8,9.61,0.0,7.52,0.371,8.54,7.61,1.0,8.43,77.22,4.0,16.0
16.14,0.0,5.48,5.76,0.0,14.51,0.833,3.88,5.25,0.0,4.83,37.08,2.0,24.9
28.88,0.0,9.26,22.87,0.0,43.13,0.713,2.24,1.31,0.0,2.01,51.08,4.0,20.9
63.16,1.29,8.9,28.83,1.0,3.69,1.066,2.61,7.45,0.0,6.8,74.34,2.0,40.1
28.6,0.0,7.03,11.47,1.0,88.47,1.074,8.15,1.46,1.0,5.4,33.99,2.0,61.5
42.97,0.0,7.3,14.89,0.0,3.52,2.203,6.29,2.23,0.0,4.98,40.8,2.0,33.7
9.3,0.0,4.29,13.12,1.0,15.99,0.315,3.42,4.13,0.0,5.6,86.31,2.0,33.3
36.26,0.0,7.6,16.03,0.0,7.23,0.917,1.92,5.6,1.0,7.19,100.0,4.0,14.9
32.88,0.0,5.51,19.2,0.0,12.4,0.49,8.82,4.02,1.0,5.47,80.12,4.0,26.2
51.2,26.44,5.33,17.89,1.0,58.44,1.899,12.96,7.85,0.0,7.37,58.65,2.0,68.7
29.61,0.0,8.78,17.45,0.0,4.98,1.616,7.49,5.54,0.0,3.24,60.14,4.0,23.1
15.06,0.0,8.58,22.33,0.0,12.71,2.036,11.86,5.09,0.0,4.24,84.54,2.0,22.3
23.48,0.99,10.82,13.82,1.0,10.87,1.193,6.51,2.05,1.0,8.67,59.8,2.0,42.7
40.13,0.0,8.28,21.22,1.0,13.22,0.345,2.53,7.93,1.0,6.72,93.36,2.0,31.3
34.77,13.71,6.7,16.03,0.0,2.04,1.211,4.37,4.67,0.0,4.24,76.97,4.0,23.2
51.37,0.0,8.1,27.56,0.0,88.23,3.247,5.89,2.76,0.0,4.31,70.36,4.0,51.7
10.81,0.0,7.51,15.01,1.0,16.91,0.616,11.5,3.57,0.0,1.22,78.84,2.0,27.2
14.36,0.69,10.47,18.09,1.0,5.74,0.528,2.55,8.03,0.0,6.88,57.19,2.0,27.9
6.87,0.0,6.96,11.47,0.0,78.54,0.549,0.63,5.55,1.0,4.5,80.17,2.0,20.9
22.71,0.0,9.16,33.04,0.0,13.86,1.303,5.22,4.53,0.0,4.89,78.1,2.0,30.0
6.57,16.34,9.28,17.73,0.0,3.73,0.398,5.25,3.79,0.0,0.33,47.04,4.0,21.9
17.46,0.0,6.42,13.43,0.0,70.25,1.567,12.36,6.08,0.0,5.11,40.07,2.0,39.0
28.23,1.39,5.3,18.28,1.0,2.33,0.304,1.64,1.88,0.0,2.32,30.57,2.0,40.3
15.78,0.0,6.44,42.71,0.0,2.17,2.074,5.81,5.32,1.0,3.48,68.25,4.0,27.2
5.77,0.0,12.46,8.59,1.0,17.71,0.588,0.48,3.92,1.0,4.93,64.5,2.0,23.8
19.84,9.35,6.06,16.41,0.0,12.99,1.487,2.69,1.9,1.0,3.55,85.34,8.0,31.8
29.45,0.0,5.72,34.53,0.0,6.54,0.736,2.13,4.23,0.0,4.57,100.0,8.0,18.3
14.57,0.0,9.3,6.61,0.0,11.18,0.565,11.33,1.77,0.0,4.94,78.69,4.0,15.0
22.34,1.28,2.73,11.4,1.0,12.39,0.806,2.63,3.69,0.0,4.61,36.08,2.0,41.2
13.33,0.0,6.69,22.88,0.0,51.24,1.398,10.14,0.16,0.0,3.49,73.74,4.0,24.0
44.58,0.0,10.49,15.13,1.0,49.09,0.823,32.87,3.54,0.0,6.52,53.92,2.0,47.9
30.11,18.42,3.98,14.61,0.0,86.9,1.395,13.79,2.32,1.0,6.33,60.47,2.0,53.8
65.64,10.86,5.21,27.3,1.0,7.06,1.452,10.9,4.83,1.0,9.11,94.67,2.0,39.7
44.44,0.0,8.26,28.5,0.0,5.86,2.299,19.75,4.58,1.0,2.45,55.48,8.0,37.4
14.87,0.0,9.14,5.78,1.0,9.35,1.405,14.29,5.55,0.0,5.27,43.82,2.0,43.1
12.83,0.0,7.55,21.59,0.0,14.65,0.302,13.25,7.62,0.0,5.23,67.46,2.0,12.7
69.04,15.13,6.21,27.29,1.0,14.77,1.232,4.43,7.69,1.0,5.22,40.84,2.0,59.6
25.78,8.7,10.07,17.09,0.0,11.86,1.338,7.08,4.16,0.0,7.02,66.94,2.0,21.5
32.1,6.11,5.18,9.31,0.0,15.37,0.57,4.6,4.99,0.0,4.7,69.0,2.0,36.4
48.42,0.0,6.58,20.63,0.0,2.85,1.422,10.52,2.77,0.0,5.02,38.61,4.0,35.2
54.72,5.89,6.44,16.15,0.0,3.17,2.047,0.63,4.59,0.0,5.53,57.9,2.0,32.8
20.82,0.0,9.77,34.4,0.0,15.21,0.584,8.08,7.98,0.0,8.46,85.91,8.0,14.9
18.42,0.0,8.51,11.16,1.0,5.47,1.246,14.02,2.97,0.0,3.95,95.13,2.0,31.3
40.02,0.0,7.55,34.46,0.0,3.99,5.046,3.79,9.3,0.0,5.1,92.47,4.0,31.6
5.59,0.0,5.73,11.81,0.0,67.41,0.832,3.08,0.62,0.0,7.13,80.61,8.0,30.6
26.17,0.0,5.95,31.31,0.0,8.76,1.245,7.57,5.36,1.0,6.49,73.5,4.0,21.4
25.91,0.0,8.61,7.18,1.0,32.65,1.091,9.75,3.12,1.0,8.9,36.46,2.0,41.8
41.44,0.0,6.73,14.08,0.0,5.66,0.868,2.65,0.0,0.0,4.75,83.49,2.0,27.3
23.21,16.64,5.62,29.19,0.0,7.15,0.669,6.95,7.05,0.0,5.47,65.44,2.0,22.5
31.22,0.0,7.94,41.6,0.0,19.33,0.677,10.71,5.16,0.0,4.45,25.17,2.0,33.9
29.05,8.51,11.79,14.73,0.0,5.15,0.457,10.44,5.93,0.0,4.14,75.61,8.0,27.3
14.32,0.0,7.58,8.77,0.0,8.23,0.463,1.92,3.31,0.0,4.78,66.61,4.0,10.5
17.81,0.0,11.24,6.33,0.0,7.32,1.77,1.27,6.71,1.0,5.14,70.52,8.0,17.1
32.22,5.9,9.95,9.08,1.0,75.36,2.071,4.41,4.01,0.0,3.2,44.29,2.0,44.1
60.51,0.0,8.79,16.02,0.0,16.51,1.428,14.47,7.1,0.0,4.48,52.69,4.0,45.1
23.34,0.0,6.61,15.05,1.0,18.24,0.793,5.3,3.91,0.0,4.85,70.57,2.0,35.5
18.76,0.0,8.71,13.39,0.0,8.11,0.392,6.38,7.09,1.0,8.04,64.09,4.0,15.0
34.3,0.0,7.19,11.03,0.0,8.35,1.237,6.52,5.89,1.0,6.01,64.02,8.0,26.6
14.99,0.0,12.58,8.16,1.0,11.48,1.65,1.18,8.34,0.0,7.74,50.78,2.0,35.1
32.06,0.0,8.86,14.71,1.0,17.71,2.134,8.52,5.9,0.0,2.39,45.52,2.0,35.0
28.12,0.0,7.73,7.66,0.0,89.43,2.673,18.22,7.48,1.0,5.07,43.71,2.0,47.3
43.41,0.0,11.27,21.74,0.0,19.45,0.731,1.57,5.73,0.0,5.54,81.06,4.0,26.6
15.61,0.0,7.83,16.04,0.0,15.36,2.294,10.32,6.98,1.0,9.36,79.91,2.0,26.5
22.98,0.0,9.41,20.57,0.0,9.15,0.979,26.17,5.21,1.0,5.34,37.29,2.0,28.3
53.24,5.23,8.18,27.02,1.0,12.24,1.43,22.2,5.19,1.0,9.8,68.2,2.0,45.6
57.27,0.0,7.98,22.27,1.0,19.26,1.379,3.69,7.86,0.0,6.31,56.25,2.0,49.8
12.73,0.0,8.41,32.14,0.0,4.01,0.614,8.18,5.2,1.0,7.78,100.0,4.0,16.4
33.29,10.2,8.45,13.76,0.0,18.84,1.384,6.1,1.57,0.0,5.75,53.58,2.0,26.4
71.5,3.87,5.13,31.35,1.0,3.74,0.838,10.93,5.86,0.0,5.69,52.71,2.0,53.7
55.79,0.0,9.55,16.23,1.0,35.58,2.452,11.06,7.96,0.0,3.84,49.39,2.0,57.3
36.04,19.59,5.01,11.36,1.0,0.29,1.115,6.52,5.15,1.0,5.82,93.09,2.0,38.8
26.01,0.0,10.9,19.11,1.0,14.17,0.241,2.76,4.96,0.0,3.82,35.84,2.0,37.5
28.52,0.0,10.24,10.32,0.0,0.61,3.799,11.6,3.89,0.0,3.88,50.19,8.0,37.3
3.62,0.0,9.99,13.39,0.0,9.24,0.945,2.63,3.72,0.0,6.13,69.87,4.0,15.5
11.66,0.0,8.47,16.0,0.0,93.19,0.387,4.75,3.13,0.0,7.26,64.62,2.0,24.8
44.03,0.0,9.88,42.3,0.0,0.85,1.774,4.9,4.53,0.0,2.77,79.82,2.0,14.4
18.4,0.0,9.59,6.69,0.0,15.82,0.469,18.88,1.97,0.0,3.02,25.66,8.0,27.4
21.16,0.0,1.93,6.96,0.0,18.4,0.591,1.87,0.67,0.0,7.51,53.66,2.0,28.2
15.32,0.0,6.91,13.49,0.0,62.83,0.742,6.26,4.83,0.0,4.67,69.12,2.0,19.3
9.35,0.0,9.06,25.18,1.0,16.81,0.331,2.41,6.75,0.0,6.11,52.49,2.0,24.7
10.6,0.0,9.24,11.89,1.0,42.49,1.015,3.62,1.56,0.0,3.98,41.93,2.0,42.2
28.74,5.2,8.93,65.57,0.0,11.97,0.579,0.85,9.9,0.0,8.6,80.73,8.0,25.7
33.12,0.0,11.1,20.54,0.0,9.95,0.678,3.55,6.97,0.0,5.01,89.56,4.0,21.5
8.95,0.0,9.9,13.73,1.0,66.61,0.187,1.35,5.5,0.0,6.4,50.21,2.0,39.7
18.21,0.0,4.28,11.2,1.0,11.12,0.963,4.71,8.47,1.0,8.64,62.86,2.0,36.5
18.06,0.0,8.85,18.46,1.0,18.32,0.681,5.23,4.1,0.0,1.57,50.46,2.0,28.4
14.2,2.51,10.7,25.81,1.0,18.19,1.059,4.8,5.08,0.0,1.44,80.85,2.0,33.4
23.05,9.65,7.37,16.22,0.0,6.87,1.746,14.74,1.51,1.0,5.68,100.0,2.0,30.2
42.33,4.16,7.64,31.16,1.0,14.91,0.596,5.77,5.25,0.0,4.91,69.37,2.0,42.1
31.41,5.85,6.37,18.2,0.0,17.69,2.463,6.81,6.3,1.0,6.83,64.84,8.0,41.1
21.5,7.8,9.32,7.25,0.0,35.28,1.511,8.14,4.41,1.0,8.85,62.88,4.0,31.3
27.59,0.0,7.47,23.27,0.0,15.49,0.481,9.76,4.5,1.0,4.91,69.81,2.0,25.5
47.69,7.8,7.82,22.64,1.0,0.01,0.588,6.89,2.44,1.0,4.75,24.79,2.0,45.6
29.0,4.91,8.4,28.9,0.0,8.54,1.605,18.78,8.35,0.0,2.98,38.42,4.0,33.5
34.1,9.26,6.97,25.39,0.0,12.74,2.412,3.37,1.01,1.0,9.07,92.81,8.0,35.4
17.46,0.0,9.44,5.74,1.0,7.29,0.759,8.78,8.76,0.0,6.35,100.0,2.0,18.6
8.7,4.54,8.6,7.83,0.0,17.67,0.145,2.42,3.27,1.0,4.25,59.99,4.0,15.2
2.48,0.0,11.48,3.94,1.0,13.05,1.33,2.05,1.29,0.0,6.31,53.57,2.0,32.9
17.39,6.59,9.04,13.23,1.0,10.73,2.166,8.12,4.52,1.0,5.73,89.2,2.0,38.3
28.0,14.82,8.46,15.13,0.0,17.31,0.445,8.52,4.58,0.0,2.06,84.18,4.0,15.6
26.3,0.0,6.68,7.75,0.0,15.0,0.552,6.44,5.23,0.0,4.75,84.35,4.0,17.2
6.5,0.0,7.15,6.73,0.0,4.87,0.884,7.05,3.54,1.0,6.62,46.97,8.0,19.3
11.93,0.0,8.77,8.11,1.0,16.04,1.279,1.5,8.44,1.0,8.38,39.09,2.0,31.3
35.92,0.0,9.42,22.14,1.0,10.27,1.295,4.1,6.44,0.0,4.63,41.74,2.0,34.7
24.3,0.0,9.33,14.57,0.0,4.11,0.368,20.1,5.17,0.0,7.11,60.29,4.0,12.2
34.7,1.45,6.28,13.02,0.0,19.53,0.955,9.82,4.34,0.0,7.35,57.46,4.0,28.3
70.27,0.0,8.45,21.19,0.0,8.0,0.987,12.9,10.0,1.0,5.72,75.32,2.0,29.3
25.95,10.97,5.65,7.62,0.0,0.71,2.447,10.68,4.34,0.0,4.48,90.35,4.0,27.1
19.16,0.0,9.77,21.11,0.0,18.42,1.104,14.24,4.77,0.0,6.81,45.22,2.0,29.1
24.93,0.0,8.83,22.92,1.0,2.54,0.54,4.51,4.12,1.0,6.92,84.43,2.0,27.7
26.29,7.95,6.81,29.84,0.0,55.4,0.635,8.81,7.6,0.0,6.87,81.87,4.0,28.7
32.25,12.81,5.42,12.86,0.0,10.36,0.614,9.79,5.18,0.0,6.94,100.0,8.0,24.6
25.75,0.0,8.49,35.35,0.0,15.21,0.348,17.38,3.02,0.0,1.6,70.81,4.0,15.4
62.35,0.0,7.3,32.14,0.0,1.56,0.758,8.12,6.11,0.0,5.96,69.66,2.0,22.8
21.82,0.0,6.25,23.78,0.0,14.97,0.68,1.83,6.45,1.0,7.7,63.51,4.0,20.0
72.71,10.18,6.8,24.4,0.0,14.03,1.134,5.17,3.59,1.0,7.76,70.67,4.0,38.5
26.9,0.0,10.51,12.53,0.0,62.57,1.187,13.5,6.24,0.0,5.59,100.0,8.0,29.8
12.25,5.29,9.72,17.96,1.0,31.97,0.71,6.72,9.73,0.0,5.55,79.8,2.0,37.1
11.97,8.16,8.29,26.91,0.0,32.75,1.37,17.26,8.43,0.0,8.51,68.63,4.0,28.2
33.76,0.0,7.09,37.44,1.0,85.96,0.877,10.61,7.6,0.0,5.72,26.86,2.0,54.2
15.97,0.0,8.78,29.94,0.0,83.88,1.19,18.25,5.35,0.0,4.02,64.52,4.0,33.1
44.73,0.0,7.4,24.09,0.0,39.04,0.735,2.6,5.24,0.0,4.13,45.24,2.0,21.3
11.99,0.0,8.89,5.27,0.0,6.84,1.642,7.55,7.52,1.0,6.43,93.32,8.0,19.6
7.18,0.0,10.66,19.44,1.0,8.46,1.122,5.6,1.13,1.0,9.47,63.67,2.0,34.2
8.85,0.0,8.52,5.81,0.0,15.25,0.52,17.99,4.65,0.0,2.83,34.63,4.0,19.2
48.21,0.0,3.88,48.76,0.0,4.15,1.13,5.55,3.39,0.0,7.97,44.71,2.0,35.9
8.18,0.0,10.35,27.28,0.0,6.24,0.502,6.97,3.61,0.0,5.35,56.62,8.0,8.8
41.08,0.0,8.56,19.46,1.0,87.74,0.973,4.68,5.82,0.0,0.67,55.32,2.0,46.1
35.66,0.0,8.23,19.04,1.0,15.65,0.632,8.07,6.22,0.0,7.58,62.36,2.0,34.1
49.42,0.0,5.17,27.51,1.0,45.63,2.145,5.34,3.21,1.0,8.58,55.21,2.0,64.5
47.8,0.0,5.9,21.78,0.0,2.32,2.364,6.07,1.32,0.0,4.25,100.0,4.0,37.2
17.51,0.0,7.04,20.36,1.0,18.07,1.583,3.42,7.39,0.0,5.37,57.57,2.0,38.8
32.98,0.0,6.84,17.27,0.0,19.32,0.742,10.43,5.63,1.0,8.82,54.75,4.0,26.4
37.04,0.0,6.91,15.02,0.0,10.71,0.831,6.41,4.55,1.0,9.32,68.77,4.0,28.5
49.93,0.0,5.14,16.11,0.0,50.11,0.491,10.38,2.87,0.0,4.7,54.87,8.0,37.3
4.31,0.0,13.17,7.17,0.0,3.87,0.305,1.94,5.73,1.0,9.69,72.54,8.0,13.5
10.86,0.0,11.68,13.67,1.0,17.33,2.459,3.86,3.18,0.0,4.63,49.24,2.0,45.1
16.6,0.0,9.06,7.43,0.0,84.47,2.369,2.0,3.85,0.0,7.39,59.84,2.0,37.1
23.91,4.94,7.62,25.69,0.0,3.07,1.974,6.09,6.94,0.0,1.82,35.95,2.0,33.5
57.45,0.0,10.93,25.39,0.0,14.82,2.342,19.54,6.26,0.0,8.05,50.94,8.0,46.5
35.18,0.0,11.19,16.1,0.0,4.16,0.513,10.26,6.0,0.0,1.5,61.06,4.0,13.6
22.17,0.0,6.86,8.66,1.0,9.01,1.518,9.62,7.25,1.0,5.41,59.3,2.0,37.2
32.4,6.52,7.74,29.34,0.0,45.98,1.483,14.1,2.56,1.0,9.04,63.01,8.0,40.0
35.57,0.0,7.57,36.88,1.0,59.35,1.695,11.73,7.0,0.0,5.2,42.85,2.0,50.6
28.23,0.0,7.61,7.33,0.0,9.3,2.902,2.52,6.99,1.0,8.42,67.82,8.0,33.1
41.84,5.66,6.73,20.72,0.0,16.44,0.428,6.71,7.61,0.0,2.62,73.96,8.0,19.0
17.98,0.0,8.29,28.81,0.0,12.15,0.248,4.02,5.83,0.0,3.32,62.55,4.0,12.7
43.2,0.0,8.13,26.09,1.0,9.73,0.64,16.68,5.18,0.0,4.42,70.04,2.0,35.4
6.9,0.0,9.23,3.13,0.0,13.43,0.262,5.19,6.31,1.0,3.88,60.04,8.0,13.3
18.39,0.0,11.32,11.47,0.0,0.06,0.773,5.14,7.48,0.0,7.26,67.41,2.0,18.7
64.67,5.05,4.84,18.87,0.0,10.83,1.49,6.4,5.09,1.0,6.86,61.35,4.0,37.6
44.9,8.26,8.6,14.45,0.0,3.81,1.535,11.02,7.01,0.0,2.72,100.0,4.0,17.4
47.09,0.0,5.44,21.21,0.0,15.67,0.515,4.84,0.0,1.0,6.88,67.31,8.0,40.7
36.27,0.0,8.39,22.86,0.0,17.33,0.708,10.79,1.21,1.0,6.98,47.86,4.0,31.3
41.39,0.0,9.85,15.38,1.0,14.95,1.281,7.45,7.23,0.0,5.98,62.36,2.0,45.7
49.37,24.37,5.73,20.97,1.0,18.78,1.109,0.93,5.77,0.0,4.75,43.5,2.0,48.8
25.09,0.0,7.61,20.05,0.0,2.88,0.78,7.04,5.96,1.0,5.46,28.08,4.0,23.3
16.7,0.0,9.07,5.64,0.0,4.36,1.804,12.22,4.02,0.0,4.57,70.42,4.0,22.2
15.63,0.0,11.84,7.09,0.0,38.46,0.569,8.29,1.23,1.0,10.0,82.41,4.0,26.5
40.73,7.66,5.68,14.04,0.0,2.74,2.612,5.4,7.65,0.0,5.68,78.35,4.0,38.5
7.39,4.38,9.39,8.06,0.0,10.21,0.372,22.9,6.59,0.0,3.06,70.27,8.0,15.1
36.8,6.71,9.02,16.21,0.0,13.67,0.636,7.35,7.77,0.0,7.01,83.58,8.0,20.6
51.72,2.84,6.33,22.59,0.0,4.19,1.435,3.07,0.45,0.0,9.67,60.88,8.0,30.9
15.15,0.0,12.02,8.84,0.0,8.03,0.62,14.82,7.29,0.0,6.06,24.0,4.0,18.2
16.43,0.0,12.65,18.75,0.0,16.21,0.648,2.72,7.11,1.0,6.88,76.23,2.0,28.2
35.23,2.84,9.79,14.32,0.0,7.25,0.7,9.84,6.26,0.0,2.04,62.42,8.0,19.1
9.73,0.0,10.9,4.73,1.0,13.82,1.015,4.01,5.19,0.0,4.81,76.56,2.0,26.8
29.21,0.0,4.67,11.75,0.0,19.05,0.343,2.34,3.59,1.0,4.53,75.61,8.0,32.2
35.88,0.0,5.28,11.65,0.0,15.27,0.602,7.82,6.25,0.0,5.59,67.83,2.0,27.7
24.28,0.0,8.1,6.52,0.0,15.89,0.737,4.81,4.05,0.0,0.82,70.25,8.0,15.5
38.42,0.0,6.53,43.39,0.0,63.46,1.387,10.24,6.57,0.0,6.15,70.07,8.0,41.2
49.05,10.24,7.55,12.7,0.0,35.34,0.85,13.9,4.0,0.0,1.46,58.32,4.0,41.3
12.41,0.0,2.93,8.97,0.0,14.83,2.844,13.4,4.45,0.0,5.17,80.8,2.0,43.1
39.95,17.87,6.9,18.48,1.0,8.91,1.537,8.01,3.13,1.0,10.0,100.0,2.0,52.5
21.01,0.0,8.02,13.46,1.0,13.87,1.228,7.61,4.95,0.0,3.13,71.5,2.0,29.8
31.51,0.0,6.97,8.22,0.0,6.11,0.986,8.02,5.08,0.0,3.67,75.6,2.0,19.2
12.49,0.0,12.44,12.49,0.0,4.17,0.976,19.18,7.77,0.0,5.73,92.88,8.0,15.5
30.97,8.11,6.48,28.92,0.0,10.04,0.857,4.03,5.28,0.0,3.91,88.68,4.0,29.9
19.34,0.0,5.19,6.28,0.0,2.31,1.342,19.74,0.0,1.0,9.38,67.47,4.0,29.9
30.67,0.0,8.99,16.84,1.0,11.3,1.72,17.53,10.0,0.0,4.44,37.0,2.0,35.8
23.15,0.0,9.07,15.16,1.0,4.89,0.98,8.32,3.72,0.0,6.94,52.36,2.0,30.9
30.38,0.0,7.74,15.03,0.0,2.99,2.993,18.91,1.36,0.0,5.96,73.37,2.0,28.0
46.24,1.82,12.1,49.05,0.0,59.95,0.818,4.17,7.39,1.0,7.1,53.57,8.0,37.1
46.06,0.0,8.04,18.75,0.0,11.8,2.625,10.73,6.9,0.0,5.28,53.74,8.0,32.3
40.53,0.0,9.81,14.76,0.0,15.88,1.528,12.36,4.29,0.0,5.71,73.73,8.0,21.8
25.91,0.0,8.87,7.4,0.0,5.7,0.815,20.99,2.32,1.0,6.24,56.94,8.0,24.3
24.45,0.0,10.81,29.83,0.0,11.49,0.703,20.86,5.58,0.0,7.35,91.92,8.0,23.4
5.16,0.0,8.18,3.92,1.0,59.84,0.155,6.87,4.12,1.0,4.43,47.75,2.0,37.5
20.86,0.0,6.25,15.73,1.0,3.33,1.827,5.17,5.1,1.0,10.0,69.74,2.0,38.2
43.75,6.87,8.4,36.76,0.0,0.4,2.555,6.52,5.16,1.0,4.43,63.5,8.0,30.2
53.0,0.0,8.01,26.06,1.0,12.13,1.404,15.08,0.79,0.0,7.06,61.04,2.0,54.6
43.67,0.0,9.28,12.21,0.0,83.54,0.775,9.24,3.75,0.0,8.89,62.59,4.0,33.9
7.33,0.0,7.55,17.14,0.0,18.94,0.33,23.41,3.99,0.0,8.46,22.72,8.0,33.8
10.13,0.0,9.66,6.83,0.0,11.97,1.113,20.42,4.81,1.0,2.9,68.02,4.0,21.2
19.33,0.0,5.23,19.13,0.0,4.0,1.129,10.25,5.05,0.0,5.09,83.76,4.0,15.3
64.42,0.66,6.03,49.68,1.0,14.87,1.203,15.33,1.39,0.0,5.05,83.3,2.0,48.4
6.87,0.0,7.38,14.96,0.0,48.07,0.825,5.76,3.64,1.0,10.0,71.07,2.0,24.6
36.57,0.0,8.89,17.17,1.0,14.08,1.565,13.16,4.41,0.0,2.27,77.38,2.0,42.0
24.94,0.0,7.28,9.97,0.0,16.25,1.068,10.71,4.46,1.0,6.93,76.79,8.0,21.3
28.84,25.62,2.32,9.67,1.0,56.4,1.032,12.51,7.3,1.0,5.12,85.68,2.0,58.9
33.38,0.0,6.86,21.4,0.0,5.49,1.377,2.67,6.56,0.0,5.43,73.7,8.0,20.4
10.19,0.0,9.89,27.16,0.0,1.93,2.514,16.33,10.0,1.0,5.91,66.84,4.0,26.6
15.19,0.0,8.81,15.71,0.0,3.94,0.349,12.16,2.64,0.0,5.34,55.93,4.0,12.5
32.37,9.69,5.38,17.33,0.0,77.26,0.968,5.89,7.02,1.0,6.26,53.81,4.0,41.2
25.44,4.32,9.4,15.49,1.0,41.7,0.432,3.6,5.75,0.0,2.11,74.56,2.0,31.8
40.83,0.0,10.91,17.92,1.0,9.14,0.481,6.67,4.3,1.0,8.97,82.78,2.0,36.6
21.32,0.0,10.18,27.79,1.0,82.06,1.106,17.16,5.77,0.0,0.98,49.09,2.0,46.3
62.25,0.0,2.52,31.76,0.0,1.47,1.895,6.71,7.6,1.0,7.3,61.01,4.0,36.6
25.16,0.0,8.72,34.14,0.0,51.13,0.654,6.15,4.36,0.0,4.37,71.65,4.0,23.8
41.96,0.0,7.46,36.23,0.0,4.37,1.109,3.02,7.27,1.0,8.32,91.15,2.0,15.4
12.82,11.36,3.18,45.26,0.0,15.07,1.14,11.08,5.66,0.0,9.34,100.0,2.0,27.8
16.95,0.0,5.91,23.01,0.0,18.69,2.169,3.06,5.17,1.0,3.32,77.09,4.0,27.7
38.83,0.0,9.43,26.24,0.0,8.67,0.443,7.18,10.0,0.0,3.75,58.97,2.0,6.9
24.04,0.0,8.65,14.17,1.0,18.02,1.157,0.81,3.02,0.0,4.56,50.42,2.0,39.6
29.37,9.88,7.1,12.14,0.0,17.15,1.882,8.52,6.54,1.0,5.49,97.07,2.0,28.1
80.09,0.0,5.3,34.4,0.0,7.15,1.686,9.19,7.45,1.0,8.41,75.56,4.0,52.5
33.23,0.0,10.17,15.62,0.0,2.05,0.542,2.69,6.01,1.0,6.94,64.29,4.0,27.0
23.74,0.0,5.83,25.01,0.0,19.39,0.65,2.08,4.4,0.0,3.52,57.44,4.0,18.7
43.92,0.0,5.91,28.28,0.0,16.19,1.026,12.21,5.55,0.0,2.96,94.87,2.0,28.7
34.8,0.0,7.32,61.92,0.0,14.38,0.331,4.64,2.01,1.0,2.88,62.89,4.0,26.7
38.64,0.0,4.79,20.99,0.0,8.84,2.412,8.91,3.09,1.0,8.24,90.8,8.0,44.6
21.38,0.0,6.6,35.09,1.0,4.22,0.334,20.0,6.89,0.0,3.73,83.42,2.0,30.9
19.25,0.0,10.55,8.32,1.0,6.73,0.567,1.79,3.77,1.0,10.0,64.0,2.0,30.8
8.88,9.31,5.93,16.78,1.0,9.19,0.924,4.74,2.62,0.0,7.49,100.0,2.0,34.8
16.39,0.0,10.07,69.16,0.0,12.56,0.42,2.83,5.84,1.0,6.42,68.12,4.0,20.3
30.37,0.0,9.36,26.4,1.0,2.26,0.762,7.76,3.94,1.0,6.73,61.66,2.0,35.8
43.0,1.02,7.25,19.05,1.0,14.31,2.175,20.23,6.11,0.0,3.24,93.6,2.0,47.0
52.82,13.01,3.02,45.67,0.0,78.71,2.718,5.95,9.16,1.0,6.65,73.09,8.0,57.8
2.04,0.0,9.07,12.62,0.0,19.79,0.514,4.14,4.75,1.0,6.07,59.52,4.0,10.8
5.43,20.81,2.12,14.34,0.0,90.29,0.678,17.9,4.06,1.0,6.83,71.91,4.0,48.0
5.88,0.0,7.77,6.05,1.0,19.8,0.217,4.9,2.72,1.0,8.61,87.22,2.0,27.0
45.12,0.0,8.13,13.2,0.0,1.28,0.693,2.82,3.26,1.0,10.0,82.07,4.0,32.8
36.55,0.0,9.64,20.26,1.0,18.57,1.286,14.81,4.1,0.0,3.63,57.89,2.0,41.4
25.65,6.81,7.11,27.03,0.0,15.96,1.046,4.38,1.73,0.0,1.78,73.5,8.0,30.1
18.92,15.27,5.38,5.49,0.0,11.33,1.398,5.29,7.14,1.0,6.36,49.46,4.0,30.4
31.02,0.0,6.69,13.46,0.0,7.06,0.843,7.95,4.33,0.0,5.11,62.54,2.0,16.7
17.91,6.67,6.73,41.41,0.0,2.89,1.485,27.02,6.22,1.0,8.03,63.91,4.0,29.0
8.2,0.0,10.0,8.83,1.0,1.37,1.05,10.94,5.92,0.0,7.16,84.73,2.0,28.7
61.94,0.0,7.84,18.68,0.0,7.2,0.755,7.23,6.08,0.0,2.08,85.93,4.0,26.2
26.72,0.0,8.15,25.51,0.0,8.2,1.082,10.73,4.5,1.0,7.55,44.51,2.0,28.2
13.0,0.0,9.87,19.84,0.0,15.15,1.777,10.89,6.93,1.0,10.0,75.82,4.0,25.1
20.97,7.44,7.48,20.64,1.0,87.89,0.224,5.05,7.15,0.0,5.68,56.02,2.0,46.3
41.25,13.45,3.48,24.16,1.0,5.58,0.963,7.8,5.54,0.0,2.74,76.05,2.0,49.5
37.68,0.0,5.65,10.87,1.0,3.69,0.616,16.52,2.36,0.0,1.88,97.55,2.0,38.7
14.35,0.0,9.77,9.36,0.0,19.02,1.052,4.25,7.79,1.0,6.6,60.02,8.0,22.4
17.55,0.0,5.73,10.2,0.0,2.99,0.652,1.79,3.77,0.0,8.09,64.85,8.0,23.1
52.82,0.0,6.65,16.33,0.0,10.5,1.456,3.94,7.2,1.0,6.75,81.46,4.0,25.8
31.82,23.81,4.96,10.87,0.0,7.18,1.631,7.37,6.01,0.0,3.45,70.71,4.0,34.7
36.11,0.0,5.85,15.71,1.0,11.36,0.857,10.1,3.03,1.0,4.62,41.17,2.0,54.9
16.41,10.69,3.89,8.2,0.0,0.18,1.053,4.02,5.82,0.0,9.04,100.0,2.0,24.8
6.62,0.0,6.45,8.19,0.0,17.22,1.843,9.66,3.93,1.0,2.8,72.52,2.0,27.8
21.92,0.0,4.72,20.5,1.0,32.61,1.081,10.22,3.85,1.0,6.17,82.96,2.0,43.8
28.74,5.92,8.65,20.14,1.0,5.22,0.43,4.63,8.02,0.0,2.69,61.91,2.0,28.8
37.6,19.8,6.29,19.97,0.0,6.26,0.525,19.24,2.31,0.0,4.66,44.66,2.0,30.2
24.16,15.32,4.92,18.75,0.0,19.36,0.712,2.12,5.24,0.0,4.77,65.94,4.0,26.3
3.01,0.0,6.17,16.85,1.0,7.37,0.747,1.48,7.15,1.0,8.7,73.62,2.0,32.5
33.46,0.0,10.33,27.08,0.0,9.41,1.421,4.17,5.2,1.0,4.0,90.47,4.0,16.9
31.97,0.0,8.92,22.59,0.0,17.28,0.84,2.95,3.13,1.0,6.95,59.87,2.0,31.7
10.94,5.93,6.72,38.93,0.0,19.91,0.299,7.98,6.28,0.0,1.58,85.55,8.0,19.5
30.83,3.93,9.98,9.76,0.0,19.46,1.744,3.49,3.9,0.0,1.51,43.73,2.0,33.6
66.44,0.0,7.28,19.9,0.0,2.69,1.472,5.21,4.26,0.0,4.33,63.78,4.0,37.7
51.08,12.54,6.6,30.15,0.0,11.16,0.661,3.73,0.5,0.0,5.88,73.03,2.0,32.9
55.14,0.0,5.26,16.72,0.0,11.98,0.513,6.03,7.19,0.0,6.43,49.01,4.0,24.7
15.15,10.78,4.22,7.29,1.0,15.66,1.111,6.31,6.42,0.0,6.01,96.46,2.0,37.7
37.31,0.0,4.74,14.94,0.0,9.69,0.961,1.68,6.48,0.0,4.9,65.05,2.0,24.8
4.02,0.0,13.05,2.49,0.0,66.87,1.007,4.26,2.98,1.0,7.61,47.36,4.0,28.1
22.41,0.0,6.67,54.79,1.0,79.58,0.575,6.91,2.56,1.0,6.13,40.2,2.0,54.8
26.25,0.0,8.34,30.74,1.0,14.61,1.516,3.93,6.08,1.0,5.13,46.58,2.0,48.0
32.5,35.08,4.73,25.58,0.0,13.08,0.567,11.74,5.42,0.0,3.23,81.61,8.0,34.1
39.77,0.0,7.77,15.75,0.0,41.2,1.109,10.46,9.25,1.0,6.52,50.1,4.0,25.5
33.66,0.0,7.68,22.58,0.0,11.74,1.801,30.14,6.4,0.0,3.42,75.1,4.0,32.0
15.88,0.0,8.17,13.58,1.0,18.38,1.105,9.5,3.05,0.0,8.32,60.27,2.0,38.4
21.14,0.0,9.33,13.02,1.0,19.35,0.334,1.27,2.88,0.0,3.7,84.29,2.0,24.6
23.86,10.01,5.0,14.36,0.0,0.74,1.657,15.3,5.63,0.0,1.1,77.01,2.0,32.2
28.19,0.0,7.27,21.69,1.0,0.76,1.127,2.32,6.5,1.0,8.39,83.04,2.0,26.9
78.78,5.51,1.37,23.31,0.0,19.64,1.83,5.79,7.48,0.0,6.45,100.0,2.0,51.9
46.63,0.0,3.87,15.72,0.0,11.99,0.556,19.83,5.85,0.0,5.17,60.85,2.0,38.1
16.62,0.0,5.91,13.63,0.0,5.66,1.259,0.84,3.63,0.0,5.03,72.45,2.0,27.8
37.6,1.96,9.34,12.62,0.0,8.83,0.507,0.75,4.05,0.0,4.49,72.55,4.0,16.4
4.02,0.0,8.33,8.88,1.0,8.87,1.176,16.64,2.33,1.0,6.4,76.44,2.0,35.1
23.14,0.0,9.7,9.22,1.0,2.08,1.002,2.41,7.67,1.0,6.6,62.7,2.0,31.4
13.12,0.0,9.38,9.56,0.0,18.21,0.514,5.69,5.12,1.0,7.04,79.93,4.0,13.9
26.75,0.0,8.72,23.9,0.0,46.35,0.964,2.45,0.0,0.0,4.49,100.0,2.0,24.7
29.97,0.0,6.21,10.71,1.0,10.98,0.532,6.83,6.29,1.0,3.24,67.58,2.0,36.8
34.01,0.0,8.13,10.15,0.0,17.39,0.665,1.61,4.92,0.0,2.8,67.93,4.0,19.6
35.9,0.0,8.43,24.6,1.0,68.58,0.871,8.41,3.84,0.0,5.32,42.93,2.0,52.6
2.56,0.0,13.32,5.1,0.0,3.74,0.987,4.67,5.56,1.0,4.75,40.83,2.0,17.2
6.66,0.0,8.11,5.67,0.0,3.39,0.422,8.01,5.54,0.0,3.17,52.5,4.0,11.3
20.45,0.0,9.85,26.3,0.0,2.76,0.835,18.62,6.53,0.0,6.36,46.6,8.0,18.0
28.82,0.0,7.89,20.21,0.0,4.68,1.645,10.23,5.91,0.0,1.55,48.15,4.0,30.4
21.01,0.0,6.97,12.14,1.0,6.39,0.797,29.86,5.71,0.0,2.8,57.76,2.0,33.6
25.82,0.0,9.96,9.64,1.0,14.55,0.811,6.4,4.14,1.0,8.11,50.41,2.0,39.0
21.04,12.32,10.67,12.25,0.0,90.98,1.668,6.98,7.1,1.0,5.36,41.02,8.0,37.5
25.94,0.0,8.75,28.86,0.0,4.34,0.677,3.52,0.56,0.0,4.72,51.71,8.0,21.8
23.18,0.0,6.94,14.16,1.0,7.55,0.625,0.3,5.6,0.0,0.0,51.1,2.0,30.9
1.44,0.0,9.89,31.2,0.0,0.47,1.6,19.86,2.5,1.0,8.84,100.0,8.0,24.9
54.8,3.91,7.45,56.35,0.0,85.4,1.314,17.15,4.47,0.0,6.82,42.54,8.0,47.0
15.81,0.0,12.96,11.51,0.0,9.29,0.701,4.12,6.24,0.0,4.88,58.64,8.0,22.5
15.95,0.41,9.96,41.69,0.0,11.13,0.919,9.68,4.22,0.0,2.66,75.53,4.0,17.3
54.21,5.33,4.87,38.16,0.0,12.69,0.984,8.51,4.51,0.0,8.01,44.91,2.0,44.1
10.81,0.0,11.23,6.88,0.0,7.85,0.557,5.53,6.81,1.0,10.0,39.59,2.0,15.4
10.33,0.0,10.24,11.57,1.0,11.25,0.167,3.96,2.21,1.0,10.0,47.9,2.0,31.7
34.29,0.0,9.84,19.4,0.0,17.19,1.181,1.34,6.65,0.0,6.65,64.74,4.0,31.2
15.78,0.0,9.42,16.91,0.0,47.13,1.584,6.0,4.55,0.0,5.23,64.88,4.0,27.4
26.32,0.0,10.23,11.25,0.0,11.49,0.915,3.89,7.99,0.0,4.19,79.78,2.0,6.1
24.18,0.0,9.16,17.38,0.0,15.53,2.299,5.19,3.24,1.0,9.59,75.37,2.0,29.4
43.94,3.3,6.78,24.64,0.0,41.7,1.051,9.9,6.19,1.0,6.67,93.39,2.0,30.7
9.39,0.0,8.99,6.45,0.0,19.14,0.4,5.74,5.98,1.0,0.99,68.2,4.0,11.3
39.93,5.0,6.97,15.96,0.0,13.79,0.568,12.06,0.99,0.0,4.96,68.56,4.0,22.5
30.06,8.66,7.74,19.36,0.0,13.43,1.476,4.52,5.66,1.0,6.57,51.53,8.0,28.5
16.04,0.0,8.68,5.64,0.0,15.71,0.716,8.57,6.39,1.0,5.63,67.6,4.0,23.6
1.34,0.0,8.33,6.71,0.0,0.08,0.184,1.08,3.86,0.0,6.62,56.36,4.0,7.5
9.62,0.0,8.35,3.99,1.0,2.83,0.334,5.31,7.94,1.0,5.61,47.83,2.0,27.0
3.02,0.0,8.9,4.99,0.0,11.46,0.793,8.6,2.21,1.0,7.38,100.0,8.0,15.0
39.05,0.0,4.27,15.13,1.0,12.16,1.735,6.46,2.39,1.0,2.06,45.55,2.0,46.4
31.53,0.0,10.1,16.81,1.0,17.94,0.645,8.27,3.66,0.0,2.89,100.0,2.0,29.1
63.13,3.52,7.38,38.3,0.0,10.65,1.277,1.5,3.16,0.0,4.34,89.39,2.0,33.5
26.52,0.0,6.98,13.99,0.0,5.37,1.701,3.15,5.71,0.0,0.89,67.7,2.0,24.5
9.92,0.0,9.88,13.63,0.0,9.78,2.859,5.51,6.64,0.0,3.04,43.91,8.0,26.0
30.58,0.0,7.07,24.38,0.0,6.31,0.763,4.9,2.32,1.0,8.42,66.07,8.0,25.7
28.86,2.94,6.77,17.7,0.0,13.61,0.702,10.32,3.84,0.0,4.1,50.19,2.0,34.1
35.05,0.0,8.7,24.15,0.0,41.39,1.035,1.28,4.25,0.0,7.79,92.83,2.0,26.1
25.09,0.0,11.11,7.76,0.0,3.79,0.949,23.75,5.92,1.0,7.59,80.83,8.0,28.5
42.47,0.0,8.29,31.46,0.0,78.67,1.647,4.61,2.31,1.0,4.42,76.56,4.0,43.1
17.94,0.0,6.91,14.01,0.0,13.54,0.982,16.85,2.1,0.0,7.64,63.03,4.0,32.1
30.73,0.0,7.37,20.02,1.0,18.88,0.685,2.04,4.95,0.0,6.28,65.93,2.0,35.2
18.53,0.0,10.14,12.32,0.0,7.91,0.579,8.23,5.54,1.0,7.51,79.49,2.0,16.6
23.25,0.0,9.11,9.25,0.0,45.79,0.737,17.6,6.84,0.0,6.96,56.47,4.0,24.9
19.03,0.0,10.35,26.47,1.0,8.44,1.176,9.12,10.0,0.0,3.05,95.97,2.0,22.5
29.91,0.0,8.89,21.29,1.0,7.61,0.405,6.22,3.6,0.0,5.45,58.67,2.0,31.6
32.95,0.0,9.55,21.18,1.0,12.66,1.377,4.33,3.28,1.0,5.43,92.69,2.0,28.5
35.14,0.35,11.93,31.25,1.0,19.21,0.443,0.5,6.0,1.0,8.45,50.81,2.0,33.9
16.13,0.0,5.81,7.14,0.0,6.44,0.387,12.0,5.36,0.0,2.57,59.25,4.0,20.0
26.17,0.0,13.03,11.5,0.0,89.85,0.284,3.74,7.26,0.0,5.24,51.45,2.0,32.1
20.31,2.58,9.95,9.51,1.0,1.08,2.007,9.72,4.13,0.0,7.16,62.56,2.0,34.5
12.11,0.0,13.89,15.98,0.0,12.59,0.888,14.32,3.17,1.0,6.38,54.36,2.0,24.8
15.27,0.0,6.58,18.74,0.0,7.51,1.081,7.74,6.71,1.0,9.58,31.69,4.0,25.5
32.74,0.0,8.78,62.08,1.0,2.39,0.477,6.75,5.15,1.0,5.74,72.07,2.0,35.4
52.6,6.47,6.96,21.17,0.0,12.4,1.225,11.0,7.34,1.0,4.6,54.86,8.0,40.0
12.25,6.37,9.64,5.49,0.0,13.6,0.892,14.52,5.11,0.0,5.51,60.14,2.0,21.6
21.29,9.38,8.18,9.43,0.0,2.47,0.706,2.98,5.32,1.0,6.73,81.0,2.0,12.0
50.01,0.0,8.22,24.03,0.0,11.99,1.478,6.29,1.4,0.0,7.33,54.75,8.0,33.1
10.37,0.0,10.25,17.72,0.0,16.88,1.004,8.58,3.32,1.0,5.29,66.13,8.0,21.7
16.45,0.0,8.29,7.79,0.0,10.83,0.764,8.74,6.83,0.0,6.9,54.79,4.0,20.1
31.58,0.0,7.02,21.14,0.0,91.3,1.176,6.89,9.65,0.0,5.11,86.29,8.0,38.2
30.98,8.39,7.97,8.6,1.0,9.85,1.041,9.63,8.23,1.0,8.92,83.49,2.0,39.3
67.6,21.58,3.35,47.49,0.0,79.57,1.965,19.25,8.83,0.0,3.39,57.3,2.0,61.3
24.51,0.0,8.01,37.23,0.0,3.09,0.43,7.87,4.63,1.0,6.27,70.38,2.0,14.5
26.97,0.0,5.31,33.71,1.0,4.61,2.054,1.52,6.02,1.0,7.11,38.46,2.0,45.6
26.79,0.0,8.31,21.75,0.0,72.06,0.816,1.09,5.75,1.0,9.34,47.29,4.0,32.4
29.13,0.0,6.27,18.83,1.0,5.84,0.99,3.31,3.9,0.0,5.98,96.21,2.0,35.8
4.34,12.01,7.36,18.71,1.0,10.94,0.222,7.09,5.09,0.0,2.09,57.64,2.0,29.6
29.68,0.0,5.94,7.91,0.0,16.07,0.56,13.41,5.56,1.0,5.3,64.81,8.0,33.1
25.05,0.0,8.21,20.34,0.0,1.97,0.896,4.99,3.14,0.0,4.75,39.15,4.0,24.9
52.34,0.0,9.23,29.43,0.0,45.89,1.344,12.35,5.94,0.0,3.54,71.65,2.0,41.1
16.99,0.0,7.3,30.98,1.0,14.73,1.465,11.56,6.1,1.0,10.0,65.2,2.0,37.3
19.03,0.0,6.56,33.55,1.0,0.6,0.305,3.11,3.2,1.0,5.58,49.91,2.0,38.4
38.77,2.71,9.08,25.27,0.0,4.14,0.7,3.1,3.12,0.0,2.63,44.69,4.0,28.3
41.3,0.0,9.59,19.58,1.0,8.64,0.624,0.44,4.92,1.0,5.93,100.0,2.0,27.8
52.37,3.53,7.85,32.59,0.0,19.35,0.934,13.01,5.42,0.0,6.19,57.92,4.0,33.0
72.43,3.82,5.44,23.08,0.0,10.48,1.391,3.94,3.66,1.0,6.35,55.76,8.0,43.4
36.99,0.0,6.63,10.08,0.0,2.85,1.444,4.43,8.1,1.0,10.0,82.57,4.0,23.6
11.8,0.0,7.98,6.67,0.0,11.67,2.532,7.91,10.0,0.0,2.19,30.76,4.0,19.6
26.86,20.88,5.57,14.38,0.0,7.53,0.697,1.0,10.0,0.0,4.48,95.89,8.0,21.3
7.68,11.24,3.97,11.14,0.0,1.16,0.724,4.3,4.12,1.0,10.0,60.48,8.0,28.1
7.4,0.0,6.81,7.02,0.0,10.08,1.487,4.23,3.94,1.0,8.13,62.77,8.0,28.3
52.87,0.0,9.92,31.54,0.0,12.72,0.946,0.94,3.26,0.0,3.53,52.22,2.0,33.6
14.99,0.0,8.97,4.79,1.0,19.21,2.236,7.21,6.98,0.0,1.67,66.81,2.0,32.3
30.68,1.88,10.31,13.72,1.0,14.51,0.629,15.65,3.14,0.0,3.14,54.36,2.0,41.2
28.21,12.28,8.71,13.34,0.0,15.61,0.724,3.92,6.32,1.0,6.99,63.81,2.0,23.5
35.0,0.0,7.33,17.43,0.0,40.96,1.27,11.33,6.28,0.0,7.25,44.2,8.0,36.1
22.39,0.0,7.73,11.02,1.0,6.47,1.347,3.8,7.59,0.0,2.78,70.29,2.0,28.9
23.31,0.0,10.23,12.76,0.0,11.31,0.852,4.76,7.0,1.0,4.72,59.81,4.0,15.6
51.04,0.0,8.99,19.67,0.0,19.43,3.733,14.38,5.81,0.0,4.71,68.57,4.0,48.6
53.84,0.0,9.36,15.24,0.0,11.06,1.329,2.73,4.34,1.0,10.0,61.06,4.0,28.0
29.03,0.0,8.1,29.97,1.0,2.61,0.654,5.34,6.94,1.0,9.27,97.67,2.0,34.3
16.35,0.0,8.79,9.47,0.0,19.16,0.765,17.58,8.36,0.0,1.38,62.91,4.0,19.5
31.35,0.0,7.55,16.84,0.0,7.06,0.443,3.56,5.53,1.0,6.71,80.11,4.0,17.5
9.81,5.5,7.94,3.6,1.0,5.04,0.424,11.23,5.7,1.0,7.87,66.63,2.0,32.9
32.54,0.0,6.65,28.36,0.0,12.61,0.591,11.93,2.01,0.0,4.86,81.83,8.0,25.1
55.31,4.12,6.7,18.36,1.0,7.05,1.076,9.83,3.43,0.0,2.7,57.43,2.0,47.7
21.7,0.0,8.03,17.87,0.0,8.23,0.72,8.43,3.53,0.0,6.88,61.44,4.0,13.3
66.26,10.67,4.81,19.57,1.0,4.31,1.676,11.84,3.92,0.0,6.33,68.77,2.0,53.3
28.78,0.0,9.72,13.89,1.0,0.76,0.594,0.9,8.75,0.0,7.81,31.23,2.0,31.4
38.73,0.0,5.02,12.98,0.0,1.46,1.298,15.86,4.1,0.0,5.35,75.04,8.0,25.2
42.24,1.63,8.21,21.42,1.0,5.54,2.097,7.24,5.52,1.0,6.1,54.58,2.0,40.1
25.89,17.73,4.25,20.1,0.0,8.46,1.593,7.65,4.87,0.0,5.88,60.88,4.0,30.5
9.1,0.0,7.03,15.12,0.0,16.53,0.502,6.19,6.38,1.0,5.4,82.14,8.0,19.6
22.39,0.0,6.8,8.59,0.0,33.06,2.044,1.65,3.9,0.0,6.74,64.02,2.0,24.0
31.77,0.0,8.99,19.46,1.0,33.64,0.607,18.27,1.82,1.0,10.0,54.93,2.0,42.0
53.79,20.19,0.45,45.85,0.0,18.52,1.595,1.33,7.35,1.0,4.89,70.64,4.0,48.5
19.77,0.0,8.74,8.35,1.0,8.13,0.889,4.09,5.78,1.0,5.39,56.96,2.0,35.4
31.08,0.0,8.16,17.22,0.0,19.58,0.787,15.86,7.17,0.0,8.18,65.89,8.0,13.3
48.39,0.0,5.61,12.59,0.0,49.77,0.897,12.28,7.48,0.0,6.65,44.8,4.0,34.7
25.05,0.0,8.61,26.35,0.0,74.27,1.377,3.36,3.27,1.0,7.02,75.22,8.0,40.6
60.27,0.0,4.77,27.06,1.0,5.9,0.839,1.76,5.62,0.0,2.02,46.88,2.0,40.6
19.94,0.0,8.31,15.91,0.0,13.1,2.827,5.67,3.38,1.0,6.48,75.13,4.0,31.3
7.6,0.0,6.27,13.11,1.0,3.18,0.934,1.88,0.06,0.0,4.42,33.75,2.0,38.8
28.68,12.18,10.78,9.28,1.0,50.24,1.99,0.99,3.8,0.0,3.89,60.62,2.0,41.7
14.94,0.0,10.27,9.51,0.0,6.75,0.804,9.57,3.42,0.0,5.32,75.37,8.0,17.3
12.75,5.85,8.41,4.77,0.0,3.17,0.751,30.55,6.68,0.0,1.27,51.48,8.0,20.0
29.02,5.7,5.54,25.42,0.0,37.89,2.107,2.83,4.52,1.0,7.24,71.86,4.0,39.5
24.24,0.0,7.72,13.78,0.0,3.35,0.978,14.68,6.45,1.0,7.56,68.93,4.0,23.8
60.15,0.0,6.73,53.01,0.0,5.6,2.327,9.33,6.4,0.0,4.08,61.53,4.0,39.3
11.0,0.0,9.15,14.44,0.0,7.63,0.488,7.95,2.41,1.0,9.43,70.97,2.0,19.5
12.78,0.0,9.41,16.53,1.0,2.94,0.834,7.14,2.68,1.0,5.39,92.55,2.0,26.8
45.73,5.11,7.46,17.89,0.0,0.81,0.438,0.6,5.97,0.0,5.98,74.08,8.0,20.1
9.17,18.74,7.16,11.88,1.0,7.5,1.057,7.78,2.18,1.0,9.68,47.76,2.0,46.9
33.05,13.06,6.1,41.44,0.0,4.15,1.015,4.31,3.34,0.0,6.26,52.35,4.0,34.5
10.02,0.0,9.38,16.33,1.0,13.43,0.434,3.22,7.44,1.0,4.3,51.81,2.0,22.6
44.24,0.0,6.4,12.79,0.0,0.0,0.825,18.96,4.67,0.0,8.58,61.48,4.0,30.3
20.07,0.0,6.27,35.43,1.0,12.95,1.206,9.57,0.63,0.0,4.79,75.0,2.0,36.6
19.49,5.84,11.41,9.74,0.0,10.87,1.074,2.59,1.88,0.0,6.81,79.37,8.0,18.0
20.83,2.06,8.96,21.25,0.0,10.47,0.344,8.55,7.67,0.0,5.42,76.37,4.0,18.1
25.14,7.5,10.96,9.45,1.0,84.12,1.479,5.09,6.45,0.0,7.4,0.0,2.0,58.8
8.21,0.0,8.2,19.3,0.0,10.84,0.772,3.35,3.83,0.0,6.83,74.59,8.0,14.8
16.7,0.0,13.32,11.84,0.0,10.13,2.383,3.75,5.49,0.0,4.4,61.03,4.0,24.0
6.19,4.42,8.44,4.99,1.0,89.83,1.837,9.3,7.02,0.0,4.34,67.14,2.0,47.4
10.65,0.0,10.97,3.83,1.0,31.24,0.561,15.18,2.99,0.0,6.1,85.21,2.0,29.9
20.91,1.6,8.25,65.33,1.0,7.26,1.18,5.57,6.04,1.0,6.25,41.06,2.0,32.3
21.33,0.0,8.69,29.2,1.0,1.94,1.751,10.34,3.1,0.0,6.92,65.79,2.0,40.4
56.39,0.0,7.08,15.96,1.0,72.05,0.806,6.61,5.97,1.0,9.94,72.76,2.0,60.3
9.16,0.0,7.74,6.06,1.0,9.81,1.241,3.95,7.36,1.0,7.84,74.71,2.0,28.4
57.56,12.32,7.75,25.72,1.0,15.27,2.025,2.22,7.66,1.0,6.28,87.14,2.0,47.5
28.54,4.45,7.59,15.9,0.0,8.76,1.623,4.38,4.56,0.0,6.76,89.09,8.0,29.7
46.32,7.12,8.42,16.27,0.0,36.23,0.823,4.78,6.62,1.0,9.5,59.28,8.0,40.3
25.87,0.0,10.03,18.84,0.0,15.59,0.697,1.13,6.06,0.0,4.36,53.27,8.0,21.7
51.24,0.0,10.29,19.31,0.0,6.54,0.564,14.62,3.78,0.0,3.31,53.95,4.0,23.1
42.39,0.0,8.57,12.65,0.0,9.92,2.256,14.93,2.15,0.0,2.88,84.43,2.0,29.9
20.7,0.0,5.36,49.91,1.0,6.52,0.94,7.5,7.84,0.0,3.17,80.71,2.0,34.4
7.53,0.0,8.13,6.43,0.0,1.45,0.599,17.34,4.95,0.0,5.39,74.65,4.0,12.6
4.5,0.0,8.81,11.48,1.0,91.94,0.646,2.71,4.49,1.0,8.91,55.55,2.0,45.6
28.56,0.0,8.17,14.54,0.0,16.41,0.758,2.0,6.16,0.0,2.28,76.27,4.0,17.4
18.44,0.0,11.08,16.96,1.0,1.7,0.288,9.76,9.68,0.0,6.55,71.73,2.0,26.4
36.04,0.0,10.19,11.02,0.0,13.09,1.327,3.56,0.45,0.0,6.77,60.56,8.0,27.8
60.65,3.81,6.43,23.78,0.0,16.9,0.967,20.54,9.18,0.0,8.45,89.21,4.0,39.9
36.68,0.0,12.76,14.58,0.0,0.8,0.659,6.53,4.72,0.0,4.22,48.41,2.0,15.5
11.08,4.77,7.4,6.08,0.0,7.81,0.398,13.07,5.23,0.0,8.22,83.92,4.0,10.0
15.43,11.63,6.61,5.11,0.0,4.88,0.208,3.65,2.86,0.0,5.4,48.66,2.0,17.5
27.05,2.19,5.74,40.67,0.0,9.5,0.534,3.61,1.53,0.0,4.34,73.88,2.0,25.7
48.49,2.77,4.09,37.59,0.0,3.08,1.022,10.75,6.01,0.0,3.44,89.87,4.0,29.8
27.09,0.93,5.72,12.93,0.0,0.68,0.634,4.83,4.24,0.0,4.72,83.91,4.0,15.0
45.28,0.0,9.67,11.67,0.0,0.42,0.571,5.33,3.69,1.0,4.92,71.68,8.0,29.2
9.88,0.0,10.19,15.48,0.0,58.53,0.364,2.97,3.08,1.0,6.42,29.15,2.0,19.3
17.17,0.0,6.72,31.55,0.0,1.34,0.927,11.52,0.97,0.0,3.69,50.98,4.0,24.3
50.42,1.57,7.5,49.24,0.0,4.36,0.665,10.4,4.68,0.0,1.39,76.55,4.0,24.3
19.29,2.82,9.7,17.66,1.0,54.36,0.31,3.28,5.29,0.0,5.93,56.38,2.0,46.0
30.62,11.98,2.58,11.78,1.0,12.77,2.614,4.42,6.54,1.0,7.73,57.75,2.0,62.8
49.57,4.36,10.53,23.66,0.0,1.92,0.797,4.49,5.5,0.0,4.27,20.15,8.0,31.9
15.96,0.0,10.63,11.55,0.0,91.87,0.264,3.87,5.08,1.0,7.98,49.74,4.0,38.3
20.79,4.09,9.51,11.74,0.0,41.71,0.494,9.51,2.6,1.0,7.89,64.1,2.0,28.9
12.22,11.0,9.72,25.88,0.0,4.47,1.482,8.27,7.03,0.0,2.35,58.48,8.0,26.3
26.76,0.0,4.11,20.12,0.0,16.11,1.604,3.31,4.22,0.0,5.69,67.01,4.0,29.8
17.69,0.0,8.03,6.35,0.0,19.31,0.88,20.65,5.44,1.0,7.6,59.06,8.0,31.4
42.19,14.26,8.54,33.57,0.0,5.89,1.339,8.3,3.4,1.0,6.43,80.53,4.0,27.2
30.78,0.0,8.06,41.68,0.0,4.12,0.467,4.68,6.93,0.0,1.44,65.93,2.0,12.2
26.8,0.0,9.68,10.54,0.0,7.28,0.916,3.79,7.67,1.0,10.0,63.87,8.0,28.3
21.94,0.0,11.24,18.56,0.0,17.66,0.312,4.04,3.71,0.0,4.08,64.44,4.0,16.7
8.28,0.0,10.16,9.4,0.0,78.81,1.891,1.38,8.54,1.0,5.94,47.84,8.0,33.5
41.22,0.0,7.25,11.4,1.0,48.28,0.566,1.96,7.19,1.0,7.51,80.11,2.0,48.7
30.38,0.0,9.24,18.85,0.0,18.06,0.993,5.69,9.52,0.0,4.2,55.2,4.0,16.6
20.91,11.21,3.69,22.93,0.0,4.65,0.293,6.8,7.98,0.0,3.4,81.18,2.0,21.8
32.19,0.0,9.02,19.37,0.0,30.14,2.027,7.01,5.07,0.0,7.27,49.84,8.0,27.9
14.27,0.0,10.07,29.77,0.0,18.35,1.963,3.25,2.33,1.0,4.0,95.98,8.0,28.6
31.59,0.0,8.35,18.53,0.0,13.93,1.518,3.49,5.99,1.0,5.22,100.0,8.0,26.4
48.83,0.0,9.86,13.34,0.0,8.14,1.567,12.95,1.5,1.0,5.65,75.99,8.0,35.1
27.34,0.0,8.74,11.37,0.0,18.16,1.924,4.55,7.27,1.0,7.71,76.74,4.0,21.7
21.35,0.0,8.65,26.31,0.0,0.71,0.257,8.24,5.59,0.0,7.74,68.29,8.0,19.0
22.88,0.0,11.98,10.58,1.0,5.68,1.231,8.2,3.84,0.0,2.7,70.22,2.0,30.0
52.0,0.0,5.52,23.96,0.0,1.92,0.97,3.11,4.55,0.0,4.98,55.0,4.0,22.5
15.75,0.0,11.31,25.11,0.0,7.67,1.234,17.12,7.98,0.0,1.51,50.39,2.0,22.4
22.04,0.0,10.96,33.98,1.0,14.82,0.942,41.26,5.97,0.0,3.23,75.74,2.0,41.4
26.97,0.0,9.88,13.92,0.0,8.03,1.322,12.27,4.96,0.0,4.65,53.06,2.0,21.0
5.51,5.9,7.32,10.43,1.0,11.17,0.954,9.06,4.24,0.0,5.47,78.63,2.0,34.2
22.82,0.0,9.0,10.94,0.0,8.27,0.241,12.4,5.42,1.0,2.4,83.64,2.0,8.5
49.32,0.0,5.91,22.07,0.0,0.66,1.137,13.24,6.86,1.0,4.33,91.88,2.0,30.9
5.87,0.0,7.7,3.81,0.0,1.27,2.656,7.75,6.19,0.0,6.07,53.72,2.0,24.2
15.19,5.84,8.11,17.55,1.0,0.9,0.737,10.31,2.81,0.0,6.4,49.68,2.0,29.8
17.03,0.0,6.72,4.45,1.0,16.19,0.939,7.46,6.19,0.0,3.68,78.79,2.0,36.2
13.22,0.0,8.14,15.92,0.0,1.67,1.974,7.76,3.07,0.0,3.87,81.78,4.0,28.6
12.66,0.0,6.42,10.63,1.0,6.65,0.283,17.62,5.18,0.0,3.57,80.15,2.0,35.3
18.15,0.0,9.76,26.24,0.0,11.13,0.827,9.5,0.73,1.0,9.56,81.5,4.0,28.6
50.97,0.0,10.74,30.08,0.0,10.71,1.331,10.61,4.34,1.0,8.38,51.62,4.0,32.8
11.06,0.0,13.06,9.01,0.0,50.65,0.537,8.69,3.73,0.0,8.11,61.54,4.0,16.9
11.44,0.0,6.59,19.29,0.0,10.51,0.425,8.61,2.54,1.0,9.55,63.47,2.0,21.4
16.36,0.0,6.79,6.69,0.0,9.86,1.457,28.39,4.28,0.0,4.79,81.94,2.0,24.4
61.68,0.0,7.05,16.78,1.0,13.4,2.118,12.03,7.11,1.0,6.51,77.2,2.0,48.5
33.57,0.0,9.64,20.74,0.0,5.84,1.927,13.78,3.49,1.0,7.27,78.25,2.0,26.5
31.02,0.0,7.89,8.97,0.0,9.13,0.549,8.56,1.96,1.0,6.87,72.93,8.0,25.5
49.27,0.0,9.68,42.83,0.0,8.64,1.508,10.14,8.49,0.0,6.27,70.31,2.0,23.2
17.82,0.0,9.76,5.21,0.0,7.09,0.841,15.61,4.24,1.0,7.91,62.61,4.0,18.6
22.42,9.91,3.83,25.87,0.0,19.94,0.92,14.12,7.86,1.0,9.22,70.03,8.0,36.0
4.33,0.0,9.21,8.52,1.0,18.06,0.443,4.28,2.89,1.0,5.43,76.84,2.0,28.4
27.37,0.0,5.93,21.06,0.0,32.69,1.464,5.22,7.41,1.0,7.8,82.53,4.0,27.2
24.15,0.0,7.37,15.98,0.0,14.79,0.267,1.85,6.95,1.0,6.08,89.11,2.0,19.0
42.7,0.0,7.12,15.58,1.0,17.45,1.599,4.49,6.92,0.0,6.96,77.41,2.0,42.9
11.78,0.0,10.36,7.03,1.0,7.17,1.278,1.74,6.35,0.0,0.97,90.96,2.0,27.3
59.29,0.0,7.39,29.9,0.0,10.59,0.915,2.79,7.38,0.0,6.32,80.39,2.0,28.9
63.04,8.89,5.34,37.73,0.0,7.08,0.763,9.07,4.81,0.0,2.95,41.26,8.0,37.2
18.81,4.4,12.33,15.9,0.0,17.84,0.438,4.49,4.63,1.0,6.88,82.19,8.0,26.9
6.49,0.0,7.24,15.39,0.0,44.94,0.651,8.75,6.74,0.0,5.31,44.81,8.0,27.1
22.02,0.0,9.14,16.04,1.0,11.23,0.487,4.72,8.87,0.0,3.47,94.09,2.0,25.9
45.66,0.0,9.19,13.35,0.0,9.03,1.994,14.5,10.0,0.0,4.04,32.44,8.0,25.9
53.75,5.39,7.3,15.6,1.0,11.45,1.443,1.81,5.5,0.0,5.53,31.16,2.0,42.0
48.26,9.26,4.87,40.48,1.0,5.8,2.183,6.3,3.45,0.0,4.52,99.63,2.0,54.4
52.43,14.23,4.04,20.57,1.0,10.29,0.724,4.6,4.86,1.0,7.63,100.0,2.0,43.6
10.75,0.0,10.14,22.36,0.0,4.12,2.15,1.96,3.49,1.0,8.95,90.43,2.0,19.8
8.09,0.0,11.07,7.88,0.0,4.83,0.463,1.94,5.02,0.0,4.6,94.7,4.0,8.2
13.3,1.46,8.54,6.87,0.0,3.62,0.542,7.47,5.04,0.0,6.92,46.66,4.0,15.2
42.87,0.0,5.3,16.45,0.0,3.92,1.652,6.97,5.74,0.0,3.0,88.34,4.0,30.9
45.69,0.0,7.87,27.4,1.0,9.54,1.217,2.02,5.95,0.0,9.2,52.91,2.0,45.6
42.24,0.0,10.98,14.57,1.0,1.17,1.07,0.3,5.8,0.0,2.42,90.1,2.0,25.2
26.89,10.94,5.09,17.32,0.0,6.63,1.625,10.43,1.98,0.0,3.5,61.19,2.0,31.9
6.58,0.0,8.39,15.56,1.0,9.58,0.102,6.15,3.44,0.0,7.22,66.8,2.0,26.0
16.23,0.0,8.85,13.06,1.0,2.99,0.544,13.51,2.83,1.0,8.36,87.81,2.0,31.1
40.55,10.05,8.98,20.52,0.0,7.11,0.467,4.59,6.53,0.0,5.85,68.28,4.0,22.9
13.75,16.27,5.8,14.06,0.0,64.42,0.725,15.94,0.85,1.0,6.92,69.4,8.0,33.8
19.91,0.0,9.59,8.89,1.0,18.11,2.169,3.7,7.91,1.0,5.42,54.98,2.0,38.9
38.72,2.93,10.49,16.48,1.0,6.45,2.211,2.11,6.47,0.0,2.23,55.99,2.0,29.2
33.39,0.0,5.26,11.98,1.0,0.1,0.471,10.43,5.59,0.0,6.11,65.18,2.0,39.4
33.01,0.0,5.61,14.72,0.0,13.49,0.903,1.49,2.68,0.0,6.41,48.58,2.0,25.4
33.18,2.11,7.78,25.43,0.0,19.18,1.891,14.13,4.99,0.0,5.98,79.3,4.0,30.5
32.0,0.0,10.22,24.97,1.0,19.77,0.73,6.25,1.78,0.0,4.6,72.96,2.0,36.0
40.57,0.0,8.67,20.9,0.0,9.26,0.875,14.76,6.99,1.0,10.0,44.47,4.0,32.8
14.94,0.0,10.91,12.42,1.0,3.52,0.354,17.06,5.12,0.0,6.04,95.79,2.0,24.2
25.0,1.03,4.94,19.43,0.0,86.09,0.565,6.08,8.57,0.0,5.31,83.78,2.0,29.8
13.56,0.0,9.51,13.73,0.0,41.41,0.638,7.32,8.37,1.0,7.69,62.95,4.0,23.0
5.01,0.0,3.38,7.65,0.0,68.78,0.543,9.15,5.64,0.0,9.0,50.37,8.0,43.1
25.74,0.92,10.99,14.73,0.0,7.03,0.98,21.76,6.92,1.0,5.44,91.6,8.0,19.7
87.83,4.95,8.37,24.66,0.0,6.68,1.65,5.09,8.73,1.0,5.51,53.05,4.0,44.2
27.46,0.0,7.74,9.17,0.0,8.83,2.193,4.69,1.82,1.0,7.32,97.57,2.0,20.6
17.83,0.0,4.07,29.92,0.0,4.08,0.763,13.15,4.52,0.0,4.91,69.31,8.0,25.6
15.64,6.61,7.54,19.78,0.0,8.5,0.889,3.13,4.84,0.0,6.54,92.96,4.0,23.0
57.66,14.26,8.01,19.54,0.0,16.47,1.049,1.07,6.86,0.0,5.2,81.27,2.0,27.7
21.47,0.0,9.4,13.66,1.0,11.1,0.707,17.14,5.64,1.0,8.51,100.0,2.0,33.0
45.37,0.0,11.56,17.33,0.0,5.1,0.892,3.19,5.49,1.0,9.37,83.43,4.0,20.7
21.43,21.31,5.43,13.51,0.0,45.61,1.291,20.54,2.12,1.0,6.74,98.32,8.0,41.5
7.73,0.0,13.05,18.07,0.0,68.88,0.475,8.9,3.49,1.0,10.0,51.23,8.0,29.9
41.43,0.0,3.93,10.56,1.0,3.74,1.643,1.43,6.5,0.0,4.92,52.45,2.0,51.2
13.02,0.0,7.31,15.86,0.0,1.0,1.201,3.47,5.03,1.0,8.33,66.12,2.0,15.5
9.19,6.26,5.6,4.24,0.0,17.33,0.946,3.73,4.24,0.0,4.88,69.74,4.0,18.4
28.63,0.0,9.83,71.01,0.0,11.24,0.936,6.4,4.54,0.0,2.86,70.33,4.0,19.8
28.24,0.0,5.95,26.33,1.0,0.6,1.729,13.84,7.1,0.0,4.39,70.28,2.0,39.4
28.11,1.56,10.2,8.6,0.0,9.89,1.702,5.48,6.13,1.0,10.0,74.82,2.0,15.8
32.31,5.44,8.97,9.73,0.0,5.7,2.221,4.24,3.74,0.0,2.1,83.69,8.0,22.2
20.8,0.0,8.96,9.57,0.0,5.22,0.936,13.89,9.38,1.0,9.45,46.33,2.0,21.2
35.36,0.0,7.93,16.97,1.0,18.48,0.798,2.69,5.12,0.0,1.47,64.76,2.0,35.3
15.94,0.0,6.63,8.03,0.0,19.14,1.45,12.32,3.55,0.0,5.48,59.64,2.0,30.4
39.7,0.0,9.23,14.62,1.0,85.19,0.665,12.42,3.42,0.0,7.45,61.44,2.0,51.8
50.99,0.0,6.67,13.09,0.0,4.96,2.636,9.48,6.25,0.0,1.93,68.08,2.0,35.0
26.24,0.0,9.95,52.01,0.0,1.98,0.466,0.7,7.2,0.0,3.47,94.29,4.0,17.2
43.07,0.0,10.91,18.69,1.0,74.81,1.181,8.1,7.98,0.0,7.65,67.4,2.0,45.9
24.67,0.0,7.85,37.9,0.0,0.97,0.621,4.13,6.93,0.0,3.89,89.27,4.0,17.5
33.95,0.0,10.83,13.13,0.0,19.45,1.618,5.12,5.98,1.0,6.59,62.86,8.0,31.3
38.39,7.43,7.54,50.75,1.0,3.49,1.073,1.65,2.8,0.0,4.41,85.66,2.0,38.6
9.26,0.0,10.12,16.11,0.0,14.62,1.069,0.54,7.2,1.0,4.45,58.49,4.0,19.1
48.24,8.98,4.03,20.84,0.0,6.27,0.62,6.17,5.71,0.0,5.51,51.74,4.0,26.5
37.35,0.0,6.71,37.15,0.0,84.56,1.599,7.94,6.84,1.0,9.69,81.63,8.0,43.5
9.83,4.6,6.96,4.14,1.0,51.57,1.238,7.56,5.63,0.0,5.41,61.33,2.0,40.8
12.46,0.0,11.52,11.49,1.0,5.26,1.146,4.61,4.75,1.0,9.53,68.7,2.0,36.5
22.93,0.0,7.81,12.48,0.0,77.0,1.026,1.65,4.91,0.0,4.46,44.33,8.0,32.9
20.36,10.01,8.65,24.48,1.0,43.94,0.406,2.02,5.76,0.0,5.56,46.33,2.0,40.8
42.88,0.0,7.77,11.44,0.0,1.04,0.982,25.63,4.8,0.0,6.95,99.08,4.0,28.3
26.62,0.0,7.69,12.06,0.0,52.06,1.113,3.42,1.89,0.0,5.38,80.82,8.0,29.3
24.85,0.0,5.51,6.56,0.0,16.31,0.765,13.23,9.44,0.0,2.92,51.8,4.0,15.8
11.81,0.0,5.03,8.7,0.0,9.12,0.981,0.59,3.16,1.0,5.53,55.37,2.0,23.8
10.03,0.0,8.22,26.57,0.0,9.97,1.058,6.77,1.04,0.0,5.16,72.3,4.0,16.1
12.83,0.0,8.26,8.97,0.0,12.15,0.19,6.93,3.97,1.0,8.69,60.84,4.0,17.5
16.4,0.0,6.95,7.58,1.0,6.58,0.486,5.7,2.58,0.0,4.68,55.18,2.0,33.1
15.43,0.0,9.03,19.54,1.0,15.25,0.855,9.46,10.0,0.0,6.98,54.33,2.0,35.8
27.79,4.45,11.76,10.74,0.0,0.45,1.822,0.35,4.65,1.0,10.0,66.39,4.0,25.7
26.88,0.0,11.38,28.35,0.0,2.55,1.198,6.87,7.11,1.0,9.29,44.36,2.0,22.7
54.7,0.0,7.53,44.41,1.0,18.56,1.143,4.64,5.33,0.0,4.13,52.87,2.0,41.7
2.47,0.0,9.16,9.94,1.0,17.53,0.746,4.56,0.19,0.0,4.4,86.98,2.0,29.5
3.21,0.0,10.31,14.22,0.0,1.53,1.276,4.49,7.3,0.0,7.72,50.28,8.0,21.0
14.77,0.0,9.17,26.87,0.0,11.08,0.406,8.47,2.43,1.0,7.56,66.78,4.0,16.2
14.83,0.0,9.96,12.75,1.0,14.66,1.059,4.74,6.05,0.0,5.08,72.72,2.0,32.3
58.46,0.0,7.92,15.8,0.0,5.14,1.958,4.93,1.78,1.0,6.65,87.71,4.0,29.9
31.33,0.0,8.37,32.94,0.0,51.49,0.373,4.11,5.45,1.0,5.31,38.89,2.0,27.0
19.58,0.0,7.23,18.55,0.0,13.19,0.424,25.8,4.7,0.0,3.09,52.67,4.0,20.3
26.7,0.0,9.02,13.01,0.0,15.49,0.649,0.5,4.52,1.0,6.11,66.48,8.0,17.2
42.86,0.0,3.28,12.66,1.0,14.65,3.254,6.07,4.95,0.0,4.1,85.32,2.0,56.8
23.62,0.0,8.92,11.67,0.0,3.39,0.941,3.59,3.7,0.0,6.21,81.0,2.0,16.2
42.21,0.0,3.69,22.06,1.0,11.34,0.867,3.56,0.0,0.0,4.34,97.31,2.0,44.1
22.37,8.8,7.9,18.41,0.0,4.55,0.553,1.03,6.66,1.0,7.04,57.86,4.0,21.0
31.62,5.93,5.48,25.18,0.0,12.29,0.68,1.61,7.51,1.0,6.15,54.66,2.0,20.5
36.02,5.19,9.95,35.42,0.0,9.64,1.432,10.54,5.66,1.0,6.34,56.42,4.0,31.4
31.24,0.0,8.34,24.32,0.0,11.4,0.712,14.37,1.74,0.0,5.58,55.85,8.0,29.9
4.4,0.0,8.97,9.96,0.0,94.34,0.451,1.46,4.06,0.0,0.0,39.6,4.0,23.3
29.91,0.0,9.01,12.17,0.0,10.54,0.679,8.51,5.5,1.0,9.68,75.89,2.0,20.7
13.16,0.0,6.97,6.56,1.0,10.31,1.593,8.74,2.74,0.0,4.69,37.47,2.0,43.1
14.22,1.67,10.71,22.06,1.0,3.43,0.529,7.66,6.3,1.0,5.04,91.28,2.0,24.3
18.76,0.0,9.92,13.03,0.0,0.38,0.292,6.34,7.01,1.0,4.71,67.13,8.0,16.9
22.02,3.7,6.89,8.02,0.0,13.18,1.086,11.92,3.4,0.0,5.14,75.23,2.0,22.6
37.12,0.0,5.86,22.19,0.0,4.88,0.766,2.6,7.66,1.0,1.19,44.65,8.0,28.3
8.89,0.0,7.99,14.54,1.0,10.62,0.409,2.84,3.78,0.0,7.53,54.0,2.0,29.4
49.1,9.54,6.17,56.5,1.0,0.36,1.301,8.23,4.61,0.0,3.38,58.98,2.0,42.9
27.74,10.65,4.72,7.35,0.0,5.35,0.922,10.07,4.96,0.0,7.6,59.89,2.0,27.8
36.36,0.0,7.0,10.42,0.0,0.81,0.536,6.23,7.59,0.0,6.17,60.05,4.0,18.3
7.57,0.0,7.59,2.4,0.0,59.08,1.285,6.64,4.52,0.0,4.81,60.88,4.0,20.7
8.91,0.0,8.33,5.7,1.0,14.6,1.297,12.41,7.97,0.0,6.53,57.55,2.0,39.8
25.52,0.0,7.85,14.54,1.0,12.54,0.746,14.85,3.12,1.0,5.73,80.04,2.0,35.5
79.67,12.45,6.09,26.21,0.0,3.29,1.764,24.67,10.0,0.0,4.41,83.85,2.0,39.6
47.59,9.63,6.48,40.45,1.0,2.43,1.444,2.53,1.97,0.0,8.63,100.0,2.0,44.5
65.13,0.0,7.85,22.82,0.0,2.36,1.481,2.58,6.25,1.0,8.25,73.76,2.0,23.6
29.92,16.03,6.68,8.12,0.0,16.99,1.066,30.27,4.12,0.0,6.69,63.93,4.0,37.2
4.72,0.0,8.47,40.1,1.0,88.19,0.685,6.89,0.0,0.0,4.94,58.72,2.0,47.0
15.12,0.0,9.91,22.4,0.0,91.7,1.236,10.06,5.95,1.0,5.2,63.93,8.0,27.8
15.44,0.0,3.05,21.58,0.0,11.1,0.554,4.07,6.32,0.0,4.68,55.61,8.0,26.2
21.69,7.28,6.76,7.37,0.0,19.98,2.232,11.84,7.26,1.0,4.63,82.27,2.0,29.8
37.27,0.0,6.74,19.07,0.0,4.81,1.426,1.42,3.93,1.0,4.01,82.25,2.0,20.1
17.25,0.0,8.72,28.79,0.0,18.98,1.181,1.78,5.28,0.0,5.1,37.03,4.0,17.3
20.35,13.64,5.48,25.97,1.0,18.45,0.567,18.55,6.75,1.0,5.48,100.0,2.0,45.6
48.99,0.0,8.63,16.11,0.0,3.42,0.689,11.82,4.59,0.0,5.89,74.9,4.0,21.8
45.33,0.34,9.05,19.53,0.0,19.72,0.806,3.95,3.82,0.0,3.77,50.85,2.0,16.0
33.86,0.0,5.22,29.43,1.0,7.0,2.134,12.01,5.4,0.0,1.41,51.66,2.0,49.9
42.0,0.0,8.19,20.31,0.0,2.95,0.842,6.14,8.48,0.0,6.39,73.79,2.0,12.1
30.06,4.18,5.03,13.68,0.0,62.77,0.679,1.88,3.82,0.0,6.27,45.97,8.0,45.0
56.17,6.9,7.45,16.43,0.0,1.63,2.925,7.71,4.54,0.0,6.02,53.42,2.0,35.8
19.56,0.0,7.48,13.08,0.0,11.95,1.459,6.34,2.8,1.0,6.18,61.09,4.0,18.1
34.31,0.0,6.36,35.41,0.0,11.99,0.939,3.31,5.29,0.0,7.33,77.33,4.0,30.4
31.57,6.11,3.9,31.98,0.0,6.64,0.842,2.43,7.28,0.0,4.75,62.96,4.0,28.2
28.67,0.0,7.96,19.2,0.0,6.28,0.864,12.39,1.51,1.0,7.19,54.05,2.0,23.0
28.06,0.0,5.84,17.83,0.0,0.72,2.254,7.26,4.41,0.0,6.01,97.91,2.0,26.6
47.19,2.27,4.35,28.68,0.0,13.32,0.971,6.97,7.23,0.0,2.5,76.99,4.0,32.1
19.25,14.21,7.09,28.05,1.0,5.01,0.489,1.75,3.93,1.0,6.99,53.88,2.0,46.2
18.99,0.0,10.37,6.58,1.0,9.47,0.878,4.35,3.6,0.0,4.82,72.56,2.0,28.2
44.94,0.0,8.44,23.43,1.0,10.13,0.885,7.59,3.73,0.0,6.04,71.08,2.0,34.2
34.7,0.0,5.1,13.48,0.0,15.75,1.552,2.38,6.43,0.0,5.76,67.64,2.0,40.0
41.52,5.33,6.84,13.58,0.0,49.11,0.897,13.72,5.31,1.0,9.39,63.49,4.0,31.5
12.66,0.0,9.98,8.09,0.0,19.41,0.559,19.76,7.46,1.0,10.0,64.28,8.0,22.3
9.83,0.0,8.43,19.73,0.0,12.64,0.931,10.6,4.06,0.0,4.38,76.48,4.0,15.0
36.77,0.0,8.55,26.99,1.0,88.28,0.916,11.14,5.21,0.0,1.16,56.4,2.0,45.1
14.33,0.0,7.7,22.3,1.0,17.4,0.348,7.06,4.82,0.0,0.79,71.2,2.0,26.8
26.86,12.1,5.97,25.55,0.0,10.32,1.201,13.32,5.95,0.0,7.21,76.61,2.0,25.6
47.24,0.0,6.26,30.57,1.0,3.75,0.65,9.42,1.55,1.0,4.93,68.7,2.0,45.9
27.42,0.0,9.4,15.56,0.0,11.3,0.255,8.17,5.1,0.0,4.35,81.7,4.0,14.7
16.58,4.91,9.26,12.84,0.0,2.46,0.633,9.94,6.0,1.0,9.05,93.76,2.0,14.1
27.23,0.0,7.07,14.58,0.0,6.91,1.305,5.39,0.0,0.0,5.44,64.47,4.0,27.9
53.57,4.22,8.4,23.21,0.0,0.61,1.103,23.87,3.81,0.0,9.42,60.5,4.0,23.7
29.15,7.62,4.36,10.93,0.0,1.57,1.381,1.89,4.97,1.0,8.81,45.57,8.0,35.8
2.94,4.42,8.04,9.45,0.0,4.37,0.608,10.54,6.1,0.0,3.88,82.17,2.0,9.0
21.23,0.0,5.66,10.37,0.0,61.47,1.706,1.66,7.94,1.0,5.73,58.29,8.0,35.5
26.73,0.0,5.93,50.07,0.0,9.86,1.006,5.69,9.98,0.0,6.86,48.12,4.0,27.4
42.46,0.0,4.99,12.6,0.0,8.66,1.526,8.2,5.4,0.0,4.35,59.34,2.0,31.7
32.53,0.0,6.71,35.67,0.0,11.42,3.101,4.75,6.44,1.0,8.4,76.56,4.0,40.9
35.14,11.88,7.76,21.65,1.0,71.92,2.219,7.24,4.61,1.0,10.0,73.65,2.0,57.9
31.58,0.0,7.9,42.68,0.0,13.65,2.253,0.83,6.69,0.0,2.55,78.15,4.0,24.8
11.83,0.0,7.48,14.62,0.0,72.72,1.341,6.38,4.77,0.0,2.94,58.47,8.0,32.6
11.68,0.0,8.3,6.47,0.0,90.93,0.793,4.05,9.42,1.0,4.07,69.69,8.0,21.3
24.01,17.24,2.1,16.27,0.0,67.33,1.048,8.14,8.26,1.0,4.23,62.09,2.0,49.6
6.03,0.0,9.96,6.07,0.0,2.26,0.552,5.35,5.41,1.0,5.49,73.69,8.0,15.4
30.28,0.0,3.6,10.15,0.0,81.06,1.594,1.53,4.28,0.0,4.39,43.91,4.0,42.1
17.03,0.0,7.07,9.06,1.0,4.52,1.307,5.82,5.47,0.0,4.01,89.07,2.0,29.5
8.32,0.0,8.59,6.19,1.0,0.98,0.301,3.13,4.1,1.0,7.37,82.42,2.0,28.0
39.81,4.63,8.14,21.97,0.0,3.75,1.728,6.95,5.49,1.0,6.45,63.07,8.0,28.0
10.87,19.93,6.76,20.99,0.0,38.71,1.372,2.76,2.49,0.0,6.86,84.41,4.0,34.9
36.76,0.0,7.8,33.7,1.0,14.23,1.283,3.87,8.19,0.0,10.0,45.49,2.0,45.8
56.0,0.0,10.24,50.63,1.0,71.11,1.157,4.72,3.78,0.0,4.68,45.47,2.0,52.5
13.94,4.69,12.05,6.78,1.0,7.31,0.853,12.42,6.5,1.0,6.02,47.34,2.0,31.7
17.15,0.0,8.5,14.99,1.0,8.79,0.661,3.51,0.07,0.0,3.36,61.77,2.0,36.3
12.66,0.0,8.42,10.66,0.0,17.33,0.717,3.24,3.25,0.0,1.72,54.63,8.0,20.8
42.7,3.08,7.03,28.64,0.0,16.01,1.612,2.92,9.0,1.0,5.77,84.97,2.0,26.3
29.33,3.92,6.43,19.55,0.0,18.53,1.07,4.79,5.94,0.0,5.24,69.87,8.0,28.1
16.56,0.0,9.25,6.01,1.0,15.71,2.427,24.72,8.7,0.0,4.79,63.02,2.0,40.0
45.69,0.0,10.17,20.9,1.0,8.91,1.136,9.45,4.97,1.0,10.0,76.68,2.0,42.3
22.32,5.79,2.66,15.34,0.0,11.44,0.351,21.11,4.36,1.0,7.92,82.77,8.0,39.0
12.63,0.0,8.28,15.97,0.0,57.27,1.589,5.1,7.22,0.0,7.4,85.15,2.0,27.2
23.05,10.35,10.04,63.32,0.0,19.77,0.749,5.85,5.42,1.0,6.16,65.91,2.0,30.4
20.09,0.0,9.18,9.74,1.0,14.75,2.596,6.81,4.77,0.0,1.87,68.02,2.0,38.8
6.71,0.0,9.63,29.81,0.0,10.67,1.901,7.87,8.9,0.0,6.6,50.39,2.0,16.5
5.33,0.0,5.64,19.87,0.0,12.91,1.163,9.09,8.79,0.0,6.76,71.87,4.0,27.1
6.78,0.0,10.2,16.12,0.0,19.16,0.479,1.68,8.23,1.0,4.95,72.17,4.0,8.3
8.32,0.0,10.77,4.42,1.0,3.82,0.905,4.91,4.13,1.0,3.1,59.74,2.0,30.1
31.54,15.75,6.56,44.28,1.0,18.86,1.26,3.92,0.0,0.0,1.6,68.39,2.0,48.7
15.43,0.0,7.23,14.08,0.0,7.06,0.211,12.36,3.59,0.0,6.98,65.12,4.0,24.4
14.66,17.55,7.34,14.77,1.0,6.97,0.624,8.6,4.63,1.0,7.23,75.87,2.0,42.6
11.33,0.0,6.58,4.98,0.0,63.0,0.249,4.53,3.21,1.0,6.75,57.0,4.0,19.6
29.6,0.0,5.77,12.0,0.0,7.08,0.728,8.74,3.94,0.0,6.44,72.99,4.0,16.6
33.85,0.0,9.59,15.39,0.0,10.12,1.122,9.83,6.78,1.0,6.49,59.12,8.0,32.1
37.55,0.0,10.07,14.3,0.0,3.42,1.564,10.58,2.34,1.0,3.58,83.64,8.0,31.3
43.05,0.0,6.22,24.03,1.0,3.37,0.798,3.09,2.83,1.0,5.79,78.52,2.0,36.9
50.42,7.23,4.29,23.79,1.0,5.76,1.368,7.46,4.17,0.0,10.0,88.81,2.0,51.9
10.05,0.0,6.94,7.09,0.0,0.16,1.378,4.45,4.93,1.0,9.47,72.24,2.0,18.4
53.31,3.23,7.41,23.8,0.0,12.93,1.088,5.31,9.19,0.0,5.72,67.17,8.0,26.3
14.19,0.0,6.25,4.44,1.0,4.03,0.483,3.14,4.05,0.0,3.57,44.19,2.0,33.5
32.2,0.0,10.6,13.58,1.0,17.46,1.1,9.67,8.11,1.0,7.92,83.05,2.0,38.1
24.64,0.0,7.33,26.72,1.0,34.3,1.205,11.04,5.0,1.0,9.16,66.4,2.0,43.6
4.03,0.0,9.61,7.24,0.0,9.1,0.311,7.49,6.2,0.0,5.83,64.44,4.0,9.4
55.75,0.0,5.84,67.79,1.0,18.56,0.911,10.61,7.12,1.0,7.01,82.01,2.0,46.6
55.52,0.0,8.5,25.59,0.0,0.51,0.503,2.5,10.0,1.0,6.29,83.72,8.0,17.2
22.31,0.0,9.66,9.95,0.0,14.15,0.238,15.14,3.33,0.0,7.27,61.08,4.0,15.4
65.7,4.67,3.11,25.6,1.0,10.12,0.774,3.63,6.0,0.0,5.05,74.62,2.0,55.8
26.02,0.0,6.86,24.26,0.0,57.43,2.046,10.02,6.76,0.0,4.6,62.31,2.0,45.3
36.38,7.95,6.64,26.87,0.0,19.4,1.049,3.96,2.23,0.0,4.66,87.67,8.0,29.9
32.84,0.0,6.96,27.65,0.0,71.47,0.616,16.46,1.52,1.0,5.84,41.21,8.0,42.8
43.9,4.45,8.89,24.09,0.0,13.5,0.733,7.27,1.16,0.0,5.4,91.87,2.0,37.7
43.93,0.0,6.49,12.67,0.0,14.09,0.952,8.83,0.53,0.0,1.48,86.87,8.0,21.2
50.77,1.23,8.76,28.01,0.0,9.06,1.543,5.79,3.47,1.0,5.83,61.7,2.0,27.4
20.38,0.0,9.36,15.65,1.0,3.59,0.438,10.08,6.61,1.0,5.5,60.18,2.0,32.0
21.71,0.0,8.13,12.36,1.0,34.84,0.195,12.26,3.74,0.0,6.46,71.97,2.0,34.1
76.8,0.0,8.21,44.32,1.0,8.41,0.82,15.24,4.48,1.0,7.78,44.86,2.0,48.0
53.14,2.0,4.09,17.38,0.0,13.5,0.986,1.78,4.12,0.0,9.86,72.24,2.0,44.3
74.56,0.0,6.64,37.1,0.0,11.0,1.305,0.72,6.95,0.0,4.52,71.57,4.0,37.6
4.28,0.0,7.32,7.16,0.0,2.06,1.888,1.49,6.52,1.0,8.5,79.05,4.0,19.9
24.37,8.43,7.04,9.17,0.0,1.06,0.522,8.82,5.77,0.0,1.03,58.08,8.0,24.6
19.94,0.0,7.46,12.94,0.0,7.42,1.076,5.0,8.36,0.0,4.95,100.0,4.0,14.4
53.8,0.0,7.51,13.95,0.0,2.24,2.887,7.12,4.46,1.0,5.75,73.07,2.0,39.3
34.62,0.8,7.88,20.36,0.0,2.8,2.169,2.97,6.32,1.0,4.5,90.92,2.0,26.3
32.26,0.0,8.31,16.31,0.0,13.59,1.029,4.98,4.1,0.0,5.42,75.71,2.0,12.1
27.73,2.2,8.26,8.42,0.0,9.51,0.969,12.83,2.54,1.0,10.0,84.1,8.0,26.7
28.49,0.0,9.29,19.09,0.0,12.96,0.78,4.47,6.16,0.0,5.72,47.35,4.0,20.5
12.89,0.0,6.1,20.82,1.0,6.95,0.283,2.99,5.06,1.0,4.12,100.0,2.0,24.5
15.85,0.0,9.54,11.32,0.0,1.89,1.283,16.44,4.56,0.0,0.97,79.26,4.0,14.9
29.51,0.0,5.09,12.79,0.0,1.29,1.544,19.39,5.62,0.0,5.37,78.15,4.0,27.9
36.81,0.0,2.31,23.16,0.0,0.34,1.25,0.89,5.43,0.0,3.79,80.73,2.0,28.3
19.98,10.8,11.05,32.73,0.0,17.26,1.092,8.73,4.68,0.0,2.37,75.96,8.0,31.4
64.69,0.0,5.18,23.16,0.0,19.29,0.846,12.39,0.73,1.0,8.28,70.6,8.0,48.5
28.62,0.0,7.25,46.09,1.0,3.0,0.773,2.02,3.28,1.0,9.6,65.62,2.0,38.2
5.36,0.0,5.11,23.83,1.0,18.92,1.241,5.49,4.7,0.0,1.82,47.92,2.0,42.7
46.68,0.0,6.69,17.37,1.0,81.83,0.743,9.29,5.52,0.0,6.97,88.43,2.0,48.0
42.6,12.22,6.67,14.34,0.0,12.9,0.982,1.75,5.53,1.0,5.61,50.32,8.0,23.3
38.86,17.78,6.19,24.12,0.0,7.59,0.373,3.96,2.79,1.0,6.78,87.3,8.0,30.2
27.17,2.83,5.43,9.17,1.0,12.37,0.629,5.72,4.31,0.0,7.08,76.77,2.0,42.7
27.14,0.0,7.3,9.16,0.0,16.86,0.364,9.65,0.0,0.0,3.32,55.9,2.0,29.6
20.47,0.0,9.12,11.16,0.0,17.21,0.753,2.06,5.78,0.0,4.78,80.55,2.0,14.5
53.54,0.0,7.87,19.03,0.0,48.27,1.653,5.64,7.02,0.0,3.04,55.68,8.0,34.6
17.7,0.0,8.73,37.82,1.0,5.29,1.003,6.07,7.81,1.0,7.65,100.0,2.0,29.9
32.27,10.39,8.31,27.48,0.0,15.54,0.997,5.7,2.5,1.0,7.89,66.89,2.0,26.8
34.07,0.0,7.76,28.57,0.0,6.98,1.145,28.5,2.63,0.0,2.08,84.55,4.0,26.5
26.99,5.03,10.37,20.7,0.0,3.61,0.766,4.23,7.25,1.0,5.34,61.2,2.0,14.5
33.17,4.24,6.91,14.32,0.0,6.17,1.286,6.81,7.63,0.0,7.81,53.21,2.0,19.4
54.12,0.0,8.77,20.76,0.0,6.96,0.665,13.18,4.35,0.0,6.19,68.21,2.0,23.8
13.14,17.48,7.97,16.2,0.0,11.27,1.118,10.47,5.34,0.0,5.38,96.14,4.0,20.2
17.03,1.92,4.98,7.28,0.0,12.34,0.316,5.69,6.27,0.0,6.96,41.02,2.0,17.6
23.07,0.0,9.19,8.77,0.0,7.98,0.507,8.44,2.16,0.0,3.39,58.5,2.0,17.5
5.62,0.0,7.55,19.23,0.0,16.55,1.824,7.91,6.26,0.0,4.27,66.83,2.0,20.8
29.97,0.0,6.08,22.76,0.0,59.89,0.834,11.47,7.18,0.0,3.18,45.43,4.0,35.8
27.82,13.37,5.71,9.69,0.0,17.34,1.414,2.4,4.5,0.0,1.94,47.64,2.0,20.5
44.1,1.54,7.81,13.66,0.0,14.6,0.624,9.17,8.82,0.0,3.51,84.35,8.0,21.8
48.71,5.48,3.75,15.0,0.0,7.28,1.639,3.08,4.3,0.0,4.87,57.12,4.0,42.2
18.33,0.97,8.39,22.07,0.0,12.32,1.32,14.86,1.27,1.0,8.14,54.92,4.0,31.7
20.43,0.0,7.95,26.89,0.0,8.61,2.584,3.17,4.79,0.0,7.42,58.57,4.0,30.2
26.88,6.99,9.43,9.85,1.0,2.17,1.864,4.41,2.01,1.0,7.17,66.5,2.0,41.5
48.86,0.0,6.27,22.68,0.0,19.28,0.499,2.75,6.01,0.0,6.21,75.63,4.0,21.5
13.07,5.8,10.29,6.23,0.0,7.06,0.425,2.32,7.36,0.0,6.81,48.93,2.0,13.6
29.79,0.0,8.88,33.26,0.0,16.84,1.037,6.66,2.46,0.0,6.92,63.82,4.0,28.0
7.25,2.68,8.39,2.89,0.0,37.02,0.934,2.63,6.72,0.0,3.77,53.95,4.0,19.9
5.74,8.56,10.35,13.11,1.0,87.51,0.593,5.03,6.36,1.0,5.63,35.06,2.0,50.5
8.23,0.0,12.6,8.02,0.0,0.71,1.299,10.24,3.38,0.0,5.04,61.36,8.0,18.1
30.41,0.0,7.67,10.7,0.0,16.67,1.322,7.49,4.59,0.0,9.13,82.52,2.0,22.8
14.36,0.0,7.09,5.23,1.0,9.56,0.415,3.02,5.3,0.0,6.84,73.88,2.0,28.3
12.34,0.0,9.49,5.46,0.0,17.49,1.017,7.5,5.31,0.0,4.17,79.47,2.0,10.9
14.85,0.0,5.71,10.88,0.0,7.83,0.328,3.19,4.16,0.0,5.03,29.09,4.0,19.1
32.78,0.0,5.41,12.66,1.0,67.24,0.738,1.27,3.52,0.0,5.56,48.08,2.0,48.3
44.72,0.0,10.27,21.26,0.0,83.15,1.309,3.16,2.32,0.0,2.56,65.45,8.0,38.2
32.8,0.0,9.16,42.89,0.0,14.46,1.331,1.69,2.92,1.0,5.48,61.03,8.0,27.3
13.38,0.0,6.88,22.19,0.0,19.84,1.382,2.39,3.69,0.0,5.91,67.71,4.0,27.4
5.52,0.0,15.1,19.08,0.0,6.41,0.253,9.69,6.84,1.0,8.45,69.91,4.0,14.2
1.34,0.0,6.2,17.58,0.0,67.17,0.804,5.58,1.09,1.0,6.71,33.75,8.0,38.5
37.42,0.0,9.12,22.86,0.0,72.19,0.866,8.14,4.77,1.0,6.09,51.57,2.0,32.9
12.38,0.0,7.04,24.65,1.0,9.65,0.853,3.65,8.13,1.0,7.74,52.55,2.0,30.1
44.23,2.31,10.96,16.24,0.0,5.6,1.22,7.59,0.0,1.0,5.01,74.2,4.0,31.2
60.6,7.35,5.24,28.66,0.0,59.51,1.397,2.18,5.7,0.0,3.18,54.17,4.0,27.8
53.04,3.45,6.43,14.22,0.0,1.33,1.447,5.54,4.13,0.0,10.0,48.39,8.0,37.4
19.44,0.0,4.8,22.3,1.0,17.49,0.472,3.85,5.04,1.0,5.44,65.57,2.0,30.0
47.13,6.15,11.01,21.6,0.0,1.03,2.36,9.92,4.81,0.0,6.74,95.11,2.0,33.5
21.17,0.0,7.13,13.72,0.0,12.9,1.737,18.39,7.71,0.0,4.23,38.46,8.0,22.6
9.42,0.0,9.68,5.12,1.0,7.08,0.579,3.34,4.03,0.0,6.23,86.14,2.0,22.1
49.19,0.0,7.53,14.18,1.0,13.58,1.264,4.02,4.38,1.0,8.88,55.85,2.0,48.6
47.6,0.0,6.47,17.52,1.0,13.24,2.421,5.14,4.13,0.0,1.87,67.42,2.0,41.0
15.58,10.98,2.76,13.69,0.0,72.6,1.129,2.95,6.03,1.0,6.83,30.65,2.0,45.0
28.42,5.41,7.04,26.26,1.0,7.03,0.835,4.31,4.26,0.0,2.61,73.19,2.0,41.7
18.9,0.0,7.89,26.32,0.0,82.52,1.789,7.31,5.55,0.0,3.15,63.09,4.0,39.1
48.29,0.0,8.19,31.71,0.0,0.23,1.126,20.64,6.77,0.0,7.74,100.0,8.0,28.1
18.51,0.0,12.74,18.94,1.0,7.46,0.583,5.4,4.72,0.0,3.4,76.54,2.0,33.3
50.44,0.0,8.78,14.39,0.0,3.9,1.303,1.84,3.15,0.0,3.56,37.25,8.0,31.1
44.8,7.31,8.5,19.66,0.0,9.94,0.891,2.31,0.0,0.0,6.27,70.49,4.0,24.0
31.64,0.0,7.44,35.94,1.0,4.23,1.658,4.48,7.9,0.0,10.0,73.77,2.0,31.8
39.38,0.0,5.19,44.61,1.0,13.9,0.682,7.5,6.44,0.0,4.13,43.44,2.0,44.4
6.57,0.0,8.24,3.36,1.0,15.81,1.404,5.04,2.88,0.0,3.45,29.7,2.0,35.9
19.66,0.0,6.94,10.87,0.0,5.98,1.094,13.46,4.48,1.0,6.65,36.75,8.0,34.9
37.28,5.11,7.17,38.69,0.0,11.21,1.271,7.13,9.26,0.0,6.42,72.4,8.0,28.4
47.29,5.77,5.9,33.84,1.0,9.65,0.964,9.89,3.07,0.0,7.07,63.8,2.0,52.8
52.19,6.26,3.33,22.29,1.0,4.72,0.596,8.42,7.27,0.0,2.44,85.97,2.0,46.1
5.28,0.0,11.38,13.21,1.0,14.95,0.303,15.11,8.65,0.0,8.53,90.87,2.0,25.3
21.85,0.0,8.06,19.16,0.0,5.8,2.431,7.12,4.27,1.0,8.15,81.91,2.0,21.0
10.29,0.0,8.03,25.19,0.0,11.88,1.433,3.93,2.58,1.0,5.4,82.13,8.0,18.8
6.32,0.0,6.6,23.71,0.0,17.22,0.2,18.81,5.51,0.0,4.54,87.64,2.0,16.9
28.93,3.29,6.79,13.89,0.0,13.13,1.168,3.35,4.43,0.0,5.94,74.75,8.0,26.8
12.76,0.0,6.89,31.14,0.0,85.16,1.38,5.9,5.55,1.0,7.01,64.91,8.0,32.6
29.88,0.0,5.72,38.0,0.0,10.65,1.169,15.15,3.69,0.0,4.7,32.88,2.0,30.3
20.05,0.0,8.72,12.65,0.0,69.49,0.412,12.12,3.7,0.0,9.15,48.95,4.0,24.4
34.67,5.25,6.39,37.93,0.0,12.68,1.336,4.41,6.28,1.0,8.06,48.57,8.0,39.9
41.03,0.0,9.27,17.79,0.0,10.98,0.678,15.12,0.63,1.0,6.09,90.13,2.0,25.4
23.27,0.0,7.58,22.78,1.0,8.18,0.624,7.66,5.6,0.0,4.3,50.94,2.0,36.4
13.5,9.71,7.66,36.06,0.0,15.1,0.271,10.99,3.64,0.0,8.45,49.43,4.0,20.1
37.97,0.0,8.03,34.28,0.0,3.44,0.629,4.59,5.13,1.0,7.72,62.98,8.0,23.2
6.95,0.0,9.56,6.22,0.0,14.31,0.155,4.02,1.34,0.0,2.86,93.96,4.0,7.8
11.88,0.0,6.96,16.46,0.0,11.19,1.489,3.16,9.22,1.0,6.54,98.59,2.0,13.9
19.32,0.0,10.22,20.32,1.0,49.29,0.547,0.93,5.4,0.0,4.95,59.92,2.0,41.4
6.54,0.0,6.44,13.26,1.0,16.72,2.195,9.4,7.19,0.0,2.94,74.42,2.0,39.2
5.43,0.0,8.92,6.32,0.0,11.53,1.471,11.74,2.62,0.0,8.28,66.97,2.0,22.2
34.58,2.31,5.28,13.27,0.0,12.24,1.676,6.55,3.57,0.0,2.5,78.08,2.0,27.2
42.93,0.0,7.47,18.69,0.0,11.56,2.525,5.89,5.17,0.0,8.3,33.16,4.0,34.3
29.77,0.0,9.89,9.29,0.0,18.28,0.262,0.9,5.0,1.0,4.65,88.04,4.0,17.2
7.11,0.0,9.9,16.87,0.0,10.93,1.172,6.71,5.81,1.0,7.6,67.86,4.0,25.6
14.72,0.0,10.68,40.68,0.0,15.3,1.834,17.4,4.82,1.0,9.49,57.81,4.0,30.4
37.47,0.0,7.27,18.32,1.0,10.74,1.725,5.89,4.79,1.0,6.71,57.56,2.0,37.6
32.54,0.0,9.84,12.78,1.0,16.0,1.216,4.65,5.21,0.0,3.35,74.27,2.0,33.2
47.55,0.0,6.19,14.33,1.0,15.72,0.565,5.28,4.72,0.0,5.3,93.08,2.0,38.5
49.33,3.49,6.18,35.7,0.0,19.83,0.611,9.94,4.21,0.0,5.8,91.02,4.0,35.0
62.48,3.88,6.92,29.22,0.0,11.92,1.036,4.62,3.76,1.0,9.71,55.41,4.0,39.8
17.24,0.0,10.18,15.91,0.0,7.2,0.839,7.53,7.01,0.0,2.61,81.36,8.0,15.9
27.73,0.0,7.07,20.66,1.0,18.11,0.61,12.78,2.98,0.0,3.16,52.73,2.0,36.3
14.15,0.0,9.97,17.49,0.0,13.04,2.911,6.28,2.25,1.0,10.0,55.53,8.0,36.9
16.97,0.0,8.95,19.44,0.0,12.27,2.32,12.37,4.99,1.0,7.44,65.85,4.0,23.0
26.21,0.0,8.89,19.42,0.0,14.86,0.678,4.99,6.14,1.0,7.83,75.49,4.0,22.3
19.59,0.0,6.7,22.22,0.0,10.1,0.404,8.03,10.0,0.0,6.47,77.5,8.0,11.5
14.06,6.5,7.03,17.87,0.0,49.97,1.233,3.8,3.53,0.0,5.25,66.19,2.0,28.4
34.1,0.0,7.79,9.41,1.0,19.67,0.941,7.28,5.24,0.0,7.5,41.04,2.0,38.8
13.21,0.0,9.28,7.54,1.0,14.33,1.37,13.54,4.13,1.0,8.33,78.29,2.0,40.5
38.2,0.0,6.24,13.78,0.0,15.23,1.94,11.02,5.1,0.0,5.12,100.0,8.0,27.1
37.87,0.0,5.28,14.15,0.0,74.06,0.461,7.62,6.34,1.0,4.01,69.71,8.0,28.4
28.82,0.0,3.87,10.0,0.0,12.77,0.857,7.16,3.25,1.0,9.05,89.16,4.0,29.9
22.46,8.22,8.83,18.1,0.0,12.77,0.57,12.05,5.79,0.0,8.76,79.94,2.0,22.6
9.1,0.0,10.62,20.19,1.0,47.68,2.701,6.94,3.2,0.0,7.43,78.26,2.0,50.9
25.3,3.19,3.84,9.57,0.0,13.18,0.535,9.88,4.04,0.0,0.58,42.91,4.0,27.2
33.92,0.0,8.13,10.18,0.0,0.93,0.711,6.98,6.81,1.0,9.49,55.22,4.0,25.5
13.67,0.0,7.84,4.01,0.0,88.06,1.361,11.56,4.19,0.0,6.35,78.3,4.0,32.6
36.32,0.0,10.34,18.95,0.0,5.51,0.727,5.63,4.69,1.0,7.12,84.78,4.0,22.5
50.43,0.0,7.07,13.44,0.0,88.0,0.636,5.2,7.34,0.0,2.37,51.45,2.0,36.1
42.75,0.0,8.81,20.11,0.0,3.26,2.573,5.22,9.72,1.0,5.47,73.23,4.0,19.6
72.05,2.58,5.68,29.66,1.0,17.86,1.371,5.2,7.31,1.0,7.92,84.65,2.0,43.9
23.35,0.0,6.93,14.84,1.0,3.38,0.534,6.11,5.06,0.0,4.13,75.33,2.0,26.4
30.53,7.16,8.76,16.79,1.0,16.76,0.454,1.82,3.2,1.0,10.0,85.5,2.0,34.2
23.66,0.0,10.45,13.9,0.0,18.33,0.509,2.38,3.34,0.0,1.8,61.37,4.0,14.5
10.81,8.7,5.09,21.86,0.0,19.84,0.475,1.24,2.69,1.0,6.81,86.94,8.0,26.1
19.72,2.48,10.4,35.7,1.0,0.32,0.797,1.08,3.49,0.0,1.76,75.91,2.0,29.0
3.84,0.0,6.94,13.41,0.0,58.85,1.647,5.94,4.92,1.0,3.72,44.22,2.0,29.2
44.63,0.0,3.0,15.58,0.0,15.82,1.377,0.6,4.51,1.0,4.73,100.0,8.0,41.5
18.61,0.0,8.46,7.85,0.0,18.42,1.756,4.76,4.44,0.0,1.44,100.0,2.0,20.2
30.53,0.0,9.1,8.39,0.0,10.3,1.367,13.1,5.99,0.0,6.11,59.13,2.0,21.3
13.39,7.71,4.64,29.46,0.0,52.28,1.008,3.24,6.1,1.0,5.4,55.47,4.0,39.2
29.9,6.23,3.39,14.57,0.0,6.97,0.474,3.89,5.46,1.0,4.81,81.97,2.0,36.9
26.94,0.0,7.2,14.33,0.0,8.09,1.587,8.5,6.21,0.0,4.93,66.46,8.0,26.2
33.94,0.0,6.72,18.15,1.0,15.85,0.591,12.08,10.0,1.0,6.58,67.26,2.0,32.6
12.34,0.0,11.37,8.72,0.0,18.68,1.512,6.9,6.25,0.0,4.5,92.09,4.0,15.1
8.42,0.0,8.77,13.49,1.0,9.18,2.358,8.03,7.34,1.0,6.17,46.94,2.0,41.5
40.26,0.0,9.26,22.01,0.0,19.17,1.37,6.73,6.77,1.0,7.74,56.7,4.0,25.3
10.85,1.78,8.88,16.14,1.0,13.85,0.551,7.0,4.35,1.0,8.23,68.03,2.0,30.1
30.75,0.0,11.21,9.38,0.0,9.25,0.392,16.94,7.06,0.0,2.93,71.11,2.0,15.0
44.61,0.0,5.88,11.52,0.0,91.35,1.513,7.94,3.51,0.0,8.29,82.23,2.0,47.4
48.83,8.78,6.31,30.72,0.0,10.11,1.147,5.77,2.43,1.0,6.97,86.29,8.0,38.6
30.11,0.0,4.96,14.89,0.0,7.84,0.384,6.01,7.43,0.0,7.32,56.94,2.0,27.7
16.23,0.0,10.14,7.87,0.0,2.58,0.965,28.54,9.67,0.0,5.2,76.94,2.0,11.1
47.79,5.99,9.08,32.31,0.0,17.67,3.484,13.41,4.07,1.0,8.65,56.7,4.0,44.7
20.6,0.0,10.13,9.15,1.0,2.4,0.511,4.71,6.35,1.0,3.99,95.23,2.0,21.8
1.25,0.0,8.71,3.85,0.0,18.72,0.28,0.93,1.97,0.0,2.69,60.55,2.0,8.2
33.46,5.56,4.35,13.57,1.0,0.5,1.773,14.98,9.13,1.0,5.78,52.32,2.0,47.9
34.37,0.0,7.8,12.93,1.0,3.79,1.071,8.23,4.41,0.0,2.43,89.26,2.0,34.1
51.83,0.0,6.09,17.42,1.0,14.27,0.692,25.68,5.56,1.0,7.54,35.23,2.0,48.9
12.02,0.0,10.48,19.96,0.0,61.99,0.424,25.05,4.45,1.0,6.95,50.92,8.0,35.6
26.24,0.0,7.36,34.1,0.0,1.2,1.126,5.73,4.8,0.0,2.98,23.6,4.0,19.5
58.7,0.0,6.34,17.6,1.0,5.03,0.686,3.42,1.65,0.0,6.07,78.86,2.0,46.8
8.3,0.0,13.1,11.38,0.0,87.37,1.083,5.61,3.12,0.0,6.57,40.08,8.0,32.8
20.05,0.0,10.0,9.57,0.0,18.86,0.233,4.9,5.04,0.0,0.81,90.62,8.0,17.3
36.06,24.86,7.09,30.98,0.0,8.52,1.199,6.35,5.84,1.0,9.05,89.05,2.0,37.1
45.72,0.0,6.6,23.82,0.0,11.61,1.194,15.45,7.31,1.0,8.26,58.4,4.0,26.9
28.0,0.0,5.96,16.52,1.0,7.1,3.239,4.76,5.15,1.0,3.83,100.0,2.0,45.5
29.97,2.44,9.94,23.79,1.0,2.52,0.652,5.57,10.0,1.0,5.6,53.15,2.0,30.6
27.96,0.0,11.15,27.18,0.0,0.44,0.964,3.06,6.2,1.0,5.66,50.29,2.0,17.8
57.82,6.22,3.95,30.41,1.0,13.45,0.661,8.15,6.51,0.0,3.06,58.54,2.0,52.1
29.72,0.0,7.07,22.91,0.0,17.55,1.174,1.36,3.45,1.0,10.0,70.02,4.0,28.5
46.45,0.0,5.78,41.84,0.0,3.29,2.864,1.69,7.39,1.0,5.97,82.51,8.0,35.1
27.65,0.0,9.13,20.08,0.0,11.64,0.706,5.72,6.22,0.0,0.38,96.66,8.0,12.9
32.75,0.0,10.19,11.87,1.0,50.35,0.731,6.93,8.35,0.0,4.37,65.05,2.0,42.0
9.36,6.9,7.15,12.85,1.0,5.98,0.82,9.42,2.01,0.0,3.78,63.15,2.0,29.7
29.07,0.0,7.39,13.22,0.0,7.67,0.619,7.89,0.0,0.0,3.56,67.86,4.0,20.3
48.87,0.0,3.62,40.91,1.0,18.48,1.473,12.36,5.2,1.0,7.64,80.4,2.0,59.5
16.31,0.0,6.6,10.57,0.0,6.72,0.386,16.95,6.59,0.0,2.16,51.48,2.0,14.6
58.01,0.0,10.27,21.22,1.0,5.37,1.489,10.29,7.1,0.0,8.55,57.22,2.0,44.2
33.75,6.93,8.14,16.31,0.0,1.77,0.38,14.14,5.17,0.0,4.74,100.0,4.0,17.2
19.7,0.0,10.26,16.47,1.0,53.9,0.602,23.28,9.81,0.0,5.06,47.31,2.0,39.6
35.28,0.0,7.21,13.64,0.0,9.36,0.66,22.66,4.72,0.0,4.11,46.68,4.0,26.3
30.67,0.0,7.53,12.49,0.0,19.18,0.881,2.61,4.93,1.0,10.0,97.35,8.0,17.1
7.61,0.0,8.81,5.52,0.0,81.26,0.925,11.86,5.78,1.0,5.62,65.24,4.0,27.0
9.06,0.0,9.38,28.74,0.0,4.74,1.26,4.19,2.81,1.0,7.42,91.75,2.0,16.5
16.46,0.0,11.26,18.88,0.0,1.16,0.66,8.87,5.04,1.0,7.71,41.96,8.0,29.0
6.77,0.0,7.45,9.04,0.0,17.99,0.562,2.44,3.69,0.0,4.55,93.96,2.0,8.5
24.46,0.0,7.99,11.65,1.0,14.93,1.234,1.99,6.35,1.0,8.13,4.33,2.0,30.8
22.71,0.0,6.73,9.1,0.0,11.96,0.71,13.28,4.55,1.0,8.74,67.54,4.0,31.0
16.92,0.0,4.56,10.6,0.0,9.03,0.482,3.8,4.75,0.0,6.46,99.64,4.0,19.9
27.26,11.12,8.69,14.24,1.0,0.83,1.337,9.18,4.31,0.0,4.79,94.09,2.0,35.6
46.7,0.0,11.09,34.0,0.0,42.16,1.641,8.39,5.89,1.0,6.48,79.37,4.0,32.5
37.38,0.0,9.41,12.56,0.0,2.51,1.654,6.15,8.02,0.0,5.27,99.11,8.0,14.1
33.73,14.49,6.71,19.57,1.0,15.16,0.992,10.23,3.26,1.0,6.19,65.74,2.0,53.7
62.26,0.0,10.84,29.85,0.0,69.03,3.298,16.63,5.1,0.0,2.9,38.33,4.0,51.7
46.82,11.97,7.08,16.0,0.0,18.49,0.665,8.52,6.75,0.0,5.31,58.97,8.0,27.3
43.05,0.0,9.31,11.96,0.0,1.14,0.886,4.0,5.89,0.0,7.94,46.48,2.0,31.8
25.74,0.0,8.51,17.22,1.0,8.63,0.765,6.02,8.27,1.0,8.01,64.6,2.0,32.6
67.22,0.0,7.57,20.17,1.0,12.07,1.686,7.4,0.67,0.0,2.34,42.13,2.0,55.6
24.41,3.53,7.58,18.28,0.0,9.02,0.231,10.25,3.65,0.0,5.17,84.79,2.0,24.6
27.22,2.75,9.52,17.74,0.0,54.67,0.409,7.7,4.83,1.0,8.83,28.51,2.0,31.8
2.95,0.0,6.73,19.47,0.0,71.11,0.807,7.6,6.17,1.0,6.66,52.08,8.0,31.3
33.67,0.0,8.83,28.4,0.0,81.6,0.721,4.08,4.53,0.0,5.35,45.53,8.0,33.6
13.73,2.76,6.55,4.94,1.0,3.07,1.477,7.24,4.36,0.0,10.0,63.1,2.0,37.9
56.51,0.0,8.32,28.47,1.0,30.53,1.23,2.67,4.75,1.0,10.0,61.06,2.0,54.0
25.89,0.0,13.01,18.54,1.0,16.01,1.93,11.3,4.32,0.0,5.03,95.75,2.0,36.4
10.1,0.0,10.1,14.24,1.0,43.17,0.168,7.62,7.84,0.0,6.48,55.71,2.0,34.0
21.37,11.98,9.27,25.67,0.0,6.83,0.97,14.46,5.85,0.0,4.58,48.42,4.0,23.9
59.09,5.21,8.41,18.35,0.0,4.44,1.139,7.56,4.69,1.0,6.44,77.27,4.0,32.4
38.87,0.0,3.18,29.78,0.0,18.91,1.327,5.69,5.75,1.0,8.98,65.27,8.0,45.4
78.26,0.0,6.39,33.84,0.0,6.61,1.264,14.52,2.22,0.0,6.93,66.38,4.0,38.4
77.53,0.0,7.57,20.58,1.0,8.99,1.113,10.52,3.78,1.0,8.39,62.48,2.0,61.7
20.14,3.91,3.75,10.3,0.0,14.63,0.546,6.09,3.83,0.0,4.63,61.18,2.0,30.8
37.19,0.0,7.32,18.52,0.0,2.34,0.77,2.94,7.5,0.0,8.76,71.79,4.0,18.6
8.5,0.0,8.59,3.55,0.0,5.71,0.945,1.98,8.08,0.0,2.88,54.96,2.0,8.1
2.13,4.82,5.89,14.51,1.0,17.99,0.194,3.79,3.58,0.0,5.28,80.6,2.0,23.4
32.04,0.0,6.1,28.22,0.0,12.91,0.353,0.99,7.72,0.0,2.78,100.0,8.0,21.3
19.61,0.0,11.09,22.29,0.0,76.17,0.3,2.94,5.54,0.0,5.31,47.06,4.0,29.2
10.64,0.0,1.52,18.6,0.0,12.85,1.27,16.24,4.53,1.0,6.5,65.86,4.0,35.7
15.71,0.0,9.07,9.75,0.0,12.72,0.657,8.43,3.88,0.0,7.82,77.22,8.0,10.8
16.29,0.0,10.84,17.98,0.0,4.92,0.542,9.31,4.48,0.0,5.08,84.25,4.0,7.9
28.59,0.0,8.09,36.46,0.0,18.98,0.74,3.9,4.68,0.0,7.88,76.99,2.0,14.3
31.82,1.1,10.73,10.4,1.0,6.79,1.58,4.99,1.94,1.0,6.72,51.78,2.0,44.0
27.38,0.0,7.32,8.89,1.0,8.3,0.307,8.65,4.54,1.0,6.12,38.53,2.0,35.3
42.17,19.61,3.57,14.02,0.0,2.23,1.668,4.19,5.09,0.0,5.94,43.01,2.0,43.5
47.48,0.72,7.47,20.54,0.0,10.49,0.645,3.85,2.25,1.0,2.89,81.92,2.0,17.3
22.97,0.0,7.55,8.95,0.0,12.1,1.648,3.27,3.97,0.0,4.41,60.65,8.0,24.6
14.21,0.0,7.43,19.94,0.0,10.06,0.679,12.35,4.08,0.0,5.53,55.78,4.0,21.5
13.47,0.0,8.24,12.83,0.0,15.16,0.521,10.91,2.06,1.0,10.0,60.71,2.0,26.7
10.37,0.0,7.1,11.78,0.0,6.74,1.96,20.23,7.66,1.0,8.38,79.15,2.0,23.6
7.58,35.21,2.87,3.49,0.0,11.92,0.337,1.97,5.04,0.0,1.49,97.15,8.0,28.4
11.01,0.0,6.43,14.59,0.0,4.32,0.706,3.92,1.33,1.0,5.74,56.67,4.0,16.9
8.89,9.43,8.43,14.6,0.0,18.83,0.531,10.42,6.37,0.0,2.85,48.12,2.0,14.4
44.91,3.21,5.27,36.91,0.0,14.88,1.091,24.92,3.45,1.0,8.02,73.95,2.0,40.0
24.92,0.0,5.77,47.95,1.0,4.96,0.476,13.02,2.07,1.0,8.96,74.86,2.0,47.4
26.4,9.77,4.89,8.87,1.0,1.82,1.28,1.52,4.79,0.0,2.11,60.28,2.0,37.8
12.86,0.0,9.03,8.75,0.0,3.34,0.853,20.33,8.83,1.0,9.41,82.06,4.0,14.4
9.65,0.0,10.05,3.18,1.0,44.33,0.815,13.86,4.95,0.0,3.3,69.53,2.0,28.7
5.05,0.0,10.35,4.29,1.0,14.15,0.893,6.67,3.64,0.0,3.34,49.94,2.0,24.3
19.14,7.09,8.0,31.89,0.0,0.18,0.414,10.92,6.53,0.0,2.68,65.81,2.0,6.0
30.76,0.85,9.05,24.86,0.0,5.24,1.353,17.52,3.27,0.0,3.95,88.87,4.0,27.1
43.0,0.0,7.6,17.98,0.0,8.04,0.496,5.36,8.39,1.0,7.14,86.01,8.0,19.1
11.2,0.0,9.58,11.27,0.0,0.57,0.741,11.42,4.81,0.0,7.48,73.52,2.0,14.9
19.67,0.0,9.29,7.13,0.0,45.51,1.881,23.25,6.47,0.0,2.52,100.0,4.0,24.5
21.19,0.0,6.91,7.91,0.0,15.63,0.392,1.57,1.25,1.0,4.61,73.88,2.0,21.3
38.03,0.0,5.71,18.42,0.0,17.04,0.747,11.38,5.07,0.0,6.89,73.36,2.0,29.5
40.09,0.0,10.5,15.03,0.0,9.31,0.866,15.59,2.59,0.0,4.43,63.28,4.0,24.8
64.7,4.59,6.76,32.67,0.0,14.27,1.148,5.02,4.34,0.0,3.73,64.58,2.0,25.2
21.16,0.0,10.47,24.52,1.0,16.89,0.66,4.12,5.46,1.0,7.54,76.52,2.0,38.6
9.3,0.0,6.52,7.82,0.0,30.51,1.431,1.94,4.0,1.0,5.98,54.56,2.0,21.1
25.86,0.0,7.41,18.86,1.0,16.19,0.319,3.56,3.94,0.0,3.21,80.49,2.0,27.4
32.11,14.45,3.55,16.51,0.0,16.76,1.818,1.35,8.07,0.0,4.47,80.73,4.0,33.7
64.29,14.65,6.61,24.28,0.0,14.31,1.0,2.24,0.02,1.0,7.55,42.49,2.0,36.1
18.74,0.0,7.21,31.0,0.0,8.18,1.314,4.41,6.67,1.0,4.84,41.79,4.0,27.0
65.61,0.0,5.92,18.18,0.0,10.31,1.638,2.04,4.49,0.0,7.08,63.29,2.0,34.0
18.92,4.88,11.76,30.42,0.0,48.54,0.653,6.33,3.52,0.0,4.74,94.61,8.0,27.2
31.84,0.0,9.38,25.67,0.0,15.02,0.645,6.14,3.79,0.0,4.69,100.0,4.0,12.3
40.14,0.0,9.1,21.88,0.0,14.37,2.608,1.49,5.56,1.0,5.88,0.0,2.0,42.4
20.58,0.0,5.98,21.3,0.0,12.46,2.411,6.76,6.1,1.0,6.22,72.53,8.0,33.4
3.96,0.0,5.17,8.95,0.0,16.64,0.755,9.14,3.62,1.0,5.52,68.09,2.0,24.6
9.84,0.0,10.65,7.72,0.0,1.65,1.427,14.19,5.59,0.0,7.3,52.67,2.0,21.4
4.54,1.75,4.17,4.66,0.0,10.54,0.631,16.84,0.55,1.0,7.34,65.53,2.0,26.0
8.68,0.0,7.74,20.31,1.0,6.35,0.554,13.84,7.11,1.0,6.06,56.81,2.0,35.6
7.12,0.0,7.16,12.65,1.0,11.9,0.852,8.85,5.47,0.0,3.33,64.25,2.0,29.0
33.29,31.09,2.42,41.06,0.0,0.21,0.564,7.8,1.79,0.0,4.08,66.83,8.0,43.9
46.06,0.0,6.74,28.35,0.0,57.65,0.634,10.3,7.46,0.0,5.99,41.41,4.0,39.7
8.15,0.0,6.64,13.88,0.0,1.73,1.861,4.92,5.78,0.0,4.3,65.54,2.0,11.4
39.34,0.0,5.39,14.84,0.0,8.74,1.374,6.44,5.45,1.0,6.56,63.89,2.0,32.4
12.18,0.0,9.14,8.98,0.0,18.46,0.448,3.55,3.14,0.0,5.25,79.58,2.0,15.9
10.38,0.0,10.82,7.16,1.0,0.91,1.205,4.54,2.38,1.0,5.89,72.93,2.0,29.8
37.63,7.18,3.54,22.78,0.0,18.4,0.81,4.93,3.21,0.0,4.8,81.41,8.0,37.1
56.4,0.0,7.7,21.83,0.0,13.98,1.026,1.16,10.0,1.0,10.0,76.41,8.0,37.2
12.11,3.95,9.25,8.23,0.0,68.15,0.492,11.99,4.15,1.0,7.37,84.83,4.0,25.5
25.6,0.0,9.13,41.19,0.0,15.85,1.033,6.07,6.47,0.0,5.45,62.16,8.0,25.5
7.09,0.0,8.34,23.74,0.0,63.27,1.021,10.84,6.65,0.0,3.53,77.06,4.0,19.0
37.76,0.0,6.67,18.6,0.0,8.93,0.886,4.04,8.91,1.0,8.74,70.02,2.0,25.5
11.66,5.04,9.56,12.84,1.0,0.33,0.357,5.09,6.07,0.0,3.71,97.42,2.0,24.5
29.89,0.0,8.77,24.99,0.0,33.63,1.384,6.2,2.27,0.0,5.66,71.54,4.0,32.9
32.77,2.84,3.89,16.15,0.0,10.06,0.654,6.3,4.13,0.0,0.86,51.27,8.0,23.5
7.78,0.0,8.32,4.24,0.0,56.62,1.059,3.96,3.32,1.0,5.41,60.43,2.0,26.4
30.86,0.0,8.19,12.46,0.0,11.39,2.059,10.6,5.96,0.0,3.89,64.73,4.0,31.1
49.95,0.0,5.31,22.55,1.0,5.69,2.212,1.17,6.77,0.0,4.39,54.37,2.0,50.8
11.87,4.16,7.66,12.93,0.0,4.54,0.318,10.34,6.79,0.0,4.17,60.91,2.0,13.2
20.3,0.0,9.37,6.36,1.0,89.59,0.614,1.0,6.87,1.0,9.43,18.92,2.0,40.2
5.23,0.0,7.19,18.67,1.0,10.13,0.928,12.28,9.86,0.0,4.87,57.87,2.0,26.7
19.49,0.0,8.88,6.29,0.0,2.01,1.543,0.83,7.24,0.0,7.44,81.99,2.0,11.2
31.77,0.0,6.07,11.06,0.0,15.98,0.453,4.49,1.8,0.0,3.13,77.62,4.0,27.3
20.11,18.14,3.75,23.6,0.0,7.92,1.668,7.32,3.53,0.0,2.57,59.57,4.0,30.5
31.24,0.0,9.29,15.28,0.0,5.56,1.209,5.12,8.81,1.0,9.99,75.75,8.0,32.2
30.84,12.38,8.94,31.28,0.0,2.28,1.844,0.71,4.05,0.0,3.19,92.48,2.0,21.1
19.75,0.0,6.04,25.44,0.0,3.88,0.376,1.84,5.58,0.0,5.57,56.17,8.0,21.8
33.76,0.0,9.89,10.7,1.0,1.04,0.793,8.96,3.79,0.0,4.48,43.61,2.0,37.4
25.36,0.0,8.21,12.67,1.0,14.42,1.148,5.12,2.13,0.0,2.73,68.2,2.0,31.8
32.35,0.0,3.6,13.15,0.0,59.34,0.913,10.0,5.73,1.0,4.26,85.18,4.0,35.0
16.19,0.0,5.64,9.68,0.0,19.26,0.714,7.38,7.65,0.0,3.35,90.08,8.0,12.5
38.34,0.0,9.07,14.44,0.0,3.33,0.435,4.46,4.55,1.0,6.13,66.0,4.0,24.6
47.05,0.0,4.34,14.72,1.0,6.13,0.924,2.98,0.17,0.0,5.82,82.48,2.0,48.6
16.78,8.21,6.27,26.07,0.0,12.79,0.363,16.8,4.62,1.0,7.14,67.73,8.0,26.3
4.59,0.0,8.7,4.44,0.0,11.11,2.687,7.29,4.47,0.0,4.32,100.0,4.0,22.7
15.95,0.0,9.42,11.17,1.0,76.18,1.103,5.66,4.98,1.0,9.07,68.45,2.0,45.0
20.53,27.33,5.47,8.17,1.0,1.86,4.09,18.44,3.76,1.0,9.65,41.83,2.0,61.0
29.55,0.0,11.25,17.81,0.0,0.41,0.694,12.43,1.59,0.0,5.31,62.93,2.0,25.4
16.6,0.0,6.87,11.08,1.0,14.44,0.774,20.06,3.24,0.0,4.04,69.2,2.0,37.9
52.67,0.0,7.62,18.49,0.0,14.15,2.257,11.7,2.89,1.0,6.97,50.4,2.0,42.9
52.7,3.38,7.92,34.92,1.0,0.57,1.033,10.47,6.76,1.0,7.51,74.29,2.0,42.3
35.51,0.0,9.36,16.78,0.0,16.62,2.272,8.02,5.07,0.0,2.09,58.38,8.0,29.4
44.16,6.7,8.97,19.65,0.0,15.33,2.714,9.17,6.64,0.0,4.86,79.52,4.0,32.3
35.84,8.65,6.02,10.24,1.0,68.35,1.063,1.61,4.25,0.0,5.07,41.52,2.0,47.7
18.42,0.0,9.75,14.54,0.0,69.32,1.878,2.3,3.76,1.0,5.0,54.85,8.0,38.1
16.57,0.0,6.65,20.76,1.0,5.26,1.441,1.81,4.2,0.0,3.89,90.99,2.0,33.6
26.39,0.0,8.05,10.58,0.0,16.68,0.328,7.71,3.21,1.0,5.5,69.25,4.0,19.5
14.31,0.0,9.57,10.49,0.0,42.68,2.109,7.74,6.27,1.0,9.42,67.74,4.0,27.5
30.73,0.0,10.03,32.89,0.0,16.61,1.395,8.95,0.98,1.0,4.55,50.5,4.0,25.8
26.98,0.0,9.33,11.96,1.0,13.16,0.99,10.23,4.33,0.0,5.76,62.44,2.0,39.5
13.95,9.84,7.58,18.08,0.0,3.71,0.812,10.81,4.16,0.0,8.25,59.83,4.0,16.7
8.81,0.0,8.58,9.55,0.0,17.31,2.63,8.31,4.39,1.0,6.81,64.95,8.0,32.9
25.33,0.0,9.34,28.41,0.0,16.59,0.917,8.91,5.92,1.0,9.78,100.0,4.0,12.8
14.78,8.06,11.97,15.31,0.0,12.71,1.16,4.45,1.15,0.0,5.2,80.73,4.0,19.7
12.1,4.38,9.82,7.51,0.0,9.98,1.57,1.81,5.88,0.0,5.97,73.79,2.0,19.1
29.3,2.07,8.64,9.44,0.0,12.58,1.509,4.67,5.37,0.0,2.24,60.72,4.0,25.8
18.77,0.0,5.7,34.08,0.0,13.4,0.804,16.79,5.95,0.0,7.57,58.37,2.0,25.2
36.61,0.0,6.21,22.57,0.0,91.66,3.012,2.16,6.07,0.0,4.4,58.52,4.0,50.8
8.52,0.0,8.1,13.5,0.0,8.02,0.312,4.24,4.48,0.0,4.86,79.31,4.0,6.5
28.17,0.0,9.97,13.05,0.0,18.72,1.444,11.12,5.32,1.0,6.29,69.22,8.0,24.6
15.5,0.0,6.66,5.5,0.0,15.46,0.647,1.74,8.0,1.0,5.48,55.77,2.0,18.5
11.12,0.0,9.95,14.92,1.0,1.54,1.004,13.34,1.15,0.0,6.63,72.47,2.0,32.2
15.85,0.0,8.76,15.65,1.0,17.15,0.983,0.52,8.2,0.0,4.25,80.57,2.0,24.6
12.69,0.0,9.33,17.66,0.0,1.25,0.633,5.17,9.87,0.0,3.41,91.98,4.0,6.0
15.88,7.66,7.17,27.65,0.0,13.69,1.789,9.03,6.93,1.0,5.52,87.81,2.0,23.4
59.25,13.44,4.42,25.58,0.0,6.74,1.961,14.84,4.53,1.0,5.1,61.75,4.0,45.5
9.8,0.0,6.76,3.81,0.0,81.06,0.433,5.13,5.03,0.0,8.0,10.33,8.0,39.9
26.48,0.0,9.43,21.98,1.0,51.49,3.042,11.47,7.28,0.0,5.26,40.63,2.0,57.9
39.28,13.17,6.09,39.97,0.0,1.58,0.967,7.53,6.74,0.0,3.4,47.55,2.0,33.8
35.99,2.94,5.41,17.3,1.0,87.24,1.288,10.34,5.84,1.0,5.36,60.22,2.0,58.2
7.0,0.0,9.24,9.68,0.0,19.13,0.265,7.41,2.78,1.0,9.07,48.63,2.0,19.7
23.43,0.0,15.14,13.11,0.0,3.41,0.987,8.02,8.26,0.0,5.54,56.65,2.0,12.1
7.58,0.0,8.37,11.4,1.0,19.19,1.463,14.75,6.46,0.0,2.01,60.38,2.0,40.0
72.43,0.0,10.14,30.2,1.0,19.15,0.908,5.66,6.02,1.0,1.02,100.0,2.0,36.2
39.27,0.0,2.65,24.18,0.0,73.02,1.113,8.99,7.36,0.0,5.28,87.13,4.0,47.7
19.13,0.0,7.89,9.91,1.0,0.27,1.095,1.36,4.79,1.0,9.74,63.17,2.0,32.8
25.78,0.0,10.14,11.89,1.0,9.38,1.222,9.41,5.86,0.0,3.44,100.0,2.0,35.6
6.62,7.52,7.93,1.79,0.0,6.75,0.121,1.76,3.89,0.0,6.22,71.28,4.0,10.0
51.29,5.03,5.57,14.18,1.0,9.64,0.832,2.17,4.57,0.0,8.56,55.3,2.0,49.1
18.57,0.0,8.39,11.2,0.0,10.3,1.093,11.27,6.35,1.0,4.38,76.44,8.0,26.0
20.71,0.0,10.35,17.45,1.0,31.0,1.346,9.72,5.21,0.0,3.06,48.25,2.0,44.7
9.3,0.0,13.01,8.47,0.0,12.63,0.75,2.64,5.4,0.0,4.3,32.79,2.0,16.4
58.55,11.86,7.95,31.11,0.0,10.21,2.421,3.37,4.56,0.0,5.76,31.06,2.0,40.5
37.69,0.0,6.86,14.16,0.0,10.04,1.282,2.54,1.01,0.0,5.68,88.66,4.0,27.7
39.49,0.0,7.35,14.9,1.0,18.79,1.084,17.16,7.86,1.0,6.75,64.42,2.0,47.6
19.67,6.22,7.21,25.54,0.0,5.93,0.836,12.7,3.22,1.0,10.0,49.45,2.0,31.1
23.49,0.0,6.56,17.8,0.0,3.81,1.018,2.58,6.97,0.0,6.64,75.92,8.0,21.9
36.13,0.0,7.61,27.5,0.0,88.8,0.557,7.64,5.06,0.0,4.32,29.85,4.0,42.9
41.83,8.76,6.15,22.86,0.0,15.75,1.125,4.89,6.0,1.0,6.62,47.95,4.0,28.0
16.18,0.0,6.11,13.97,0.0,5.96,0.643,2.82,4.56,0.0,4.26,77.04,2.0,18.0
37.58,0.0,9.55,21.5,0.0,13.02,1.157,4.42,4.19,0.0,7.5,100.0,4.0,18.2
31.19,0.0,8.91,10.48,0.0,7.59,0.779,6.49,2.88,0.0,1.97,44.66,8.0,30.8
28.82,0.0,6.85,7.84,0.0,7.97,0.893,1.74,7.89,0.0,4.53,48.78,8.0,25.0
61.25,3.75,7.01,17.69,1.0,14.87,1.255,3.76,6.68,0.0,1.23,64.26,2.0,34.9
8.53,0.0,6.81,3.44,0.0,3.73,0.468,14.66,6.06,0.0,5.61,80.79,8.0,11.5
12.65,0.0,7.52,14.87,1.0,77.25,0.982,12.71,6.71,0.0,6.02,64.05,2.0,38.6
28.59,14.72,7.75,28.09,1.0,11.41,1.304,7.93,5.97,0.0,2.14,59.9,2.0,43.1
22.72,0.0,9.26,8.26,1.0,16.12,1.346,6.35,2.53,0.0,1.8,64.73,2.0,38.8
54.95,0.0,6.33,24.84,0.0,18.27,2.262,4.53,6.35,1.0,7.05,71.13,2.0,26.5
43.92,0.0,8.31,38.04,1.0,2.86,0.961,10.61,4.11,0.0,5.7,100.0,2.0,33.3
24.64,0.0,8.11,23.82,1.0,5.14,1.361,2.06,6.17,1.0,4.1,85.1,2.0,30.5
29.89,5.02,5.51,20.25,0.0,2.84,1.68,6.5,3.63,0.0,4.46,54.56,8.0,34.7
22.37,0.0,7.99,14.73,1.0,19.97,0.526,0.6,0.46,0.0,6.32,39.6,2.0,35.7
12.89,0.0,9.48,15.16,0.0,12.17,1.026,4.0,4.02,1.0,7.96,79.72,2.0,18.6
19.2,0.0,9.04,15.09,0.0,39.57,1.779,7.61,3.98,1.0,6.17,41.15,4.0,28.1
30.58,0.0,4.7,15.53,0.0,19.27,1.115,19.82,8.12,0.0,3.61,74.5,8.0,24.9
21.52,0.0,8.69,8.55,0.0,18.09,1.889,8.22,6.69,0.0,0.04,80.58,4.0,16.6
25.99,0.0,8.27,11.47,1.0,5.33,1.264,10.13,10.0,0.0,3.47,87.8,2.0,28.1
55.17,13.47,1.93,25.02,0.0,10.13,2.195,15.91,5.23,0.0,5.65,48.68,2.0,52.0
4.05,0.0,7.26,20.65,0.0,64.1,1.71,5.3,4.8,1.0,6.91,74.9,4.0,25.1
1.54,0.0,9.94,3.07,0.0,8.61,1.626,2.37,4.73,0.0,6.5,88.34,2.0,10.5
35.02,0.0,10.72,45.87,1.0,8.52,1.211,3.8,5.06,0.0,8.76,64.22,2.0,41.2
42.74,0.0,4.44,11.87,0.0,18.28,1.507,8.97,5.31,1.0,7.0,50.99,2.0,43.3
11.31,0.0,10.62,18.54,0.0,13.9,1.018,4.47,3.6,0.0,0.89,67.59,8.0,14.9
21.25,8.75,3.55,19.21,0.0,14.83,0.478,11.21,4.61,0.0,3.99,69.42,2.0,31.7
24.45,0.0,11.06,16.65,0.0,14.8,0.521,7.84,3.77,0.0,7.31,84.69,4.0,13.2
19.79,0.0,7.93,10.62,1.0,10.93,1.491,2.73,5.1,0.0,7.43,69.49,2.0,40.4
12.26,19.48,4.87,22.97,0.0,6.91,3.305,4.99,8.84,0.0,1.69,74.43,4.0,30.0
21.01,5.9,8.37,10.48,0.0,16.77,0.632,14.23,7.7,0.0,3.27,79.65,4.0,9.9
18.38,0.0,6.52,11.82,0.0,6.94,0.974,6.7,10.0,0.0,4.58,65.81,4.0,15.8
55.51,0.0,8.37,27.59,0.0,10.42,1.32,14.95,5.43,0.0,6.82,70.45,4.0,22.6
29.95,0.0,7.85,37.09,0.0,65.22,0.793,2.32,7.98,0.0,3.21,44.24,8.0,31.0
27.84,0.0,0.54,7.72,1.0,56.87,1.208,42.99,4.54,1.0,8.17,61.62,2.0,64.8
25.85,0.0,6.6,9.84,1.0,9.4,1.314,6.53,6.31,0.0,0.0,64.79,2.0,37.3
10.6,12.8,7.53,10.73,1.0,17.57,1.484,12.64,4.62,0.0,4.69,65.07,2.0,39.6
23.85,0.0,10.42,22.32,0.0,6.06,1.14,18.53,9.96,0.0,2.61,49.06,4.0,16.6
14.3,0.0,9.23,41.04,1.0,6.08,0.347,14.84,4.98,1.0,6.42,68.44,2.0,34.4
37.9,4.49,9.42,36.28,0.0,2.48,2.491,5.81,3.78,1.0,3.92,57.27,8.0,31.8
30.08,0.0,6.31,20.08,0.0,9.64,1.113,11.32,5.76,1.0,7.05,66.75,2.0,26.2
9.91,0.0,10.16,22.67,1.0,15.33,0.683,16.47,4.09,0.0,6.1,69.23,2.0,31.3
46.01,3.76,8.66,17.11,1.0,12.94,0.927,11.83,9.71,0.0,5.43,99.46,2.0,37.3
14.75,0.93,5.18,15.78,0.0,1.78,0.399,2.72,5.91,0.0,7.23,59.16,4.0,14.4
20.01,0.0,10.6,9.38,0.0,6.01,0.883,10.75,9.72,1.0,7.24,55.37,4.0,11.7
44.39,5.0,7.72,14.25,0.0,6.5,0.955,7.44,5.68,0.0,5.32,65.51,8.0,29.1
52.08,0.0,6.87,17.97,0.0,12.01,1.995,4.76,5.69,1.0,5.81,51.1,8.0,29.9
39.11,26.43,4.06,13.88,1.0,15.77,0.684,16.08,5.76,1.0,7.82,29.34,2.0,60.0
54.08,2.3,5.03,52.27,0.0,19.87,0.888,1.81,5.75,1.0,5.94,61.03,2.0,40.9
51.57,10.09,7.5,15.73,0.0,5.1,1.501,12.05,6.62,0.0,4.35,67.05,8.0,35.9
40.43,0.0,8.39,12.2,0.0,3.87,0.982,6.15,6.26,0.0,7.14,71.93,8.0,21.3
33.9,3.35,8.75,20.17,1.0,8.46,2.486,14.22,3.52,1.0,10.0,64.01,2.0,54.7
34.97,0.0,8.11,11.63,0.0,13.52,0.758,4.74,5.27,1.0,6.33,54.34,2.0,21.9
76.94,0.0,7.1,39.5,0.0,14.37,1.844,11.63,4.57,1.0,7.79,73.42,2.0,33.9
28.05,4.68,7.0,10.67,0.0,16.6,1.547,3.51,4.1,1.0,5.48,59.25,4.0,37.1
10.83,0.0,10.83,11.43,0.0,62.04,0.317,7.31,1.71,1.0,5.7,50.66,4.0,24.6
10.63,7.41,9.0,4.7,0.0,16.82,0.838,6.69,2.2,0.0,0.07,78.25,4.0,17.9
34.48,0.0,8.31,14.36,0.0,13.4,0.533,10.82,4.39,0.0,6.13,65.68,4.0,21.6
40.52,2.29,7.24,16.23,0.0,0.38,0.88,7.02,4.47,0.0,4.09,93.52,2.0,12.7
4.09,0.0,5.34,11.15,0.0,49.34,0.135,6.83,8.28,0.0,8.33,43.69,4.0,26.3
32.97,0.0,4.04,19.39,1.0,5.06,0.721,3.86,3.88,1.0,5.53,100.0,2.0,37.9
25.27,0.0,7.51,8.25,1.0,1.51,1.15,14.95,1.84,0.0,4.97,78.29,2.0,39.8
47.79,0.0,10.1,18.42,0.0,8.86,0.793,15.01,2.33,0.0,6.47,49.65,8.0,26.1
44.9,14.92,4.45,22.93,0.0,10.69,1.28,19.01,4.89,1.0,10.0,64.14,4.0,40.0
21.37,2.98,6.67,8.72,0.0,9.35,2.891,7.05,6.86,0.0,3.27,57.95,4.0,31.4
12.58,5.06,6.07,15.75,0.0,15.36,1.337,3.17,7.26,0.0,4.05,77.74,4.0,24.6
22.65,0.0,5.74,8.99,0.0,2.34,1.768,4.52,4.72,1.0,7.32,58.97,2.0,29.7
26.54,3.99,5.9,12.31,0.0,16.24,0.396,13.46,9.43,0.0,4.36,52.08,2.0,14.3
34.96,0.0,8.51,9.74,0.0,9.7,0.465,12.41,3.96,0.0,6.39,77.13,2.0,22.7
23.56,0.0,7.31,16.65,1.0,1.54,0.653,0.98,2.45,0.0,5.33,66.25,2.0,30.0
7.42,6.33,6.94,18.62,0.0,19.5,0.271,1.05,4.17,1.0,9.51,27.57,8.0,22.1
33.64,9.24,5.63,22.17,1.0,30.83,0.345,2.0,2.53,0.0,4.49,85.96,2.0,46.3
33.42,0.0,8.47,25.57,0.0,6.36,0.773,4.61,4.2,0.0,6.71,65.91,4.0,18.4
47.24,0.0,8.36,17.04,0.0,10.1,1.306,4.74,4.51,1.0,6.94,65.53,8.0,34.5
25.62,0.0,4.49,14.42,0.0,4.87,0.616,7.07,8.63,1.0,8.14,86.93,8.0,24.9
43.65,11.22,4.82,23.81,0.0,10.15,0.935,3.99,2.84,1.0,7.46,78.32,4.0,35.9
34.69,0.0,7.78,14.84,0.0,4.98,0.933,4.76,9.54,0.0,4.87,100.0,4.0,17.9
13.98,0.0,9.46,5.79,0.0,38.01,0.555,7.43,5.83,0.0,3.53,52.35,2.0,14.7
8.11,12.06,7.56,12.7,0.0,5.46,0.351,8.12,9.32,0.0,6.7,83.4,8.0,18.3
18.1,4.48,9.57,5.53,1.0,8.96,1.063,5.17,7.0,1.0,4.91,56.9,2.0,27.3
8.86,0.0,5.91,19.87,0.0,1.35,0.614,2.16,3.85,1.0,8.28,77.01,4.0,19.4
25.92,4.0,8.57,17.65,0.0,10.69,0.538,14.09,4.35,0.0,6.23,87.91,8.0,27.9
29.92,0.0,12.2,18.35,1.0,4.4,2.446,4.21,4.74,1.0,10.0,60.38,2.0,48.5
20.65,0.0,8.48,9.96,0.0,3.38,0.922,15.04,4.28,1.0,8.7,100.0,4.0,18.9
65.26,0.0,7.22,34.25,1.0,6.99,0.716,16.34,8.58,0.0,1.26,79.91,2.0,48.4
9.29,0.0,9.76,31.45,0.0,14.56,0.611,10.82,4.26,0.0,3.09,61.77,2.0,14.1
27.43,0.0,7.09,31.72,1.0,7.12,1.46,14.96,0.93,0.0,4.96,18.38,2.0,49.9
34.61,0.0,6.07,43.79,0.0,73.59,0.823,7.69,4.52,0.0,4.18,60.25,4.0,36.6
9.52,0.0,8.83,4.96,1.0,44.31,0.601,7.32,4.53,1.0,7.71,90.43,2.0,33.9
52.04,1.65,3.93,19.28,0.0,18.88,1.135,10.79,4.5,1.0,4.49,73.94,8.0,43.9
69.06,0.0,7.72,37.35,0.0,4.42,0.841,7.21,5.19,0.0,1.42,81.58,4.0,26.8
39.94,0.0,8.93,13.31,0.0,18.61,0.43,3.82,5.62,1.0,5.1,64.72,4.0,17.6
6.78,0.0,5.59,3.92,1.0,17.27,1.658,7.96,8.39,0.0,9.29,66.12,2.0,29.5
36.6,0.0,8.23,61.95,0.0,0.57,1.204,5.97,6.23,0.0,7.17,69.32,4.0,29.9
25.16,3.35,7.41,11.02,0.0,19.43,0.974,16.68,0.35,0.0,3.88,59.76,4.0,31.7
28.79,0.0,11.09,24.05,1.0,19.15,0.908,4.56,2.56,1.0,7.35,65.91,2.0,41.8
70.79,6.21,8.75,43.04,0.0,14.84,1.294,0.37,4.26,1.0,5.02,66.18,4.0,37.6
22.6,0.0,10.01,10.4,0.0,12.07,2.637,15.66,6.53,0.0,6.69,77.8,4.0,27.1
43.44,0.0,10.12,14.7,0.0,65.93,0.741,1.57,5.77,1.0,4.89,58.52,8.0,27.5
7.01,0.0,8.06,4.58,0.0,3.91,1.605,1.84,2.71,0.0,4.22,87.73,2.0,14.8
37.23,0.0,8.4,25.25,0.0,15.5,1.887,4.84,6.43,0.0,3.47,100.0,2.0,21.5
6.19,0.0,8.31,6.43,0.0,59.16,1.057,2.45,6.34,0.0,4.52,53.94,4.0,26.2
21.07,0.0,6.37,12.83,0.0,10.0,1.728,5.23,7.41,0.0,5.58,99.47,2.0,18.7
43.77,6.52,7.07,30.49,1.0,5.96,1.198,5.02,3.95,0.0,4.96,81.03,2.0,45.2
43.77,0.0,7.52,14.89,0.0,30.9,0.856,18.91,6.59,1.0,8.98,55.88,4.0,31.8
15.56,0.0,8.13,30.86,0.0,19.44,1.082,5.64,5.6,1.0,5.01,93.02,4.0,19.9
29.77,0.0,7.99,18.66,0.0,14.85,3.82,20.1,1.65,0.0,0.02,79.37,4.0,33.2
35.72,0.0,8.05,10.63,1.0,10.94,1.196,1.01,6.86,0.0,5.34,81.97,2.0,24.8
44.42,7.13,8.59,12.57,1.0,2.2,1.364,12.06,5.16,1.0,10.0,28.21,2.0,46.9
28.49,2.6,6.66,14.36,0.0,81.09,0.373,4.72,6.41,1.0,4.96,69.78,2.0,33.6
43.92,0.0,5.12,15.93,0.0,5.29,0.612,12.74,0.16,1.0,8.16,68.26,4.0,34.5
51.35,11.18,7.47,29.78,0.0,19.78,0.909,14.2,4.68,1.0,6.09,74.57,2.0,31.5
24.08,0.0,9.99,25.97,0.0,10.34,0.911,9.47,3.64,0.0,3.42,79.73,8.0,18.5
22.43,0.0,9.04,31.6,0.0,88.47,1.351,18.41,7.62,0.0,3.42,64.48,4.0,28.6
18.2,42.19,1.11,22.34,0.0,19.99,2.299,6.59,4.43,0.0,6.0,75.75,4.0,51.2
22.02,0.0,8.08,18.85,0.0,15.06,0.462,15.23,5.12,1.0,9.7,82.18,2.0,17.6
28.89,0.0,8.7,14.78,1.0,9.73,0.932,5.1,4.56,0.0,7.38,63.88,2.0,24.8
18.61,0.0,6.3,9.72,1.0,11.02,1.424,5.06,5.86,0.0,6.72,99.94,2.0,33.2
47.49,9.13,4.95,13.99,0.0,18.1,0.768,14.22,5.08,1.0,7.28,78.58,4.0,39.3
52.17,2.3,6.87,21.69,1.0,45.83,2.718,2.53,3.82,1.0,5.71,49.94,2.0,72.4
34.25,0.0,10.34,34.43,0.0,71.77,1.053,8.35,6.11,0.0,6.87,65.64,2.0,38.0
38.82,0.0,8.29,21.17,1.0,76.15,0.832,9.2,4.99,1.0,9.67,39.98,2.0,54.7
3.87,0.0,7.74,41.89,0.0,15.63,0.662,14.26,4.06,1.0,6.15,82.18,4.0,19.4
29.73,0.0,7.7,22.9,0.0,3.19,0.386,4.6,4.14,1.0,6.11,51.29,4.0,22.7
16.46,12.72,5.65,15.83,0.0,7.95,2.001,12.67,6.85,1.0,7.85,65.93,4.0,32.7
18.97,21.96,4.97,46.09,0.0,0.43,1.002,3.44,5.78,0.0,2.97,64.67,4.0,26.6
40.58,1.45,9.05,15.16,0.0,46.69,2.365,10.83,2.07,0.0,5.45,77.91,4.0,32.5
40.28,0.0,3.95,16.56,0.0,0.97,1.062,5.52,4.93,0.0,1.02,56.07,8.0,20.6
27.07,0.0,10.82,16.13,0.0,10.92,2.915,4.7,8.4,0.0,7.06,76.17,4.0,27.3
39.96,0.0,12.18,27.02,0.0,19.88,0.565,12.18,3.58,0.0,5.25,42.83,4.0,28.6
12.81,0.0,8.94,20.61,1.0,6.53,1.469,1.8,5.32,1.0,7.26,88.18,2.0,36.3
53.04,0.0,5.75,17.74,0.0,16.06,0.947,8.46,2.93,0.0,6.06,67.04,8.0,22.3
48.35,0.0,9.88,22.43,0.0,2.7,2.457,1.52,4.15,0.0,4.04,62.56,4.0,35.2
21.01,0.0,8.93,32.22,0.0,2.59,0.72,5.75,4.6,0.0,6.92,73.45,4.0,18.4
19.51,9.69,6.2,6.86,1.0,4.53,0.308,2.93,6.35,0.0,7.37,74.55,2.0,36.7
36.46,0.0,5.96,35.71,0.0,16.04,0.567,5.39,3.85,1.0,8.5,58.85,4.0,37.1
25.7,2.44,7.12,19.54,0.0,12.53,0.529,4.0,8.38,1.0,8.52,97.06,4.0,9.8
11.62,14.26,7.33,15.86,0.0,16.63,0.438,4.83,2.81,0.0,10.0,86.74,8.0,25.3
31.31,0.0,9.85,13.08,0.0,5.71,0.505,2.79,5.68,0.0,8.21,39.99,2.0,19.8
11.8,0.0,9.21,19.18,1.0,3.5,1.588,4.05,1.73,0.0,3.76,70.99,2.0,36.2
27.26,0.0,9.09,11.59,1.0,10.95,1.042,1.24,5.31,1.0,7.36,63.93,2.0,41.6
7.18,0.0,8.12,5.02,0.0,0.7,0.472,13.63,7.39,0.0,1.62,20.97,2.0,12.6
42.6,11.63,8.04,15.01,1.0,9.75,1.024,2.81,5.75,0.0,6.45,71.36,2.0,36.0
26.17,0.0,7.8,16.14,0.0,75.11,2.113,10.43,2.35,0.0,3.9,44.85,2.0,38.0
32.7,0.0,11.7,18.37,1.0,65.0,1.234,7.87,9.47,0.0,8.55,57.89,2.0,37.5
52.78,1.01,5.99,26.66,0.0,10.12,0.929,0.3,7.31,1.0,8.38,75.23,8.0,41.8
48.62,0.0,8.33,20.8,0.0,3.92,0.788,13.32,4.28,1.0,6.05,82.77,8.0,35.1
41.11,8.81,11.09,17.9,1.0,9.19,2.337,9.11,5.25,1.0,7.18,74.39,2.0,46.9
4.66,0.0,10.94,1.78,0.0,55.65,0.458,8.72,5.38,0.0,7.18,21.76,4.0,25.1
38.22,0.0,9.34,41.13,0.0,10.03,0.395,5.86,1.6,0.0,6.6,68.32,2.0,17.9
57.09,16.32,5.92,21.44,0.0,90.89,1.814,13.41,3.4,1.0,5.61,24.62,2.0,56.6
13.94,0.0,8.69,19.16,0.0,19.33,0.327,5.32,5.05,0.0,7.82,47.99,4.0,21.3
13.69,11.56,6.85,40.01,0.0,3.87,1.485,9.35,8.06,0.0,0.56,100.0,4.0,21.0
27.54,0.0,7.05,26.45,0.0,7.96,0.587,9.07,3.55,0.0,2.23,71.25,2.0,20.7
19.39,0.0,5.35,5.43,1.0,2.97,0.462,7.51,4.56,0.0,4.88,37.86,2.0,35.8
49.74,0.0,8.79,15.12,1.0,85.61,0.509,2.1,7.04,0.0,4.19,54.06,2.0,49.9
11.6,1.92,5.35,4.56,0.0,1.92,0.977,8.51,6.48,0.0,5.57,100.0,4.0,9.8
14.48,0.0,9.87,19.15,0.0,63.28,1.345,4.61,8.11,1.0,4.72,51.03,8.0,31.1
4.83,11.48,6.86,6.85,1.0,7.74,0.804,16.73,6.63,0.0,3.54,32.71,2.0,43.2
21.67,0.0,6.44,6.85,0.0,14.54,0.743,13.04,5.73,0.0,2.84,66.33,4.0,24.0
12.19,0.0,11.45,4.73,0.0,18.28,0.504,12.73,5.75,0.0,2.69,100.0,4.0,6.3
18.38,0.0,5.55,8.77,0.0,10.12,0.646,5.33,7.88,0.0,4.81,60.27,8.0,22.1
26.84,0.0,6.86,8.36,0.0,15.52,0.947,22.95,3.63,1.0,4.88,95.75,8.0,25.9
62.69,0.0,5.97,24.53,0.0,8.12,1.094,6.3,6.68,0.0,4.04,68.39,4.0,38.3
32.52,0.0,8.32,17.69,0.0,5.65,0.778,4.01,4.05,1.0,6.11,100.0,8.0,20.1
26.96,1.5,6.79,14.42,1.0,3.0,0.713,6.56,4.21,0.0,4.96,66.58,2.0,43.3
28.81,0.0,11.06,8.72,0.0,7.88,1.844,4.17,5.51,1.0,3.59,64.87,4.0,32.6
50.21,4.07,4.26,25.71,0.0,94.43,0.595,8.74,5.02,1.0,7.81,66.97,8.0,52.9
44.32,1.71,15.64,15.03,1.0,12.01,4.635,6.12,3.76,1.0,5.71,56.83,2.0,57.4
53.68,9.38,4.15,27.19,0.0,4.36,3.025,23.7,4.66,1.0,7.6,62.32,8.0,62.2
17.88,0.0,14.38,20.13,1.0,14.96,0.436,1.53,4.9,0.0,4.67,65.34,2.0,26.5
20.83,6.16,9.82,13.99,0.0,1.77,1.992,13.15,6.22,0.0,5.63,100.0,8.0,25.1
14.6,0.0,8.34,17.72,0.0,80.35,0.723,21.44,5.04,1.0,7.4,24.3,2.0,35.7
21.56,0.0,8.81,9.88,0.0,3.63,0.309,3.63,5.92,0.0,8.49,48.12,2.0,12.5
19.54,0.0,7.66,8.05,1.0,13.67,1.162,10.74,5.81,0.0,2.03,96.8,2.0,33.4
39.46,4.98,7.91,14.13,0.0,5.68,0.815,4.86,3.75,1.0,10.0,70.5,2.0,25.1
7.28,0.0,7.31,15.48,1.0,17.64,1.78,5.23,5.8,0.0,7.44,47.93,2.0,45.2
28.07,0.0,9.58,8.95,0.0,1.84,3.014,19.67,0.0,0.0,4.3,79.22,2.0,29.9
26.56,0.0,8.57,14.2,1.0,38.25,0.442,4.54,9.25,0.0,6.54,62.72,2.0,28.6
39.8,0.0,5.83,14.69,0.0,0.1,0.695,9.46,9.78,1.0,10.0,59.35,8.0,26.9
18.7,0.0,9.29,14.09,1.0,18.35,0.79,18.24,5.45,0.0,2.19,50.3,2.0,37.3
45.02,0.0,8.38,13.22,0.0,82.64,1.276,16.14,3.64,0.0,5.45,50.85,2.0,39.4
22.92,0.0,6.88,14.12,0.0,61.18,0.503,9.58,6.09,0.0,2.74,20.68,4.0,33.0
20.18,10.32,6.3,9.14,1.0,5.37,1.275,9.73,2.11,0.0,5.74,59.07,2.0,39.6
18.72,0.0,9.46,17.83,0.0,6.73,0.358,1.68,8.01,0.0,6.96,87.34,4.0,12.9
10.88,0.0,10.86,38.53,0.0,14.71,0.33,11.37,6.17,0.0,3.02,79.45,8.0,12.7
8.82,0.0,8.45,13.29,1.0,17.96,1.517,4.23,3.47,1.0,5.89,59.39,2.0,31.8
44.48,0.0,9.53,20.11,1.0,7.72,1.001,6.21,2.39,0.0,4.93,43.97,2.0,32.8
12.27,0.0,10.97,10.08,1.0,5.03,0.705,14.51,0.0,1.0,8.87,59.35,2.0,42.4
7.31,0.0,11.39,4.83,0.0,5.6,1.347,6.26,6.0,0.0,7.18,26.82,4.0,22.1
30.52,5.0,8.32,9.39,0.0,17.52,0.282,15.63,1.54,0.0,6.06,74.55,4.0,25.9
36.06,3.52,5.69,11.96,0.0,75.9,0.851,2.93,4.12,0.0,5.65,67.65,4.0,35.1
13.91,2.3,10.09,42.24,0.0,8.69,0.882,1.92,4.92,0.0,5.1,82.16,4.0,19.4
26.43,15.27,5.99,8.21,0.0,4.41,0.426,2.5,3.83,1.0,8.92,87.49,2.0,20.5
26.71,0.0,9.21,15.79,1.0,7.14,0.876,0.51,1.98,0.0,6.14,82.94,2.0,28.6
54.13,13.9,4.45,23.28,0.0,5.22,2.021,1.15,5.1,1.0,8.58,70.04,8.0,45.3
38.91,4.49,6.09,26.49,0.0,15.62,1.415,14.6,5.05,0.0,5.5,58.14,2.0,35.1
57.47,0.0,5.87,15.71,1.0,5.05,0.512,26.13,4.71,0.0,2.53,58.77,2.0,41.5
17.56,0.0,5.82,24.4,0.0,83.61,0.794,13.73,8.77,1.0,4.76,55.61,4.0,39.2
46.93,0.0,6.42,36.96,0.0,14.13,1.994,5.34,9.17,0.0,6.05,80.87,4.0,24.8
27.18,0.0,6.12,18.5,0.0,86.01,1.422,4.4,4.62,0.0,4.12,39.33,4.0,40.2
32.49,12.31,7.68,9.42,0.0,45.27,0.824,14.39,6.87,1.0,8.01,67.23,2.0,34.5
4.59,0.0,6.73,7.23,0.0,3.44,1.412,1.64,3.98,1.0,6.17,50.63,8.0,17.2
33.03,0.0,6.67,21.34,0.0,73.05,1.779,4.72,1.72,1.0,5.5,66.75,4.0,40.7
12.28,17.01,6.6,9.19,0.0,56.94,0.524,24.45,5.85,1.0,8.47,48.2,4.0,40.2
8.84,0.0,12.36,9.54,0.0,7.68,1.379,3.78,1.93,0.0,2.41,100.0,2.0,14.2
9.21,0.0,7.34,19.5,1.0,8.01,0.497,6.17,7.4,1.0,8.2,62.44,2.0,31.6
9.79,0.0,5.94,26.73,0.0,18.3,0.447,2.75,4.88,0.0,4.3,70.56,4.0,15.1
34.73,0.0,5.33,16.66,0.0,36.22,1.157,7.2,4.32,1.0,5.53,41.03,4.0,34.6
47.62,0.0,5.85,33.66,1.0,3.4,0.644,8.49,2.8,1.0,6.23,78.18,2.0,48.1
48.29,1.62,6.04,12.7,0.0,87.22,0.968,7.49,4.97,0.0,5.31,74.92,2.0,46.9
17.28,13.31,11.49,19.01,1.0,17.0,0.514,15.9,4.14,0.0,8.55,51.78,2.0,36.3
18.48,8.31,9.38,40.87,1.0,9.6,0.737,2.6,1.48,0.0,6.0,66.43,2.0,36.0
10.39,0.0,8.06,30.32,1.0,15.67,2.305,8.14,4.49,1.0,9.23,50.01,2.0,38.8
35.86,0.0,11.63,20.9,0.0,11.45,3.28,4.97,4.97,0.0,6.46,64.32,4.0,34.4
25.98,1.14,6.86,15.21,0.0,4.2,0.474,8.01,6.04,1.0,7.43,85.41,8.0,21.8
52.31,0.0,6.61,18.3,0.0,72.31,2.89,1.37,3.84,1.0,6.21,95.24,2.0,44.5
30.9,0.0,7.13,15.27,0.0,2.74,0.642,4.13,4.76,0.0,4.2,82.73,2.0,19.0
12.38,0.0,10.68,20.51,0.0,84.74,1.448,1.53,3.99,0.0,4.64,34.71,8.0,28.9
64.26,0.0,6.93,27.26,1.0,12.23,0.858,7.98,3.96,0.0,7.12,66.17,2.0,45.2
50.79,0.0,10.49,26.32,1.0,93.21,1.326,4.2,4.16,1.0,10.0,69.29,2.0,60.7
46.82,32.68,4.54,31.47,0.0,13.7,1.516,1.14,5.56,1.0,6.36,12.39,4.0,58.9
55.8,0.0,9.14,14.8,0.0,18.07,1.884,6.7,4.23,0.0,5.46,72.89,4.0,32.1
10.08,0.0,5.07,11.88,0.0,18.13,2.621,7.08,4.28,0.0,5.19,70.35,4.0,33.3
41.97,0.0,4.34,22.81,1.0,18.92,0.837,4.67,7.17,1.0,6.21,100.0,2.0,34.3
54.52,0.0,4.03,14.82,0.0,78.46,1.637,10.33,5.08,0.0,1.08,58.2,4.0,41.1
24.39,0.0,7.41,13.6,0.0,67.36,1.09,11.93,6.91,1.0,9.86,86.58,4.0,37.9
40.67,5.82,4.0,14.25,1.0,61.59,2.604,16.84,1.55,1.0,8.11,56.18,2.0,72.4
16.79,21.73,8.37,10.77,1.0,1.58,1.795,17.72,8.58,0.0,6.21,81.77,2.0,39.7
44.31,0.0,7.27,21.69,0.0,18.72,1.839,12.85,5.67,0.0,4.0,73.23,4.0,29.4
56.96,19.61,6.17,15.02,0.0,5.71,0.544,11.74,4.7,0.0,6.34,99.81,4.0,32.4
22.35,0.0,7.34,8.32,0.0,3.08,3.092,10.42,6.64,0.0,2.74,94.77,4.0,19.4
13.14,4.47,9.72,22.44,1.0,1.7,0.291,3.03,8.52,1.0,7.65,61.61,2.0,31.8
9.69,0.0,4.78,12.59,0.0,85.39,0.303,10.91,3.11,0.0,2.99,29.5,4.0,37.0
37.2,17.02,5.74,12.58,0.0,17.08,0.813,2.22,0.65,1.0,5.07,83.24,4.0,25.6
12.81,0.0,9.62,8.25,0.0,18.98,0.884,12.89,5.48,0.0,4.92,98.07,8.0,18.1
32.1,9.36,8.08,12.34,1.0,34.02,1.468,14.87,1.53,1.0,6.39,37.38,2.0,49.4
14.5,12.81,6.39,11.65,0.0,16.78,1.322,3.55,2.77,1.0,10.0,99.23,4.0,32.7
39.84,4.12,3.89,13.37,0.0,11.76,1.082,6.23,9.52,0.0,1.61,53.22,4.0,25.6
28.39,5.02,9.57,11.86,0.0,5.79,1.62,7.17,2.56,0.0,6.08,93.94,4.0,22.6
28.19,0.0,7.37,12.54,0.0,5.88,4.095,9.39,2.07,1.0,9.15,68.46,4.0,41.1
3.91,0.0,8.27,9.55,0.0,7.98,2.28,11.98,6.55,1.0,5.67,91.74,4.0,22.5
23.25,0.0,12.74,25.27,0.0,2.86,0.705,15.59,6.65,0.0,4.45,77.24,4.0,23.6
38.44,0.0,8.04,24.68,1.0,13.0,0.87,7.91,8.03,0.0,6.45,87.59,2.0,33.9
21.11,0.0,7.33,6.46,0.0,0.68,0.537,4.22,1.77,1.0,5.17,63.91,4.0,21.4
23.88,0.0,7.13,13.32,1.0,17.81,1.353,7.54,4.28,0.0,5.05,42.88,2.0,37.7
9.3,0.0,10.01,10.9,0.0,15.15,0.359,4.34,6.45,0.0,4.75,87.46,8.0,11.1
36.25,0.0,6.27,17.71,0.0,30.44,0.62,4.21,4.02,1.0,7.77,85.68,4.0,28.8
25.11,0.0,9.27,17.69,0.0,9.9,0.962,6.07,8.0,0.0,5.33,61.56,4.0,17.1
6.68,0.0,11.0,13.67,0.0,8.3,0.883,2.72,3.97,1.0,6.81,76.6,2.0,17.4
25.49,0.0,8.06,13.75,0.0,93.15,1.174,10.03,4.31,1.0,6.93,46.08,8.0,38.4
33.06,0.0,9.98,39.07,0.0,9.82,0.367,11.59,4.23,0.0,4.13,43.21,8.0,24.9
23.79,0.0,8.15,16.86,0.0,18.94,0.533,26.63,7.55,0.0,6.6,73.92,4.0,17.7
22.36,0.0,6.95,15.28,0.0,15.62,1.004,5.82,5.84,0.0,5.41,79.33,4.0,23.2
31.91,0.0,4.71,12.99,0.0,15.52,2.106,2.78,4.17,1.0,7.27,60.89,8.0,39.5
17.83,7.68,8.09,15.51,0.0,14.18,0.706,15.62,3.22,0.0,8.08,91.44,8.0,27.8
30.71,0.0,8.67,52.26,0.0,78.7,2.661,7.98,5.26,1.0,8.65,43.89,8.0,48.1
52.75,0.0,9.38,24.75,1.0,7.93,2.095,0.3,5.82,0.0,3.97,90.88,2.0,53.5
34.64,6.66,8.93,28.61,1.0,2.03,0.409,5.15,5.52,1.0,10.0,49.71,2.0,39.9
18.14,4.33,12.07,28.66,0.0,10.07,1.644,5.73,5.02,1.0,6.24,77.09,4.0,26.7
25.18,0.0,7.08,11.29,0.0,15.66,0.563,4.4,5.65,0.0,10.0,69.66,8.0,26.1
23.93,0.0,8.99,10.66,0.0,2.46,1.205,14.03,3.6,0.0,0.0,87.57,4.0,17.3
31.53,0.0,6.68,27.13,1.0,9.46,0.581,3.79,5.38,0.0,4.02,76.1,2.0,33.9
9.24,1.08,10.45,6.95,1.0,42.4,0.274,22.78,4.67,1.0,6.8,71.55,2.0,37.1
13.97,17.9,4.58,27.91,0.0,9.05,0.372,10.63,2.7,0.0,4.66,68.35,2.0,31.3
23.57,0.0,10.12,8.83,0.0,4.06,1.167,6.79,5.08,0.0,4.44,79.57,8.0,17.4
57.91,0.0,5.79,37.14,0.0,56.56,1.637,0.92,5.06,0.0,6.04,39.18,8.0,47.8
20.52,0.0,9.92,17.68,1.0,12.91,0.345,7.92,2.17,1.0,5.97,25.72,2.0,41.3
58.07,15.07,7.86,16.46,0.0,8.59,0.774,9.89,7.02,0.0,5.18,100.0,4.0,29.1
25.94,2.39,4.83,24.39,0.0,5.03,0.555,3.42,4.0,0.0,5.64,39.26,4.0,17.5
8.45,0.0,6.05,13.3,0.0,45.74,0.226,4.69,5.09,1.0,10.0,95.57,2.0,20.9
30.86,0.0,8.54,31.22,0.0,3.95,0.78,10.81,3.34,0.0,8.21,56.55,4.0,20.8
35.37,0.0,8.2,18.03,0.0,19.33,3.061,9.14,4.63,0.0,6.26,94.21,2.0,30.1
32.38,0.0,7.44,31.17,0.0,4.6,1.148,4.48,9.72,0.0,7.98,94.85,2.0,20.8
20.45,0.0,7.43,28.16,0.0,8.52,0.806,6.36,6.05,0.0,0.65,66.68,2.0,24.9
19.34,0.0,6.71,52.09,0.0,10.04,1.415,2.41,4.45,0.0,2.06,66.61,8.0,22.6
27.19,7.98,7.89,13.4,1.0,13.42,1.697,4.43,2.39,0.0,4.6,55.83,2.0,39.6
4.58,0.0,6.93,18.71,0.0,15.03,0.409,5.71,4.19,1.0,4.88,68.55,4.0,17.6
13.85,16.16,7.38,5.54,1.0,56.62,0.478,4.59,3.94,0.0,6.13,67.64,2.0,42.6
50.22,0.0,6.34,12.8,0.0,42.24,0.914,2.56,5.87,1.0,8.8,100.0,4.0,25.4
25.33,0.0,7.39,22.34,1.0,18.0,0.373,20.48,3.53,0.0,4.6,34.83,2.0,43.8
32.24,10.13,9.25,31.27,0.0,70.06,0.521,2.06,6.63,0.0,3.47,56.99,8.0,28.7
22.63,0.0,10.23,8.66,0.0,8.84,1.404,7.66,4.51,0.0,7.78,82.23,2.0,13.3
4.28,0.0,6.88,6.6,0.0,3.79,0.311,16.86,1.84,0.0,1.29,46.15,2.0,13.2
16.9,0.0,6.75,27.38,0.0,0.92,0.423,3.74,7.33,0.0,4.43,91.03,4.0,14.8
49.01,0.0,9.09,16.66,1.0,3.1,2.437,0.65,4.15,1.0,5.0,92.69,2.0,41.3
6.36,0.0,5.94,5.8,1.0,4.98,2.996,7.1,3.26,1.0,6.91,84.69,2.0,36.9
71.07,15.05,7.97,47.72,0.0,11.27,1.182,4.25,4.88,1.0,6.31,61.05,8.0,43.6
43.31,0.0,7.97,45.52,0.0,15.34,1.411,4.33,5.85,1.0,6.61,83.74,2.0,27.2
32.48,0.0,6.87,19.13,0.0,18.81,1.161,11.3,3.84,1.0,7.57,64.8,4.0,35.3
37.35,0.0,7.9,19.58,0.0,19.16,0.882,11.15,6.4,0.0,8.88,60.4,8.0,28.1
24.51,0.0,10.99,41.65,0.0,17.58,1.691,5.45,2.97,0.0,7.18,82.07,2.0,26.4
52.9,0.0,3.15,37.37,0.0,10.3,0.66,4.53,7.54,0.0,4.41,59.81,2.0,30.2
41.47,10.35,8.57,46.76,1.0,8.48,0.924,7.72,1.47,0.0,3.95,85.76,2.0,39.7
4.93,0.41,11.19,6.35,1.0,9.0,0.722,3.65,3.8,1.0,7.87,85.4,2.0,24.9
20.19,10.48,6.5,11.58,0.0,19.31,0.332,5.58,7.32,1.0,3.95,87.27,2.0,14.1
24.3,0.0,8.13,6.84,0.0,46.46,0.869,6.45,3.75,1.0,2.76,49.91,8.0,30.2
22.92,0.0,8.59,6.76,0.0,14.91,0.473,20.38,4.12,0.0,5.3,78.65,4.0,15.4
48.31,0.0,9.02,13.35,0.0,1.3,1.275,3.81,1.59,0.0,4.8,64.85,8.0,26.4
14.06,0.0,7.12,10.23,0.0,19.48,1.059,5.41,7.08,0.0,7.84,100.0,2.0,21.1
12.87,14.7,6.82,6.88,0.0,77.3,1.351,11.77,4.84,0.0,4.71,35.02,2.0,41.8
53.28,0.0,7.2,24.14,0.0,12.05,1.169,12.08,6.57,1.0,8.62,71.09,8.0,35.1
13.01,0.0,9.97,8.02,0.0,75.67,0.991,5.31,5.76,1.0,7.97,57.42,2.0,30.0
22.86,0.0,13.66,33.08,0.0,1.69,1.423,0.53,1.13,0.0,4.96,70.61,2.0,18.4
11.08,0.0,7.2,6.11,0.0,67.97,3.45,13.37,0.93,0.0,2.77,37.03,4.0,42.7
36.24,0.0,8.07,10.87,0.0,19.11,0.486,13.88,3.64,0.0,4.88,53.81,4.0,27.8
32.54,0.0,6.5,32.72,0.0,4.27,2.687,8.02,8.9,0.0,2.66,44.63,4.0,34.9
16.25,0.0,7.53,7.44,0.0,2.12,0.218,1.28,4.29,0.0,3.6,44.26,4.0,7.0
20.37,0.0,6.24,22.01,0.0,90.13,0.514,4.55,8.74,1.0,4.41,50.56,2.0,31.5
21.53,0.0,5.29,15.98,0.0,87.07,1.264,3.08,1.93,0.0,7.44,99.1,4.0,33.9
21.87,0.0,10.71,27.29,0.0,17.09,0.531,3.73,6.35,0.0,4.77,83.41,4.0,13.0
39.6,0.0,8.52,39.64,1.0,18.62,0.978,6.04,6.43,0.0,2.99,55.72,2.0,34.0
11.34,0.0,8.85,14.27,0.0,3.93,1.256,20.22,2.08,0.0,2.53,66.92,4.0,24.5
32.13,19.65,3.93,19.74,0.0,1.38,0.438,4.29,0.87,0.0,6.98,49.11,4.0,30.2
1.98,0.0,8.79,0.76,0.0,0.79,1.572,14.82,8.18,0.0,6.52,22.31,4.0,14.2
38.35,0.0,5.54,19.39,0.0,5.53,0.723,13.37,2.98,0.0,2.42,70.14,2.0,23.4
25.0,0.0,8.2,11.88,0.0,3.57,2.012,2.0,7.64,0.0,6.16,65.73,4.0,28.3
6.54,0.0,9.47,16.83,0.0,30.95,0.886,1.13,3.39,1.0,5.75,62.24,4.0,24.0
21.54,5.43,6.62,22.35,0.0,18.57,0.743,4.52,7.29,1.0,8.55,59.54,4.0,30.9
19.99,7.14,6.03,7.12,0.0,8.84,0.307,10.18,4.63,1.0,3.89,59.99,4.0,27.2
28.91,0.0,7.15,15.06,0.0,7.05,0.565,13.35,6.91,1.0,7.01,78.12,4.0,19.6
2.21,0.0,10.56,26.56,0.0,8.16,0.829,15.1,6.56,0.0,5.67,49.06,8.0,19.3
50.13,0.0,7.9,29.56,1.0,16.68,1.588,7.31,8.21,0.0,8.06,69.21,2.0,41.1
15.61,17.83,3.18,16.62,0.0,74.48,0.552,13.89,8.08,0.0,3.56,27.79,4.0,38.8
7.32,0.0,10.23,16.17,0.0,3.02,1.49,1.9,6.54,1.0,5.01,100.0,4.0,9.5
19.05,0.0,9.51,4.94,1.0,5.6,1.553,2.4,4.33,1.0,4.58,82.98,2.0,35.1
19.82,0.0,8.78,14.16,0.0,11.66,1.162,5.84,1.1,0.0,3.19,56.61,8.0,21.4
14.27,0.0,11.86,8.15,1.0,14.25,0.363,8.87,4.62,1.0,9.57,61.7,2.0,33.0
14.04,0.0,8.63,33.11,0.0,19.81,0.439,5.1,4.41,1.0,4.97,81.4,2.0,12.6
4.35,0.0,9.73,45.37,0.0,0.82,1.907,4.54,8.35,1.0,7.51,86.74,8.0,19.1
33.44,0.0,8.94,13.03,1.0,7.14,0.6,6.11,7.96,1.0,7.48,59.18,2.0,35.7
6.14,0.0,10.57,34.26,0.0,61.78,0.913,7.11,5.27,0.0,2.65,50.88,2.0,19.1
18.72,15.9,6.08,20.77,0.0,0.84,0.584,20.47,6.27,0.0,6.03,59.12,4.0,27.2
45.34,0.0,6.35,37.81,0.0,15.84,1.229,1.96,8.93,0.0,6.8,80.83,2.0,27.8
13.15,0.0,10.55,24.88,0.0,8.52,0.588,3.87,3.42,1.0,5.88,63.84,8.0,19.9
31.15,6.74,9.1,17.04,0.0,12.28,1.199,4.57,5.58,0.0,4.58,77.9,2.0,16.8
17.75,0.76,10.93,20.54,0.0,88.27,1.273,17.1,3.35,1.0,6.21,63.88,2.0,37.6
34.99,26.61,5.59,26.46,0.0,30.37,0.522,20.6,6.63,0.0,2.61,58.03,4.0,32.1
35.2,7.53,3.74,38.26,0.0,69.06,0.41,17.08,3.91,1.0,7.8,35.98,4.0,48.8
36.47,4.76,7.66,39.04,0.0,83.32,2.864,4.98,1.11,0.0,4.88,76.52,4.0,43.7
47.87,4.78,7.06,18.1,0.0,2.39,0.781,4.59,7.66,0.0,5.39,72.21,4.0,18.8
13.01,11.61,9.68,7.34,0.0,11.57,0.344,8.06,4.85,0.0,0.62,71.83,2.0,20.5
21.3,2.28,10.2,9.9,1.0,69.34,1.376,22.01,8.09,1.0,7.68,59.35,2.0,53.7
33.69,0.0,9.21,12.38,0.0,5.73,0.876,9.54,7.76,0.0,7.55,46.87,2.0,22.3
7.17,0.0,4.64,8.21,0.0,9.55,0.646,8.2,5.71,0.0,3.77,61.36,8.0,23.2
20.48,0.0,6.74,11.8,1.0,74.42,0.321,5.75,1.8,1.0,5.21,63.7,2.0,47.1
13.78,10.49,6.6,7.04,0.0,81.7,0.989,8.81,5.95,0.0,6.42,48.3,2.0,35.0
65.12,12.34,4.88,24.16,0.0,4.5,0.883,1.06,4.18,1.0,4.49,76.06,2.0,33.8
68.46,3.8,6.82,43.42,0.0,2.21,0.88,11.86,10.0,0.0,0.04,67.41,8.0,26.2
9.65,10.23,10.44,12.17,0.0,68.99,0.261,6.89,6.28,0.0,5.31,34.89,2.0,26.5
40.35,0.0,9.35,12.21,0.0,5.65,1.55,12.46,8.31,0.0,3.78,36.01,4.0,20.3
19.2,0.0,6.59,9.68,1.0,13.58,0.676,7.76,5.62,1.0,8.24,75.25,2.0,35.8
50.91,0.0,5.82,48.52,0.0,1.5,0.849,19.24,8.15,0.0,5.11,55.45,4.0,37.6
30.58,0.0,6.24,32.87,0.0,83.34,1.087,3.15,6.49,1.0,8.29,52.23,4.0,42.5
28.0,0.0,7.93,10.62,0.0,8.55,1.301,2.0,4.33,1.0,7.25,53.67,8.0,26.5
22.95,5.43,9.27,35.43,1.0,11.08,1.489,3.87,7.64,1.0,8.66,87.0,2.0,31.0
13.81,5.27,9.88,21.62,1.0,6.24,0.889,4.07,1.61,0.0,10.0,44.68,2.0,36.2
28.99,0.0,7.38,40.65,0.0,13.18,1.153,13.04,8.32,0.0,4.14,84.51,4.0,31.6
47.64,0.0,7.51,13.1,0.0,15.12,1.087,12.14,8.5,1.0,6.6,42.41,2.0,29.3
21.25,0.0,11.71,10.46,0.0,1.7,0.491,20.36,6.29,1.0,4.75,80.01,8.0,15.4
36.64,0.0,4.93,28.32,1.0,17.75,1.885,2.45,3.92,0.0,4.48,64.49,2.0,48.7
52.9,0.0,8.69,27.06,0.0,94.05,1.046,8.41,2.59,1.0,6.99,57.5,4.0,46.4
57.37,6.05,7.61,45.48,1.0,12.99,2.856,11.12,6.92,0.0,4.17,73.19,2.0,53.4
26.79,0.0,7.6,28.73,0.0,50.38,1.414,1.1,6.4,1.0,7.16,59.29,4.0,31.8
10.18,5.85,7.96,3.56,1.0,48.19,0.331,2.95,0.75,0.0,5.23,75.06,2.0,32.7
58.01,0.0,8.1,30.18,0.0,8.92,2.098,6.78,4.13,1.0,7.46,60.96,2.0,44.5
31.3,0.0,7.47,31.05,0.0,3.53,1.079,1.51,1.5,1.0,6.15,47.73,8.0,28.4
20.5,11.77,5.7,8.01,0.0,10.22,0.68,14.55,4.87,0.0,1.76,59.94,4.0,25.7
18.07,3.13,6.66,15.42,0.0,18.03,0.354,18.41,3.8,1.0,8.34,59.57,2.0,24.6
4.77,0.0,12.58,4.59,0.0,9.42,0.75,18.21,5.1,1.0,6.33,72.72,4.0,22.3
38.18,0.0,6.97,22.75,0.0,4.18,0.782,5.7,2.64,1.0,8.51,48.83,8.0,29.2
15.43,1.78,8.73,11.57,1.0,10.11,1.405,0.59,8.0,0.0,4.22,85.13,2.0,25.0
19.72,3.33,9.58,14.57,0.0,76.41,1.253,2.55,1.3,0.0,2.17,82.35,4.0,32.7
25.32,0.0,7.82,29.57,0.0,18.57,0.919,4.63,7.06,0.0,4.34,61.93,4.0,16.3
58.71,0.0,7.31,20.68,0.0,8.52,0.621,2.24,7.46,0.0,1.18,78.87,2.0,11.6
38.11,0.0,8.86,16.45,0.0,15.94,0.965,11.41,2.18,1.0,5.04,100.0,2.0,21.8
38.25,0.0,6.16,16.99,0.0,9.64,0.605,0.84,4.02,1.0,6.36,71.49,4.0,23.6
39.42,0.0,4.74,21.89,0.0,32.35,0.948,3.92,5.14,0.0,2.52,42.48,8.0,41.4
26.69,0.0,6.74,12.82,0.0,13.27,0.662,3.63,1.06,0.0,4.51,62.09,8.0,20.1
10.55,0.0,12.14,6.81,0.0,0.38,1.996,18.47,4.52,0.0,3.06,58.26,4.0,21.8
16.49,14.56,5.61,23.6,1.0,16.33,0.341,3.91,1.77,0.0,6.11,71.61,2.0,38.8
46.44,11.63,6.47,18.49,0.0,17.84,0.792,6.9,4.56,1.0,2.96,88.86,2.0,22.6
27.84,0.0,5.51,15.61,0.0,10.95,1.278,6.81,3.63,1.0,7.49,36.36,4.0,29.3
17.32,0.0,11.16,21.01,0.0,83.2,1.626,7.01,5.42,0.0,4.7,81.65,4.0,33.1
61.08,2.87,6.22,20.66,0.0,3.49,2.715,12.48,4.13,0.0,3.52,74.02,2.0,47.9
39.43,0.0,6.91,11.88,0.0,92.63,1.504,5.88,5.72,1.0,6.59,68.78,4.0,44.3
35.39,8.12,6.7,37.88,0.0,4.29,1.444,11.5,3.42,0.0,5.7,77.13,8.0,39.3
29.65,0.0,13.14,21.09,0.0,10.22,1.916,3.53,0.0,1.0,2.15,57.11,8.0,19.2
19.36,0.0,9.3,14.39,0.0,17.26,2.107,7.43,4.34,0.0,6.17,76.08,8.0,26.1
29.67,0.0,7.8,17.83,0.0,15.28,2.673,3.67,1.78,1.0,10.0,86.15,4.0,32.7
23.25,0.0,2.54,39.58,0.0,0.29,2.533,4.03,7.07,0.0,2.24,92.06,2.0,35.4
23.4,0.0,11.0,22.74,1.0,14.07,1.215,4.72,2.26,0.0,8.52,87.98,2.0,45.2
5.0,0.0,7.46,1.39,1.0,0.24,0.351,12.73,7.28,0.0,6.79,61.1,2.0,27.1
45.86,0.0,5.92,20.85,0.0,6.48,1.719,1.13,6.25,0.0,3.48,92.91,4.0,24.4
33.88,0.0,6.46,18.92,1.0,7.49,2.08,1.38,5.31,0.0,5.19,87.94,2.0,37.1
31.34,10.21,9.76,17.44,0.0,64.15,1.251,6.22,7.64,0.0,3.78,77.05,4.0,29.4
35.79,0.0,7.84,9.69,0.0,13.1,1.371,13.49,0.0,1.0,7.27,46.8,2.0,26.3
60.39,0.0,4.14,17.78,1.0,19.82,0.703,8.8,4.71,1.0,10.0,57.52,2.0,45.7
22.68,0.0,7.91,6.81,0.0,3.54,0.878,19.77,4.88,1.0,8.08,72.09,2.0,22.3
11.74,2.57,6.68,40.84,0.0,13.42,0.538,6.38,4.03,0.0,4.37,83.47,2.0,17.1
45.14,9.68,7.2,21.04,0.0,3.63,0.653,0.64,5.01,0.0,5.77,43.47,4.0,24.0
26.6,0.0,7.43,17.94,1.0,6.65,0.709,10.49,4.49,0.0,2.19,48.59,2.0,40.1
27.04,0.0,5.05,14.74,0.0,16.28,1.475,25.08,1.93,0.0,8.17,69.53,4.0,50.0
6.25,2.12,8.39,5.16,1.0,1.43,0.771,4.96,6.06,1.0,6.54,50.62,2.0,27.8
38.8,2.65,7.4,13.86,1.0,0.4,0.625,11.61,3.83,0.0,4.52,63.18,2.0,32.4
20.77,9.08,4.78,43.24,1.0,7.21,0.766,9.24,5.6,0.0,5.43,66.93,2.0,47.3
45.76,0.0,3.71,19.63,1.0,8.79,1.889,7.56,5.09,0.0,4.01,32.38,2.0,48.5
23.98,0.0,8.85,11.26,0.0,8.24,1.786,6.67,7.1,1.0,5.3,72.89,4.0,18.2
31.45,0.0,7.5,30.1,0.0,11.73,0.75,7.85,8.92,0.0,5.66,65.0,2.0,21.2
10.55,0.0,8.25,9.61,1.0,61.37,1.456,27.69,1.15,1.0,6.31,32.86,2.0,56.2
15.35,0.0,10.03,5.95,0.0,12.86,1.652,1.02,7.43,1.0,4.69,57.23,8.0,21.4
48.48,0.0,3.67,15.62,1.0,14.77,2.296,6.58,6.48,0.0,6.98,81.43,2.0,51.9
27.14,0.0,8.31,28.86,1.0,10.4,0.931,1.71,5.78,1.0,2.05,61.79,2.0,41.1
39.44,2.42,8.85,15.5,1.0,8.84,0.411,9.86,7.12,0.0,2.59,68.39,2.0,31.0
6.31,7.33,7.57,13.8,0.0,2.62,0.594,2.95,8.85,1.0,8.59,74.05,4.0,17.9
25.1,0.0,5.41,14.42,0.0,19.71,1.905,4.37,3.69,0.0,4.41,32.64,4.0,35.5
25.73,0.0,6.91,24.27,1.0,13.13,0.466,1.95,10.0,0.0,7.44,93.14,2.0,34.3
13.69,0.0,7.69,10.49,0.0,4.6,0.932,12.11,2.19,1.0,9.27,77.06,4.0,18.4
17.87,0.0,5.31,8.7,1.0,66.56,0.332,10.48,4.3,0.0,6.9,67.03,2.0,44.1
11.08,0.0,9.41,6.17,0.0,10.75,0.53,5.38,6.39,0.0,8.01,79.52,4.0,9.6
25.32,11.86,6.82,25.61,0.0,8.08,0.336,7.02,3.9,0.0,4.49,66.86,2.0,17.6
25.25,0.0,6.96,11.6,0.0,12.3,1.22,0.36,4.79,0.0,4.74,67.41,4.0,27.0
22.38,1.66,10.1,17.2,1.0,4.45,0.805,8.49,6.23,1.0,7.07,100.0,2.0,30.2
28.84,0.0,7.09,32.18,0.0,19.43,0.538,5.74,5.51,0.0,7.01,40.81,8.0,23.2
14.51,0.0,11.52,13.25,0.0,8.76,0.834,2.84,8.83,1.0,5.87,79.4,4.0,12.3
35.72,0.0,7.39,22.36,0.0,11.43,1.137,16.93,8.05,1.0,8.81,49.23,4.0,21.3
20.08,0.0,6.49,10.43,0.0,2.06,0.431,4.71,3.89,0.0,5.16,94.53,2.0,12.9
16.42,0.0,6.66,11.15,1.0,17.59,0.471,0.51,5.72,0.0,7.01,68.66,2.0,33.6
31.12,0.0,8.25,33.25,1.0,13.61,0.663,22.08,7.11,1.0,8.82,42.46,2.0,49.4
28.02,13.42,4.41,24.65,1.0,1.99,0.328,5.77,0.44,0.0,4.72,79.01,2.0,30.8
45.06,0.0,7.94,19.14,0.0,8.55,1.799,4.36,5.49,0.0,8.29,87.66,2.0,22.0
25.5,0.0,7.43,16.11,0.0,76.15,1.402,30.53,4.17,1.0,8.87,64.53,8.0,47.1
21.41,0.0,7.51,12.87,0.0,9.68,0.446,10.21,4.91,0.0,1.41,84.29,4.0,16.0
8.19,0.0,8.67,18.02,0.0,8.33,0.654,7.76,9.17,1.0,2.85,94.29,2.0,6.3
19.14,0.0,10.44,9.88,0.0,15.53,0.184,2.48,6.9,1.0,4.98,81.73,4.0,12.6
48.39,0.0,6.46,28.05,0.0,11.36,3.516,11.69,6.03,1.0,6.95,60.45,8.0,44.4
27.5,0.0,8.54,39.66,1.0,8.82,0.661,4.22,3.44,0.0,7.27,93.02,2.0,32.8
28.83,11.57,7.64,17.91,0.0,3.48,0.921,8.92,7.61,1.0,6.32,77.8,4.0,28.5
33.48,0.0,5.58,10.71,0.0,44.58,1.095,6.33,2.59,1.0,6.34,54.41,8.0,42.2
24.89,0.0,9.3,14.67,0.0,45.56,1.023,1.99,4.73,0.0,5.57,71.04,2.0,18.5
30.27,0.0,9.72,38.29,0.0,1.24,0.771,13.96,5.93,0.0,7.96,77.05,8.0,19.1
6.87,0.0,10.73,11.4,0.0,5.93,0.701,32.45,5.62,0.0,5.74,71.52,2.0,20.2
15.06,0.0,6.33,6.83,0.0,3.67,0.53,6.83,4.19,1.0,6.51,45.37,2.0,15.3
20.15,0.0,6.32,13.12,0.0,7.34,0.352,5.73,3.48,0.0,2.75,90.35,4.0,16.7
57.56,13.37,5.56,41.42,0.0,16.34,0.844,8.59,8.96,0.0,2.46,81.1,4.0,36.2
21.46,0.0,8.13,10.49,0.0,79.75,1.397,9.51,2.28,1.0,4.01,47.38,4.0,35.0
18.17,0.0,8.49,31.97,0.0,9.17,1.498,4.36,7.11,1.0,7.99,77.74,8.0,22.8
24.81,0.0,7.54,13.7,0.0,15.9,1.429,7.39,4.45,0.0,5.64,73.73,4.0,26.9
28.69,0.0,8.51,57.54,0.0,10.17,1.145,8.43,2.97,0.0,6.19,40.46,8.0,41.7
37.63,0.0,2.76,15.07,0.0,14.5,0.952,6.54,4.36,1.0,8.76,66.41,8.0,41.1
19.17,10.11,8.53,8.67,0.0,9.65,0.452,12.04,4.51,0.0,5.34,74.35,8.0,21.5
23.84,0.0,11.23,6.19,0.0,6.9,0.457,13.74,2.49,0.0,3.11,98.75,4.0,9.7
8.57,0.0,7.64,10.88,0.0,10.06,0.078,7.76,8.16,0.0,3.67,70.22,8.0,3.9
27.95,0.0,8.57,14.31,0.0,19.57,1.033,13.16,5.65,0.0,5.23,97.71,8.0,20.2
28.19,0.0,11.52,37.58,1.0,2.16,1.768,12.92,2.76,0.0,4.22,64.91,2.0,45.7
15.19,0.0,8.61,23.48,0.0,17.72,1.379,4.23,3.36,0.0,1.33,63.62,8.0,24.0
22.3,0.0,8.94,32.02,0.0,12.51,1.11,5.39,0.98,1.0,5.58,38.71,2.0,30.2
51.97,8.85,10.06,35.01,0.0,19.36,1.455,15.46,5.69,1.0,9.81,66.25,2.0,38.5
12.97,0.0,12.68,12.29,0.0,5.0,0.158,13.11,4.17,0.0,5.44,62.39,4.0,16.4
36.88,0.0,5.77,100.0,1.0,7.63,1.54,4.39,1.66,1.0,7.22,59.06,2.0,52.8
30.35,0.0,7.27,15.92,0.0,2.19,0.823,4.49,2.85,1.0,5.38,60.52,8.0,28.9
56.35,6.59,8.31,27.48,0.0,1.05,2.424,1.72,3.6,1.0,4.12,52.87,4.0,42.5
28.67,0.0,9.13,45.36,1.0,9.29,1.092,9.21,3.09,0.0,5.13,52.52,2.0,41.7
8.07,7.5,9.27,22.23,0.0,1.79,1.196,2.93,10.0,0.0,5.74,70.13,2.0,13.3
47.89,5.46,1.66,22.68,0.0,12.05,0.665,3.82,7.17,0.0,2.12,79.58,2.0,21.6
33.84,0.0,4.08,23.9,1.0,11.28,1.018,2.48,2.18,0.0,6.7,93.23,2.0,42.4
44.06,0.0,11.25,16.07,0.0,18.91,1.537,7.26,6.34,0.0,4.03,74.15,8.0,26.8
20.2,0.0,9.94,11.63,0.0,18.23,1.159,3.28,4.59,0.0,5.7,38.99,8.0,25.5
15.42,0.0,9.24,17.21,0.0,51.92,1.26,3.87,5.4,0.0,5.09,67.91,8.0,31.7
64.39,5.67,3.9,19.19,1.0,40.0,3.26,7.1,4.17,1.0,6.82,88.02,2.0,67.8
26.15,0.0,7.39,11.16,0.0,1.09,1.205,7.82,6.41,0.0,10.0,75.06,4.0,31.6
78.77,0.0,7.78,20.55,0.0,14.66,1.614,5.11,7.95,0.0,6.12,89.92,8.0,32.4
20.69,0.0,5.61,14.58,0.0,11.61,0.522,8.07,5.29,1.0,7.06,62.47,4.0,27.2
38.15,0.0,6.44,20.2,0.0,7.1,2.138,0.82,2.92,0.0,6.27,58.7,2.0,31.0
30.61,0.0,8.83,30.43,0.0,16.43,0.348,6.13,5.11,0.0,4.2,58.08,8.0,15.5
25.98,0.0,9.4,10.32,0.0,7.07,0.305,6.67,6.76,0.0,6.62,78.4,4.0,13.7
14.94,0.0,7.51,10.37,0.0,70.58,1.006,9.28,7.01,0.0,5.55,43.17,4.0,26.6
13.77,0.0,10.55,21.71,0.0,13.71,0.604,8.95,4.39,1.0,6.71,62.67,2.0,22.7
40.29,5.14,9.07,31.13,0.0,38.66,1.179,3.17,1.83,0.0,4.43,71.36,8.0,32.4
51.57,0.0,3.87,33.15,0.0,2.33,2.108,12.88,7.52,0.0,4.69,93.9,8.0,32.3
27.69,0.0,11.45,11.12,1.0,13.9,1.349,33.84,4.62,0.0,5.02,52.93,2.0,48.9
32.37,0.0,10.36,9.3,0.0,3.71,0.873,5.42,5.89,0.0,7.41,95.16,8.0,21.4
46.31,0.0,8.02,22.03,0.0,4.24,1.619,12.21,9.34,0.0,5.86,96.28,8.0,31.8
14.78,6.13,7.55,12.78,0.0,4.0,1.238,5.56,6.28,1.0,2.8,50.34,8.0,26.4
64.61,7.49,7.74,27.28,0.0,14.95,1.057,2.79,6.5,0.0,8.31,59.32,2.0,33.0
57.06,13.37,6.75,27.15,0.0,6.29,0.877,18.65,4.67,1.0,8.1,58.96,2.0,39.1
51.73,0.0,6.9,27.74,0.0,56.37,2.318,4.73,6.58,0.0,10.0,43.76,4.0,46.9
8.35,1.34,11.8,17.03,0.0,11.35,0.302,24.1,0.24,0.0,4.89,72.97,4.0,14.7
25.81,11.34,2.66,13.24,0.0,10.14,3.073,3.69,0.03,0.0,7.31,84.13,2.0,40.5
23.4,5.3,6.33,13.75,0.0,18.08,1.233,12.46,5.45,0.0,6.52,68.64,8.0,29.3
4.07,0.0,9.77,6.75,0.0,11.56,0.074,13.8,1.58,0.0,5.38,67.38,2.0,12.7
6.23,0.0,8.71,20.28,0.0,87.85,0.451,2.25,8.73,1.0,9.68,85.79,2.0,18.8
12.16,0.0,10.03,6.07,1.0,57.44,0.818,2.35,7.3,1.0,6.64,52.22,2.0,27.7
21.31,0.0,5.57,41.55,0.0,6.2,0.91,3.57,8.62,1.0,7.27,71.59,4.0,23.1
20.38,0.0,7.88,14.4,0.0,9.48,1.585,3.91,4.19,0.0,2.83,66.87,4.0,19.4
53.79,7.61,8.77,22.66,0.0,7.53,0.727,16.85,5.7,1.0,6.57,56.22,4.0,25.5
2.46,0.0,5.94,8.33,1.0,14.78,1.053,33.28,4.83,0.0,3.22,53.68,2.0,37.6
49.2,0.0,7.04,31.53,1.0,9.29,0.898,4.82,4.31,1.0,7.1,74.4,2.0,39.6
8.98,0.0,7.67,12.36,1.0,7.0,0.695,2.8,2.78,0.0,6.24,97.99,2.0,20.7
16.78,2.92,8.87,10.26,1.0,41.11,1.694,6.34,4.35,1.0,7.8,71.97,2.0,51.4
41.26,0.0,8.55,28.79,1.0,9.85,0.549,16.94,3.26,1.0,7.45,50.34,2.0,43.6
14.37,0.0,8.76,8.6,1.0,0.35,0.329,3.51,6.08,0.0,6.47,57.53,2.0,22.6
11.04,5.81,7.39,22.34,0.0,12.9,0.257,1.66,3.75,0.0,9.91,71.68,2.0,22.9
14.53,0.0,8.69,5.38,0.0,3.18,2.277,6.83,7.82,1.0,6.12,57.82,8.0,25.0
21.02,6.93,7.21,31.89,0.0,19.21,0.93,8.36,3.17,1.0,10.0,73.2,4.0,23.8
34.95,0.0,7.89,13.52,1.0,14.89,0.964,4.33,4.42,1.0,4.22,77.72,2.0,28.8
45.03,0.0,10.56,13.76,0.0,7.47,1.159,15.35,5.82,0.0,0.34,62.55,8.0,31.7
13.06,0.0,6.2,10.51,0.0,1.2,1.927,5.95,4.86,0.0,7.44,30.15,2.0,25.4
45.58,8.9,7.25,17.69,0.0,6.55,0.758,12.61,3.71,1.0,7.17,68.38,4.0,24.3
31.56,0.0,6.17,20.87,0.0,13.03,0.73,0.89,6.72,0.0,1.91,86.02,4.0,14.0
6.46,14.17,11.02,3.95,1.0,17.97,0.577,3.42,4.27,1.0,7.1,74.75,2.0,29.6
24.83,0.0,8.43,18.85,0.0,14.95,1.831,7.05,7.41,0.0,4.18,95.95,2.0,22.2
43.95,0.0,5.15,18.16,1.0,15.4,0.535,7.01,4.81,0.0,5.81,81.67,2.0,39.8
34.36,5.3,6.87,18.66,0.0,79.12,0.688,13.67,6.34,1.0,6.51,49.34,8.0,40.1
43.98,0.0,4.76,14.0,0.0,4.59,1.094,12.43,5.96,1.0,9.61,59.4,4.0,38.5
29.78,0.0,6.84,16.94,1.0,15.81,1.167,4.47,1.35,0.0,5.35,62.86,2.0,37.3
55.47,0.0,8.57,18.74,0.0,70.87,1.051,3.31,9.07,1.0,7.57,52.37,8.0,37.5
17.45,2.24,10.93,5.75,0.0,17.17,0.974,6.17,1.59,0.0,4.63,71.07,2.0,23.7
31.7,11.68,8.81,23.85,0.0,0.81,1.442,8.39,7.32,0.0,6.39,49.25,8.0,27.1
39.36,14.86,5.83,13.83,1.0,12.34,0.77,3.62,4.12,0.0,4.78,55.05,2.0,40.5
56.64,0.0,8.44,26.85,0.0,10.18,0.817,12.91,4.93,0.0,7.02,62.92,4.0,20.4
17.11,1.29,9.95,8.34,0.0,16.1,1.029,10.92,3.62,0.0,2.23,67.96,2.0,17.2
11.2,6.5,12.38,12.04,0.0,3.39,0.711,3.93,7.14,0.0,5.25,83.79,4.0,16.7
34.01,0.0,6.77,54.8,0.0,3.96,1.655,2.52,3.34,0.0,3.84,61.29,4.0,23.2
9.34,0.0,11.74,24.51,0.0,9.85,2.498,14.22,2.53,0.0,3.03,30.19,4.0,30.6
4.48,0.0,6.68,34.52,1.0,12.08,0.936,21.52,7.97,1.0,4.36,86.11,2.0,27.5
18.24,0.0,10.81,27.74,0.0,3.25,0.553,10.49,8.03,0.0,3.28,64.82,4.0,16.3
40.53,3.44,6.13,19.13,1.0,18.13,2.041,7.69,4.77,1.0,7.73,63.29,2.0,47.4
8.55,0.0,7.38,21.38,0.0,30.89,0.544,11.9,2.38,1.0,7.91,79.26,8.0,27.9
21.01,0.0,7.8,13.21,1.0,2.51,3.654,17.09,3.99,0.0,6.61,89.43,2.0,48.6
18.84,0.0,6.88,7.02,0.0,16.99,0.314,6.98,4.08,0.0,4.11,74.99,8.0,16.1
78.69,0.0,7.49,31.2,0.0,18.29,1.521,0.7,7.16,0.0,7.05,67.7,4.0,29.8
6.77,2.52,10.95,3.24,0.0,82.26,0.908,8.8,8.54,0.0,4.88,53.21,4.0,26.7
67.11,13.79,1.11,24.47,0.0,17.29,0.899,9.02,6.26,0.0,6.34,48.92,2.0,44.1
22.2,7.01,7.14,30.31,0.0,11.26,1.627,4.2,4.61,0.0,5.23,72.98,4.0,25.4
17.39,0.92,6.19,25.5,0.0,16.05,2.173,6.05,2.57,0.0,3.54,46.46,8.0,42.6
28.12,0.0,9.97,14.82,0.0,12.05,1.165,10.76,6.22,0.0,2.19,67.51,2.0,14.0
62.99,14.31,8.23,49.03,0.0,40.59,1.002,4.54,6.57,1.0,4.61,98.14,4.0,47.2
25.24,0.0,7.89,20.54,1.0,85.73,0.666,5.8,1.98,1.0,5.08,31.71,2.0,55.9
46.48,6.89,5.37,28.3,1.0,13.99,0.59,7.36,4.63,1.0,6.02,75.49,2.0,44.5
5.97,0.0,5.59,7.78,1.0,14.42,2.115,10.83,6.6,0.0,6.29,60.75,2.0,38.9
4.91,0.0,12.75,20.03,0.0,15.2,0.432,15.77,4.23,0.0,6.99,54.02,4.0,16.6
45.02,0.0,10.29,19.55,0.0,12.93,0.569,9.56,5.1,0.0,7.13,59.38,8.0,37.1
17.7,7.95,3.56,7.85,0.0,52.14,0.714,21.99,7.04,0.0,0.0,64.16,4.0,31.3
25.46,0.0,9.55,20.7,0.0,6.65,0.358,4.86,5.11,0.0,4.07,100.0,8.0,9.5
64.66,0.0,4.84,25.73,0.0,18.19,2.184,7.01,0.0,0.0,4.47,82.09,8.0,42.6
21.26,6.14,6.61,14.28,1.0,16.28,1.007,6.77,7.55,0.0,4.17,78.79,2.0,30.9
42.75,0.0,5.22,26.1,0.0,16.7,1.002,1.21,6.0,0.0,1.57,58.1,8.0,29.4
17.8,0.0,4.46,6.06,0.0,1.83,0.276,1.5,1.55,1.0,9.05,50.68,8.0,26.1
28.76,14.36,6.32,12.39,0.0,8.13,0.294,2.21,7.02,1.0,10.0,55.48,8.0,25.0
6.25,0.0,12.6,14.43,0.0,58.67,1.066,2.63,3.11,0.0,4.32,83.63,2.0,19.2
49.15,13.55,4.05,15.35,0.0,17.52,1.289,2.88,6.95,1.0,10.0,58.19,4.0,41.0
48.26,0.0,9.33,16.41,1.0,6.63,1.422,0.81,2.02,1.0,2.36,73.46,2.0,45.8
49.4,0.0,9.61,31.1,1.0,18.81,0.723,16.25,6.3,1.0,4.79,68.04,2.0,36.8
6.77,0.0,10.24,4.04,1.0,16.19,0.235,7.35,5.54,0.0,4.47,70.28,2.0,28.5
41.21,1.38,11.59,32.43,0.0,43.18,1.667,11.81,2.8,0.0,6.3,61.67,4.0,42.9
44.48,0.0,9.58,26.81,1.0,2.13,0.838,5.46,5.12,0.0,5.16,78.88,2.0,37.5
12.06,0.0,12.25,20.02,0.0,19.52,0.282,4.24,8.42,1.0,4.81,53.9,2.0,19.3
35.86,0.0,5.63,11.7,0.0,7.4,1.299,15.09,9.27,1.0,8.48,80.4,2.0,31.6
36.72,0.0,9.39,31.99,0.0,1.61,0.841,13.16,4.35,0.0,6.16,100.0,2.0,12.6
1.69,0.0,11.97,11.63,1.0,54.25,1.047,3.68,7.27,0.0,3.92,62.62,2.0,27.8
17.26,0.0,6.94,38.09,0.0,17.29,1.852,3.51,1.56,1.0,6.25,61.65,8.0,29.1
25.39,0.0,1.27,22.34,0.0,35.85,0.494,20.88,7.95,0.0,2.75,62.01,4.0,38.2
11.66,0.0,6.12,11.77,0.0,14.11,1.819,0.83,7.26,0.0,6.07,81.69,4.0,20.7
4.96,0.0,7.4,3.04,1.0,18.82,0.781,6.69,8.7,0.0,2.62,45.77,2.0,28.8
30.67,0.0,9.2,21.0,0.0,19.35,0.595,3.4,3.87,1.0,4.39,89.31,4.0,22.5
6.78,0.0,7.66,22.26,0.0,16.48,0.855,4.55,3.86,0.0,8.25,69.73,2.0,13.5
19.43,0.0,8.42,23.38,1.0,82.56,1.123,6.74,7.59,0.0,5.19,64.4,2.0,40.3
65.75,0.0,5.82,19.71,1.0,7.01,1.516,12.91,5.76,0.0,3.56,67.39,2.0,37.9
5.03,0.0,8.59,33.95,0.0,33.54,2.332,9.34,5.05,0.0,1.15,65.19,2.0,31.4
36.81,0.0,7.76,14.59,0.0,10.6,0.519,1.24,6.82,1.0,7.23,52.33,2.0,21.3
17.96,0.0,7.2,26.31,0.0,9.58,1.242,2.2,6.53,0.0,5.03,52.43,4.0,23.8
15.56,0.0,10.18,7.78,0.0,16.14,0.527,19.57,5.12,1.0,9.22,45.29,4.0,22.7
33.7,8.09,9.78,12.27,0.0,93.69,1.612,4.06,7.15,1.0,2.29,30.59,8.0,47.6
16.36,0.0,6.21,8.2,0.0,44.53,2.373,3.55,6.07,0.0,3.49,85.62,2.0,23.0
28.55,0.0,8.58,11.33,1.0,65.41,0.81,14.84,5.01,0.0,6.1,57.57,2.0,47.0
50.7,0.0,4.62,14.9,0.0,12.22,1.31,6.15,1.86,0.0,4.67,75.13,4.0,33.2
61.13,0.0,3.66,18.5,0.0,14.53,3.06,4.62,4.1,1.0,8.43,75.19,4.0,50.4
35.86,7.35,9.12,9.41,0.0,10.01,0.74,1.45,5.64,0.0,5.54,71.01,4.0,19.6
33.83,14.8,10.22,9.4,0.0,30.26,2.251,3.09,1.8,1.0,7.43,78.64,4.0,38.8
22.22,0.0,7.68,44.35,0.0,12.51,1.509,3.18,2.12,1.0,8.22,92.41,8.0,20.6
18.01,0.0,12.13,16.93,0.0,58.36,1.8,11.78,1.87,1.0,4.55,63.67,4.0,32.0
15.48,12.06,5.79,13.09,0.0,19.02,0.535,5.05,4.86,1.0,7.68,55.09,2.0,29.1
11.27,0.0,8.19,15.08,0.0,0.92,0.584,7.07,4.83,0.0,5.78,91.56,8.0,19.4
22.92,0.0,11.65,11.84,0.0,5.92,1.278,6.16,2.09,0.0,9.21,43.23,4.0,22.1
9.35,0.0,6.89,11.03,0.0,12.89,1.052,5.32,2.82,0.0,0.82,79.97,4.0,19.2
25.86,0.0,10.06,13.17,0.0,7.64,1.333,3.19,7.6,0.0,4.21,71.58,2.0,18.4
27.08,0.0,7.49,21.26,0.0,9.0,0.493,10.1,6.27,0.0,6.09,80.3,4.0,18.6
12.44,0.0,7.19,22.9,1.0,8.54,0.623,7.17,6.2,1.0,8.77,49.36,2.0,40.2
18.49,0.0,7.43,9.09,1.0,15.56,0.566,3.27,2.1,0.0,4.58,80.07,2.0,29.2
15.33,13.96,2.53,6.93,0.0,46.45,0.606,10.82,6.04,0.0,4.33,57.66,4.0,39.9
31.19,6.29,9.83,13.29,1.0,58.0,1.683,2.33,4.03,1.0,6.55,51.55,2.0,49.8
41.59,0.67,8.12,15.04,0.0,13.34,1.536,5.85,1.74,0.0,7.83,95.92,4.0,33.4
18.44,0.0,8.15,19.31,1.0,8.19,0.734,5.43,2.21,0.0,4.91,87.26,2.0,27.9
23.68,0.0,6.9,15.29,0.0,1.3,0.537,12.07,7.25,0.0,3.57,78.23,4.0,16.4
31.82,0.0,8.67,11.49,0.0,19.0,1.842,2.45,1.19,0.0,3.78,72.38,2.0,19.7
6.63,0.0,10.57,2.54,0.0,7.58,0.146,1.1,10.0,0.0,3.51,54.22,4.0,3.4
37.22,11.67,5.93,26.19,0.0,18.81,3.726,9.48,0.78,0.0,6.67,53.68,4.0,58.0
10.55,0.0,10.61,7.13,0.0,18.43,0.286,10.65,7.32,1.0,9.18,76.98,8.0,15.5
6.16,9.29,8.25,8.08,0.0,2.73,1.001,26.56,5.61,0.0,1.6,48.79,2.0,19.6
23.69,0.0,8.1,19.09,1.0,12.76,3.206,36.18,6.66,0.0,3.98,88.06,2.0,52.2
49.73,5.24,8.7,25.85,0.0,83.51,1.691,2.03,6.43,0.0,6.13,79.97,8.0,36.9
23.03,8.42,6.28,24.78,0.0,45.75,1.203,15.69,7.27,0.0,5.51,82.28,4.0,31.6
19.49,0.0,5.91,28.23,0.0,11.23,0.327,15.16,4.83,1.0,6.41,79.49,4.0,22.0
47.51,0.0,7.47,15.99,1.0,10.73,2.832,10.96,5.77,0.0,6.68,52.68,2.0,52.4
16.65,0.0,8.57,21.09,0.0,17.69,0.506,12.78,5.72,1.0,9.8,50.86,2.0,24.2
15.66,3.51,7.66,24.79,0.0,13.54,1.878,3.26,6.22,0.0,3.57,91.65,2.0,19.6
10.49,0.0,11.07,22.84,0.0,36.68,0.333,11.87,5.36,0.0,1.82,71.52,4.0,10.3
35.39,9.25,7.83,19.8,0.0,15.82,1.302,6.35,7.39,1.0,6.81,81.05,2.0,24.9
50.56,0.0,7.25,36.81,0.0,1.35,0.496,1.29,2.27,1.0,4.83,92.69,8.0,22.0
65.86,0.0,7.01,61.4,0.0,7.25,1.095,5.66,6.46,0.0,6.43,100.0,2.0,20.6
27.42,6.35,7.58,15.81,1.0,12.23,0.8,7.53,3.97,1.0,4.94,53.76,2.0,27.4
11.77,0.0,9.7,7.35,1.0,94.85,0.863,10.16,5.14,0.0,8.94,78.8,2.0,41.2
29.49,4.75,7.65,18.86,0.0,16.12,0.663,3.49,9.96,0.0,2.7,38.19,4.0,25.6
15.27,0.0,8.23,9.93,1.0,17.43,1.075,8.49,7.87,0.0,4.76,61.89,2.0,32.6
53.06,0.0,4.74,18.65,0.0,13.5,0.486,12.65,1.35,1.0,7.4,46.71,8.0,44.4
20.84,0.0,6.96,39.63,1.0,30.97,0.657,16.44,4.09,0.0,3.7,74.82,2.0,40.2
23.49,2.13,8.59,12.82,0.0,5.55,0.525,9.83,3.41,0.0,4.64,100.0,2.0,19.3
41.33,0.0,8.14,17.04,0.0,77.79,1.0,3.96,6.45,1.0,7.4,45.6,4.0,37.3
25.1,0.0,5.28,11.74,1.0,12.63,2.093,6.18,7.64,0.0,8.87,37.46,2.0,48.7
52.17,0.0,6.31,25.86,0.0,0.11,0.575,7.92,2.79,1.0,7.71,52.46,4.0,30.0
24.8,0.0,6.4,21.91,1.0,71.69,1.069,9.81,4.49,0.0,5.14,37.61,2.0,51.3
51.48,0.0,10.18,39.76,0.0,19.57,0.693,15.68,5.28,0.0,7.51,22.0,2.0,31.8
32.75,0.0,8.52,11.24,0.0,1.18,1.332,12.45,3.67,0.0,6.37,79.18,4.0,25.9
36.78,0.0,8.76,35.47,0.0,7.37,1.275,10.58,5.26,0.0,7.49,75.22,8.0,31.3
68.21,0.0,6.82,20.88,0.0,11.74,1.906,1.08,6.73,0.0,3.32,57.64,8.0,36.7
7.26,0.0,7.53,4.77,0.0,47.64,1.242,7.49,6.1,1.0,4.13,71.4,2.0,24.5
13.53,0.0,7.7,11.39,0.0,1.49,0.588,2.44,3.84,1.0,10.0,81.64,2.0,14.4
21.61,0.0,9.34,8.76,0.0,16.73,1.563,12.48,8.42,1.0,8.01,95.86,8.0,24.6
33.9,11.03,6.14,21.35,0.0,6.17,2.719,6.64,0.14,0.0,3.92,74.59,4.0,40.7
33.67,0.0,9.0,13.7,0.0,5.98,0.557,14.9,0.28,0.0,2.82,50.48,8.0,21.3
5.09,11.7,7.73,20.48,0.0,42.77,1.158,3.84,3.98,1.0,6.17,77.0,4.0,20.2
14.38,0.0,9.16,18.27,0.0,17.72,0.321,2.36,5.72,0.0,8.78,49.25,2.0,19.8
31.07,0.0,8.76,23.63,1.0,3.31,1.132,6.63,2.67,0.0,2.54,75.76,2.0,34.4
40.39,0.0,6.74,22.02,0.0,1.45,2.645,3.54,10.0,0.0,8.71,99.57,8.0,27.5
40.38,0.0,7.17,21.57,0.0,15.92,1.439,9.48,5.34,1.0,5.82,72.01,4.0,27.6
16.62,2.45,10.02,9.0,1.0,17.45,0.395,6.67,4.64,0.0,4.98,80.46,2.0,28.0
7.0,0.0,12.44,7.25,1.0,5.14,0.363,4.18,7.21,0.0,5.04,42.26,2.0,28.1
32.1,16.66,7.87,13.76,1.0,19.46,1.687,10.22,1.6,0.0,5.3,91.41,2.0,43.4
16.0,0.0,2.94,22.06,0.0,18.65,0.73,3.83,8.16,0.0,1.98,18.94,4.0,28.3
37.62,3.87,5.89,22.16,0.0,2.43,1.265,10.43,2.37,0.0,9.99,100.0,8.0,28.8
6.61,0.0,9.03,7.35,0.0,3.11,0.362,3.27,2.19,1.0,8.46,100.0,8.0,18.0
60.32,0.0,4.99,24.64,1.0,7.59,1.158,3.03,5.28,0.0,6.66,63.75,2.0,51.8
8.6,7.34,5.57,27.82,0.0,13.45,2.093,0.49,3.8,1.0,7.22,59.84,4.0,40.1
18.91,0.0,7.6,13.25,0.0,0.15,1.477,6.3,6.68,1.0,7.54,67.58,8.0,22.7
11.11,0.0,9.36,12.62,0.0,12.24,1.004,4.09,4.12,0.0,5.95,89.32,4.0,14.4
42.56,7.02,8.12,15.94,1.0,17.12,1.425,6.01,6.96,0.0,5.72,39.22,2.0,47.0
27.7,0.0,7.43,8.73,0.0,9.56,2.087,15.22,6.39,0.0,3.24,64.86,2.0,21.7
18.63,4.96,6.96,9.56,0.0,1.6,1.353,1.91,5.8,0.0,3.71,76.01,8.0,24.0
26.49,0.0,6.52,10.64,0.0,3.8,1.462,2.91,5.04,1.0,8.97,98.27,2.0,22.2
22.29,0.0,9.35,15.66,0.0,12.31,0.299,2.91,4.12,0.0,7.84,50.47,4.0,21.7
21.24,0.0,9.24,9.65,0.0,12.34,1.595,2.62,4.56,0.0,3.42,78.91,4.0,16.4
14.63,0.0,10.38,13.24,0.0,2.91,0.631,1.61,5.1,0.0,4.55,74.5,2.0,10.0
44.56,10.58,6.65,41.76,0.0,12.5,1.248,5.13,6.81,1.0,6.48,86.45,4.0,32.9
7.19,0.0,6.16,4.9,0.0,6.15,0.585,2.03,5.36,0.0,6.79,86.16,8.0,16.4
27.98,0.0,7.46,27.6,0.0,85.17,0.885,15.4,3.6,1.0,6.75,45.87,4.0,39.3
9.42,0.0,10.43,10.2,1.0,11.11,1.871,9.32,6.64,0.0,4.36,100.0,2.0,33.6
71.96,0.0,3.37,18.44,0.0,13.68,2.256,12.43,3.96,0.0,3.43,95.32,8.0,47.6
24.92,0.0,8.08,25.65,0.0,5.25,0.591,1.49,8.2,0.0,6.91,49.61,4.0,18.5
35.94,19.73,6.12,28.05,0.0,15.52,0.629,3.31,6.17,1.0,6.89,54.96,4.0,27.0
7.18,6.14,12.06,4.84,0.0,1.28,0.58,6.53,8.06,1.0,6.38,83.38,2.0,5.1
7.26,14.44,5.85,14.78,0.0,5.39,0.968,3.66,4.96,0.0,4.86,60.62,4.0,20.8
33.81,14.5,6.0,16.02,0.0,8.9,0.592,2.52,6.44,1.0,10.0,66.27,2.0,30.5
14.65,0.0,11.94,14.6,1.0,9.66,0.523,6.37,4.92,0.0,5.58,99.65,2.0,27.0
39.49,0.0,6.64,14.62,0.0,12.36,0.942,2.7,3.7,1.0,10.0,88.85,2.0,32.2
22.23,0.0,10.48,8.98,0.0,6.26,0.644,1.1,6.55,0.0,3.13,62.96,4.0,11.2
9.49,10.21,8.28,5.01,0.0,3.24,1.124,5.98,3.74,0.0,5.32,65.55,4.0,19.6
40.35,0.0,7.35,33.79,0.0,19.36,1.249,1.97,3.7,0.0,4.82,30.29,2.0,25.7
44.93,25.78,5.46,14.36,0.0,2.31,1.031,27.28,1.23,1.0,10.0,77.92,2.0,49.7
36.43,7.56,6.7,21.91,0.0,92.02,0.868,13.32,7.95,1.0,7.06,17.8,4.0,44.0
40.9,0.0,12.29,13.45,0.0,10.86,0.503,8.12,4.18,0.0,3.31,49.78,2.0,25.0
16.27,7.67,3.46,49.51,0.0,3.06,0.451,7.89,4.1,0.0,5.74,47.87,4.0,31.4
11.67,0.0,8.08,6.03,0.0,41.65,0.291,15.75,3.76,1.0,8.14,82.41,2.0,19.0
13.44,0.0,8.09,6.37,1.0,13.15,1.277,10.73,4.14,0.0,8.15,74.16,2.0,30.7
19.89,0.0,8.14,31.52,0.0,10.06,1.047,20.49,3.46,1.0,6.27,79.44,2.0,26.3
53.7,0.89,9.44,20.41,0.0,6.74,0.509,10.81,2.53,1.0,9.71,43.94,2.0,28.3
27.16,0.0,7.29,9.06,1.0,13.78,2.204,3.41,6.34,0.0,5.39,91.32,2.0,28.8
35.87,0.0,8.91,17.33,1.0,67.55,0.65,0.3,3.61,1.0,8.09,60.58,2.0,55.2
35.0,0.0,8.41,12.48,1.0,55.49,0.332,18.51,7.18,0.0,6.43,38.97,2.0,46.0
6.86,0.0,10.47,53.05,0.0,2.29,1.126,5.05,5.22,0.0,4.93,62.23,4.0,20.5
31.48,10.31,6.54,8.88,0.0,2.65,0.423,13.63,0.44,0.0,2.2,100.0,4.0,20.1
4.77,0.0,9.5,16.55,0.0,11.43,0.456,16.15,6.34,1.0,7.5,55.12,4.0,14.3
30.15,3.69,7.41,34.82,0.0,9.08,0.624,8.93,5.03,1.0,6.08,74.96,8.0,24.2
35.82,0.0,5.95,25.95,0.0,38.68,1.278,5.75,5.19,0.0,2.78,65.41,4.0,37.0
17.29,0.0,11.68,8.86,0.0,0.9,1.908,12.68,6.51,0.0,5.44,57.68,4.0,18.4
5.15,3.91,6.85,22.66,0.0,19.43,0.637,0.94,3.19,0.0,3.18,77.37,8.0,19.6
16.91,10.52,6.27,14.51,0.0,11.15,0.54,3.13,7.8,0.0,5.41,77.04,4.0,15.8
38.34,0.0,6.14,24.38,0.0,4.24,0.556,13.64,4.17,1.0,7.18,67.14,8.0,28.3
17.96,0.0,9.27,22.0,1.0,4.07,1.234,12.6,8.65,0.0,4.71,66.42,2.0,36.4
1.18,0.0,8.01,3.21,0.0,17.51,0.357,6.28,2.38,0.0,3.16,49.86,8.0,18.9
28.45,0.0,11.18,21.16,0.0,1.67,1.006,13.57,2.73,1.0,4.27,40.97,8.0,30.5
41.77,0.0,8.81,27.03,1.0,2.15,1.363,2.85,5.41,1.0,7.45,85.07,2.0,40.3
10.29,0.0,8.14,11.08,0.0,15.62,2.373,10.39,5.81,1.0,9.55,55.63,2.0,24.8
44.89,0.0,5.83,15.7,1.0,57.85,2.602,1.15,4.83,0.0,6.63,69.81,2.0,64.2
20.04,0.0,8.18,12.96,1.0,8.82,0.522,11.52,5.33,0.0,2.52,74.66,2.0,27.6
53.01,0.0,8.45,47.01,0.0,1.94,2.153,16.3,7.05,0.0,4.26,71.72,4.0,36.9
41.17,0.0,7.67,23.09,1.0,33.91,2.008,15.87,4.39,0.0,4.52,100.0,2.0,54.7
37.51,0.0,7.59,18.64,0.0,5.44,0.867,2.71,2.63,0.0,2.54,45.37,2.0,19.2
25.24,3.41,5.79,9.35,1.0,18.98,1.687,17.44,8.06,1.0,5.88,62.55,2.0,41.1
26.45,0.0,12.69,27.66,0.0,18.03,1.087,5.72,7.55,0.0,3.12,66.67,4.0,20.9
32.94,2.67,7.29,22.16,1.0,17.59,1.313,2.15,7.24,0.0,8.19,77.11,2.0,38.3
26.52,0.0,5.46,12.6,1.0,0.06,2.534,6.18,2.31,0.0,5.43,67.87,2.0,48.2
14.47,0.0,6.42,8.58,0.0,18.79,0.558,12.86,3.11,1.0,9.99,53.51,2.0,23.5
40.37,10.4,5.85,12.59,0.0,13.69,1.094,19.96,6.14,0.0,5.58,42.41,2.0,32.9
45.46,0.0,11.53,25.79,0.0,0.97,2.989,10.15,8.94,0.0,7.9,64.13,8.0,32.5
5.41,0.0,8.5,2.26,0.0,14.37,1.883,19.96,8.26,0.0,2.26,46.03,4.0,24.4
28.63,8.23,6.4,22.04,1.0,18.4,1.463,9.85,4.64,1.0,9.59,81.29,2.0,49.9
42.4,9.15,8.32,11.62,0.0,6.89,1.233,2.04,3.19,1.0,6.84,43.89,4.0,31.1
35.44,0.0,9.77,16.22,1.0,13.58,1.874,7.97,2.65,1.0,6.79,71.85,2.0,56.5
29.63,0.0,9.43,28.99,1.0,6.65,1.066,8.58,4.36,0.0,7.07,96.69,2.0,39.5
33.68,0.0,8.39,9.07,1.0,13.11,2.345,6.62,10.0,0.0,4.91,89.97,2.0,32.6
14.29,0.0,6.36,29.17,1.0,10.54,0.385,4.55,2.72,0.0,6.02,73.49,2.0,32.8
73.02,0.0,5.31,23.09,0.0,2.58,1.37,24.77,5.01,1.0,5.22,66.83,4.0,52.9
9.2,0.0,5.54,10.16,0.0,0.15,0.324,2.69,3.26,1.0,10.0,85.37,8.0,18.0
16.07,0.0,8.07,8.86,0.0,15.28,0.361,0.42,5.62,0.0,3.43,98.32,4.0,19.3
34.11,0.0,7.13,13.98,0.0,4.43,0.626,8.35,0.97,1.0,4.88,51.79,4.0,27.4
25.98,0.0,7.16,9.95,0.0,8.18,0.811,10.05,2.43,1.0,5.26,43.56,4.0,29.4
61.83,2.4,7.42,35.46,0.0,17.88,2.943,4.68,2.83,1.0,4.54,48.41,4.0,45.7
14.67,0.0,7.25,19.71,1.0,16.93,0.203,3.26,2.32,0.0,1.38,58.42,2.0,25.4
16.41,16.38,5.86,7.18,1.0,12.75,0.704,18.4,3.09,0.0,5.19,63.73,2.0,47.1
11.62,0.0,7.68,15.86,0.0,5.54,0.79,5.41,5.0,0.0,2.59,100.0,2.0,7.9
52.35,4.53,6.82,23.76,0.0,2.49,1.062,3.97,8.04,0.0,3.62,73.07,4.0,26.1
12.58,0.0,9.35,9.41,0.0,3.58,0.708,1.97,4.47,0.0,0.77,61.37,4.0,16.4
49.31,26.22,1.69,25.98,0.0,78.07,0.817,5.08,3.24,0.0,8.16,88.48,4.0,57.2
38.58,0.0,8.75,17.26,0.0,12.61,0.78,24.39,6.05,0.0,6.03,65.49,2.0,19.6
21.37,0.0,8.89,23.38,1.0,8.27,0.452,4.36,7.19,0.0,0.84,84.83,2.0,23.3
19.74,4.51,8.7,8.55,1.0,76.42,0.379,1.94,2.36,0.0,4.65,41.88,2.0,36.4
26.6,1.73,8.26,23.24,1.0,10.66,1.204,11.1,3.17,1.0,6.62,90.97,2.0,35.9
36.66,0.0,8.62,10.06,1.0,8.05,0.697,9.9,3.38,0.0,4.69,65.03,2.0,36.2
46.19,1.41,6.61,21.47,0.0,2.52,0.698,8.6,4.33,1.0,7.73,64.47,4.0,29.0
44.45,10.89,7.25,19.93,0.0,66.03,1.045,6.95,4.52,1.0,3.97,27.23,8.0,45.6
15.84,0.0,10.81,7.77,0.0,13.4,1.204,5.89,5.29,0.0,3.04,57.35,4.0,17.6
58.37,0.0,6.26,28.58,0.0,54.55,1.169,8.35,4.2,0.0,3.97,37.8,4.0,43.0
21.24,12.64,5.93,20.36,0.0,1.64,0.77,10.14,6.21,1.0,8.04,73.09,4.0,23.3
44.82,0.0,8.92,15.96,0.0,19.23,1.487,13.08,4.29,1.0,6.28,49.17,8.0,31.6
21.75,1.76,7.03,11.69,0.0,11.86,1.597,18.36,1.48,0.0,5.41,37.95,4.0,30.0
38.89,0.0,6.39,21.66,1.0,17.89,1.916,6.8,6.19,1.0,4.49,77.87,2.0,59.6
56.66,5.22,7.52,15.45,0.0,3.39,1.656,10.94,3.07,0.0,3.53,55.96,8.0,39.7
35.91,0.0,7.06,13.99,0.0,19.0,1.08,9.27,3.96,0.0,6.42,52.75,4.0,37.8
61.54,6.15,8.86,20.78,0.0,14.14,0.815,5.47,6.67,1.0,8.08,100.0,4.0,23.2
8.25,0.0,7.82,8.79,1.0,6.31,1.19,4.26,5.82,1.0,7.6,57.39,2.0,29.5
22.36,4.48,6.15,22.75,0.0,18.11,1.22,4.37,3.78,0.0,6.57,85.09,8.0,23.2
19.16,0.0,8.42,21.08,0.0,2.09,0.671,2.11,7.53,0.0,6.17,47.97,2.0,11.3
49.09,0.0,8.4,15.73,0.0,17.9,1.008,1.33,7.37,1.0,5.97,72.57,2.0,19.3
34.32,0.0,8.61,18.11,0.0,47.54,1.227,11.96,2.07,1.0,8.12,73.59,2.0,30.8
19.68,9.09,8.4,16.36,0.0,10.17,0.818,4.83,0.0,1.0,7.25,35.86,2.0,26.4
22.7,0.0,7.21,19.01,0.0,17.61,0.777,10.94,4.9,1.0,6.48,43.32,2.0,27.0
68.15,0.0,9.23,19.37,0.0,0.27,0.898,4.43,4.57,0.0,4.23,91.35,4.0,27.3
19.78,10.64,3.82,42.33,1.0,11.13,0.625,7.98,6.86,0.0,7.12,60.65,2.0,47.5
26.48,8.51,5.62,10.8,0.0,10.16,1.339,5.09,8.09,1.0,8.49,69.74,8.0,41.9
7.07,0.0,8.86,9.98,0.0,3.1,0.149,4.39,8.42,0.0,4.07,88.79,8.0,5.7
51.45,0.0,6.06,24.57,0.0,5.19,0.672,6.77,9.42,1.0,5.65,92.6,2.0,31.7
30.29,0.0,7.47,15.51,0.0,3.68,0.585,18.23,2.62,0.0,3.95,58.09,4.0,27.7
20.73,0.0,6.41,13.67,0.0,4.93,0.877,2.15,8.22,0.0,6.5,68.78,8.0,23.1
16.48,0.0,8.09,15.37,1.0,14.08,0.497,11.67,1.33,1.0,5.03,58.36,2.0,37.2
26.67,1.71,8.92,10.52,0.0,19.3,1.065,3.02,0.0,1.0,6.79,63.4,8.0,29.2
32.58,0.0,6.95,12.08,0.0,13.0,1.247,4.41,2.16,1.0,8.29,56.58,4.0,37.8
2.46,0.0,7.17,4.81,1.0,11.04,0.236,11.02,5.18,0.0,5.85,60.57,2.0,34.6
21.11,0.0,7.44,17.87,0.0,9.85,0.47,10.91,5.88,0.0,5.93,100.0,2.0,14.5
34.41,0.0,10.18,23.83,0.0,2.8,1.267,4.63,4.07,1.0,4.0,60.02,4.0,23.3
33.24,0.0,10.19,11.72,0.0,15.01,0.607,12.1,4.78,0.0,5.79,19.03,2.0,23.8
34.73,0.0,7.0,12.51,1.0,82.5,1.619,8.42,5.35,1.0,5.5,52.81,2.0,56.5
45.86,8.05,7.67,25.38,1.0,7.46,2.419,5.61,4.94,0.0,4.1,36.73,2.0,44.9
27.49,0.0,8.14,24.08,0.0,82.29,3.324,7.85,2.56,1.0,3.86,63.52,4.0,39.8
5.96,16.67,9.39,20.47,0.0,13.97,2.183,17.51,5.28,0.0,6.97,64.39,4.0,29.8
41.77,1.19,7.99,14.82,1.0,94.0,0.876,11.42,8.25,0.0,6.11,93.81,2.0,44.1
12.64,0.0,8.22,16.02,0.0,2.84,1.805,5.49,4.58,0.0,3.67,87.47,8.0,17.0
35.57,0.0,11.13,39.41,0.0,4.83,0.913,2.5,2.03,0.0,5.8,30.44,4.0,28.0
12.6,0.0,6.77,8.6,0.0,6.8,1.387,5.99,8.83,1.0,8.58,45.17,4.0,25.7
30.24,9.12,7.64,23.64,0.0,6.47,1.027,10.5,5.17,0.0,7.52,63.2,4.0,28.1
24.37,0.0,11.0,16.03,0.0,5.51,0.938,10.68,4.43,0.0,6.11,73.48,4.0,22.5
50.32,0.0,8.82,54.67,0.0,11.73,1.461,2.34,8.52,0.0,4.07,84.72,8.0,25.6
21.67,0.0,6.82,16.6,1.0,17.02,1.938,11.54,3.2,0.0,2.86,77.55,2.0,42.4
35.72,21.02,3.77,33.96,1.0,11.73,0.936,14.45,5.67,1.0,10.0,77.45,2.0,61.1
66.28,6.1,3.46,19.72,1.0,45.94,1.032,1.47,1.17,0.0,4.33,53.79,2.0,55.7
40.99,0.7,10.65,26.71,1.0,2.83,1.767,34.12,3.37,1.0,6.97,62.95,2.0,51.8
15.42,0.0,6.27,9.54,0.0,19.34,2.407,14.98,1.77,0.0,5.85,72.84,4.0,33.8
11.82,5.59,9.4,3.97,0.0,0.17,0.512,3.96,4.62,1.0,8.79,75.64,4.0,13.9
22.16,0.0,5.48,11.05,0.0,18.69,0.513,31.09,6.14,0.0,4.68,75.31,8.0,29.4
54.25,0.0,12.49,17.0,0.0,9.3,1.247,6.19,4.6,0.0,6.97,52.53,8.0,35.4
11.16,0.0,5.96,23.41,0.0,0.11,2.315,12.96,6.2,0.0,10.0,68.74,8.0,28.0
18.45,2.16,8.27,47.21,0.0,4.89,1.463,3.2,4.99,0.0,4.52,86.59,2.0,22.1
41.36,0.0,10.18,16.3,0.0,12.32,0.841,9.55,2.76,1.0,8.22,57.16,4.0,31.8
16.26,0.0,7.11,9.62,0.0,4.15,1.128,21.47,7.08,1.0,5.25,78.23,8.0,16.6
25.29,0.0,9.37,6.96,1.0,63.42,0.391,5.46,6.43,0.0,4.33,44.29,2.0,35.2
13.87,0.0,8.02,22.63,0.0,68.81,2.273,5.41,6.48,1.0,5.53,58.4,2.0,36.5
60.67,0.0,7.96,43.45,1.0,6.77,1.432,6.91,3.63,0.0,3.01,80.04,2.0,52.4
54.7,0.0,9.52,27.82,0.0,6.91,0.724,17.28,1.47,0.0,3.04,83.54,4.0,28.4
32.8,0.0,7.16,13.52,0.0,14.03,0.492,14.7,5.08,0.0,7.83,52.04,4.0,25.3
13.21,0.0,11.6,14.95,0.0,19.73,2.381,2.9,7.05,0.0,8.52,10.77,2.0,28.5
52.3,0.0,8.14,31.7,0.0,18.99,2.025,9.84,4.02,0.0,7.67,91.55,4.0,36.7
3.96,10.11,11.57,8.9,1.0,8.38,0.683,7.99,3.53,0.0,4.86,91.56,2.0,26.1
10.21,0.0,7.03,17.8,0.0,12.74,0.51,3.73,5.72,1.0,8.77,32.8,8.0,25.6
25.19,9.96,5.76,12.57,0.0,18.37,1.007,3.07,1.23,0.0,2.35,76.03,2.0,25.3
14.11,0.0,8.11,5.5,0.0,15.0,0.985,3.73,0.76,0.0,0.0,69.46,4.0,11.5
45.38,10.36,3.97,29.24,1.0,3.03,1.146,7.31,6.62,0.0,4.42,94.23,2.0,41.7
5.42,0.0,10.69,11.72,0.0,18.39,0.195,5.04,5.31,1.0,7.47,90.19,2.0,9.6
10.95,0.0,8.52,14.48,0.0,49.03,2.184,1.36,5.91,0.0,4.53,79.42,2.0,20.9
31.72,0.0,5.76,27.93,1.0,8.47,0.753,24.33,5.26,1.0,7.5,62.92,2.0,53.7
17.07,0.0,6.84,7.85,1.0,1.35,0.394,6.36,1.8,1.0,7.22,26.5,2.0,36.4
5.04,0.0,7.11,6.84,1.0,50.17,0.426,20.39,3.39,0.0,4.15,70.34,2.0,34.2
32.75,5.23,9.24,36.09,0.0,18.29,1.407,3.01,4.25,0.0,4.2,46.84,8.0,35.7
13.25,0.0,9.52,14.57,1.0,51.19,0.615,2.91,6.1,0.0,5.82,29.79,2.0,34.0
46.75,0.0,7.33,30.28,0.0,3.88,0.838,2.24,3.91,0.0,8.65,100.0,4.0,14.9
41.21,0.0,7.03,19.67,0.0,2.19,0.862,5.05,6.01,1.0,6.3,56.76,4.0,31.7
20.47,0.0,7.91,20.07,0.0,4.45,0.939,4.84,3.21,0.0,7.69,78.85,8.0,18.2
24.55,0.0,11.83,21.6,0.0,33.35,0.814,2.79,8.26,0.0,3.74,80.68,4.0,20.9
24.29,0.0,7.8,10.83,1.0,6.71,1.498,15.65,5.28,1.0,5.64,76.9,2.0,44.5
37.14,0.0,9.6,20.91,0.0,10.21,2.67,2.18,5.85,1.0,8.83,17.12,8.0,31.6
39.18,16.9,5.14,11.17,0.0,19.73,0.928,5.79,6.08,0.0,8.26,93.95,8.0,29.5
31.26,0.0,11.43,9.67,0.0,7.37,1.046,6.87,0.0,1.0,5.09,68.08,4.0,24.6
22.27,0.0,5.89,11.46,1.0,4.46,2.13,19.12,5.79,0.0,1.25,77.4,2.0,46.1
48.56,0.0,9.16,13.06,0.0,4.13,0.855,1.36,4.76,0.0,4.3,56.22,8.0,26.9
46.43,3.53,5.67,36.52,1.0,11.85,1.874,12.82,4.28,0.0,7.63,51.89,2.0,55.5
38.32,0.0,12.28,14.46,1.0,13.78,1.418,10.3,5.78,1.0,7.82,52.59,2.0,45.5
3.7,0.0,10.28,3.5,0.0,9.21,0.563,6.34,3.95,0.0,1.69,54.21,4.0,10.2
29.67,0.0,4.7,19.69,0.0,16.3,0.382,8.64,7.85,0.0,3.84,56.51,8.0,28.9
18.98,0.0,6.57,19.88,0.0,0.31,1.355,20.64,8.94,1.0,7.57,91.91,8.0,23.7
25.3,0.0,9.61,12.65,0.0,12.2,0.913,5.7,5.34,1.0,9.3,60.37,4.0,25.0
11.13,0.0,9.98,18.1,0.0,12.11,0.298,5.75,6.68,0.0,4.48,77.84,4.0,8.9
47.67,0.0,8.74,30.3,0.0,17.98,0.695,6.69,4.2,0.0,6.36,56.7,4.0,27.0
7.35,0.0,9.09,7.99,0.0,4.09,0.679,18.52,2.51,1.0,8.54,76.61,2.0,15.5
19.71,0.0,7.77,7.16,0.0,7.46,1.217,13.24,5.86,1.0,7.29,68.14,8.0,24.9
12.32,0.0,10.8,8.51,0.0,9.87,0.203,4.7,2.58,0.0,4.6,57.38,4.0,13.3
10.61,0.0,6.95,10.07,0.0,90.49,0.503,8.94,3.46,0.0,6.44,31.13,2.0,31.7
49.01,9.21,6.53,21.76,1.0,68.95,0.854,5.97,4.94,0.0,4.22,66.55,2.0,52.9
35.89,2.92,6.33,27.73,0.0,10.2,2.141,10.28,4.73,1.0,5.86,50.68,8.0,31.0
49.01,2.85,5.79,19.93,1.0,3.26,1.642,8.25,4.88,1.0,4.11,78.4,2.0,51.6
11.9,0.0,7.73,7.04,0.0,7.42,0.341,3.65,7.4,0.0,0.16,40.48,4.0,7.3
28.58,0.0,6.67,12.42,0.0,18.89,3.794,2.36,7.16,0.0,2.3,54.23,2.0,31.9
45.04,0.0,8.75,22.2,1.0,3.7,1.033,5.23,7.13,1.0,6.94,30.01,2.0,37.8
8.24,0.0,5.8,13.92,0.0,2.74,0.43,7.3,5.4,0.0,7.58,51.1,4.0,12.5
10.79,0.0,9.54,34.68,0.0,0.6,1.285,8.96,2.19,0.0,5.83,61.34,4.0,24.3
24.65,0.0,6.99,13.49,1.0,14.64,1.262,9.59,4.28,0.0,7.58,91.5,2.0,37.2
25.23,0.0,8.3,10.41,0.0,12.39,1.593,3.24,3.58,1.0,6.61,93.82,8.0,24.1
1.58,0.0,8.62,0.93,0.0,91.65,1.513,3.91,5.27,0.0,5.66,74.35,4.0,33.6
3.66,2.77,7.56,1.98,0.0,8.08,1.296,5.23,7.46,0.0,4.01,78.96,4.0,11.2
55.09,0.0,9.77,27.59,0.0,76.59,1.442,5.41,5.75,0.0,0.74,61.58,8.0,30.0
4.08,0.0,8.14,6.02,0.0,52.96,0.357,9.09,4.68,1.0,4.53,50.7,4.0,23.3
11.85,3.11,9.68,25.93,0.0,2.76,1.138,5.91,6.55,1.0,5.8,65.12,4.0,20.9
30.9,0.0,9.51,8.53,1.0,15.11,1.383,6.56,4.84,1.0,7.55,55.13,2.0,30.8
18.23,0.0,7.91,10.31,1.0,6.8,0.541,4.72,4.62,1.0,4.07,87.98,2.0,21.7
13.11,0.0,6.09,21.34,0.0,9.51,0.525,12.32,6.54,0.0,5.72,60.78,4.0,22.1
8.06,0.0,6.99,27.33,0.0,16.14,0.381,13.78,6.0,0.0,5.8,87.44,4.0,15.6
31.22,5.2,10.0,22.61,1.0,10.63,2.053,4.6,3.55,1.0,4.03,43.06,2.0,49.5
64.68,0.0,8.04,35.81,0.0,7.72,3.178,4.81,1.86,0.0,6.36,96.14,8.0,41.2
0.75,0.0,9.26,4.07,1.0,7.66,1.466,7.86,5.38,0.0,4.61,55.32,2.0,31.4
21.78,0.0,7.21,12.27,0.0,10.46,0.835,22.85,4.25,0.0,2.14,60.36,2.0,24.1
65.09,4.05,10.02,42.82,0.0,3.29,2.022,15.73,4.03,1.0,6.95,74.05,2.0,38.8
42.11,0.0,6.0,14.05,0.0,54.4,1.782,4.11,3.84,1.0,4.63,36.63,4.0,40.8
22.97,0.0,8.59,14.95,1.0,11.14,0.586,3.95,4.75,0.0,7.28,67.83,2.0,28.5
15.04,13.27,7.96,19.8,0.0,92.26,0.365,7.03,5.08,0.0,1.33,47.71,8.0,37.7
31.1,0.0,5.46,31.74,0.0,12.27,0.417,19.19,3.78,0.0,6.89,89.4,8.0,37.1
5.56,0.0,7.32,9.62,0.0,5.15,0.392,6.72,3.18,1.0,10.0,57.43,8.0,23.1
39.47,0.0,6.9,16.39,0.0,12.74,1.104,15.15,1.21,0.0,7.81,93.21,2.0,24.3
52.13,12.76,7.63,25.93,1.0,2.47,1.744,16.16,5.07,0.0,7.41,71.67,2.0,44.1
60.44,1.99,6.07,48.72,0.0,10.04,1.23,6.86,6.62,1.0,6.09,53.96,4.0,29.3
15.22,0.0,5.67,16.59,0.0,55.77,1.532,2.17,5.29,1.0,6.91,66.43,2.0,31.6
55.29,0.0,4.28,27.11,0.0,6.31,0.894,1.67,1.84,0.0,5.3,71.63,2.0,32.7
57.94,9.96,4.53,22.68,0.0,15.27,1.507,3.74,3.11,0.0,2.47,48.46,4.0,38.8
38.42,0.0,4.87,13.41,0.0,6.61,1.304,13.06,2.68,0.0,6.53,60.64,4.0,38.0
19.62,0.0,9.95,11.58,1.0,15.45,3.084,9.8,3.0,1.0,8.28,69.01,2.0,47.3
30.44,0.0,9.7,15.67,1.0,17.34,0.535,0.74,3.37,1.0,7.68,89.49,2.0,33.0
11.99,0.0,8.65,9.58,0.0,0.96,3.02,9.75,3.54,0.0,1.81,93.97,4.0,19.5
27.84,0.0,7.64,15.91,0.0,5.29,2.736,1.73,10.0,0.0,6.52,63.22,8.0,29.9
9.41,0.0,10.2,16.08,0.0,19.34,0.378,0.59,3.76,1.0,7.81,82.87,8.0,15.7
28.69,4.67,8.98,12.24,0.0,1.87,1.008,10.27,0.66,0.0,3.33,99.95,8.0,11.4
16.65,0.0,6.53,23.09,0.0,2.6,2.072,7.63,7.2,1.0,7.07,61.36,8.0,32.7
19.56,0.0,6.72,17.8,0.0,0.31,0.509,19.42,5.24,0.0,8.12,59.22,4.0,17.1
25.53,1.94,9.41,16.13,0.0,5.32,0.227,6.46,6.85,0.0,6.26,66.14,4.0,9.6
26.16,0.6,8.68,14.11,0.0,11.79,1.58,8.3,4.81,1.0,9.61,85.04,4.0,19.1
28.13,10.89,8.07,10.58,0.0,5.11,0.323,5.76,7.92,1.0,10.0,80.92,8.0,22.3
21.49,0.0,6.57,19.27,1.0,19.37,0.79,6.76,5.34,1.0,6.38,65.0,2.0,33.9
3.53,0.0,7.39,46.24,1.0,9.22,1.063,12.82,7.1,0.0,4.34,78.8,2.0,32.2
26.89,0.0,9.12,31.35,0.0,12.24,0.435,3.26,7.02,0.0,5.05,42.13,4.0,17.9
9.97,0.0,7.34,17.96,0.0,4.58,2.722,6.13,4.17,0.0,0.73,48.71,8.0,29.0
33.5,0.0,4.96,35.42,1.0,12.61,1.476,12.42,5.42,0.0,6.91,81.13,2.0,52.5
23.35,0.0,6.97,11.34,0.0,5.44,1.627,17.61,7.55,1.0,7.79,33.23,4.0,35.0
48.91,0.0,7.12,16.65,0.0,63.4,1.139,12.44,6.08,0.0,3.46,47.21,4.0,37.0
30.35,5.89,10.79,16.55,0.0,16.42,1.105,5.77,7.22,1.0,6.5,88.74,2.0,30.2
48.99,0.0,5.85,21.73,1.0,0.24,0.865,1.98,10.0,0.0,2.25,75.35,2.0,32.5
25.61,1.53,7.92,29.14,0.0,8.23,0.736,4.86,3.91,1.0,9.15,84.83,2.0,15.4
10.12,0.0,12.78,21.04,1.0,8.3,0.526,11.78,4.28,0.0,5.02,67.25,2.0,25.3
34.77,0.0,5.77,9.43,0.0,10.9,0.535,1.91,1.58,0.0,6.12,100.0,4.0,23.7
57.05,27.79,5.28,33.14,0.0,71.39,0.959,13.27,2.67,0.0,5.09,91.94,2.0,43.9
54.88,7.31,5.05,21.4,0.0,17.4,0.594,1.9,3.42,0.0,8.37,57.43,4.0,37.3
51.53,0.0,8.26,25.13,0.0,11.57,3.351,11.39,5.75,0.0,2.9,22.77,4.0,45.6
51.69,0.0,12.12,21.42,1.0,13.94,0.868,11.94,4.47,1.0,5.06,58.54,2.0,44.2
9.1,0.0,10.31,7.26,0.0,5.7,0.463,8.05,3.74,0.0,2.42,100.0,8.0,11.1
1.44,5.98,8.54,12.51,1.0,1.74,0.62,13.97,4.57,1.0,8.69,70.74,2.0,31.9
57.27,0.0,5.38,18.94,0.0,48.84,1.424,5.38,3.72,0.0,1.01,38.12,8.0,41.3
9.91,0.0,8.35,10.31,1.0,0.46,0.405,7.87,4.34,1.0,3.37,75.22,2.0,30.0
45.19,0.0,6.51,15.16,1.0,36.91,1.336,9.48,1.75,1.0,5.7,57.19,2.0,54.7
9.92,0.0,5.8,5.1,0.0,4.15,0.354,14.32,8.01,0.0,6.9,49.74,8.0,16.7
9.56,0.0,4.46,46.02,0.0,14.16,0.318,5.39,4.45,1.0,8.59,35.36,8.0,23.3
11.25,0.0,7.0,8.62,1.0,1.84,1.511,7.0,3.68,0.0,2.76,59.44,2.0,39.7
7.33,0.0,8.72,9.67,0.0,16.24,0.506,29.93,4.44,0.0,1.16,64.83,8.0,23.7
49.69,4.18,9.25,36.74,0.0,12.51,0.887,6.87,3.05,1.0,10.0,86.66,8.0,36.8
41.89,17.29,4.19,20.83,0.0,7.58,0.439,4.89,7.45,0.0,3.94,68.37,8.0,26.0
36.95,0.0,8.27,12.92,0.0,16.46,1.259,3.42,1.86,1.0,8.7,70.56,4.0,23.3
9.0,0.0,5.33,5.97,1.0,13.9,0.585,4.8,5.21,0.0,6.72,46.88,2.0,37.5
20.83,0.0,6.77,8.61,0.0,16.69,1.584,13.44,8.54,0.0,2.87,58.55,4.0,22.4
25.66,0.0,3.34,39.79,0.0,14.2,1.635,8.3,3.28,0.0,4.12,68.71,4.0,35.0
9.5,6.48,12.41,2.96,1.0,0.99,0.837,30.45,0.32,1.0,8.65,65.79,2.0,45.6
27.6,12.91,7.02,9.83,0.0,67.55,0.914,2.35,4.7,1.0,6.6,66.07,4.0,35.7
24.73,0.0,8.59,12.17,0.0,10.87,0.647,11.26,4.56,1.0,4.1,53.65,2.0,21.2
18.04,10.06,8.32,10.46,0.0,67.33,3.207,9.26,4.69,0.0,4.8,72.67,8.0,46.5
23.13,0.0,13.37,11.13,0.0,3.58,0.61,15.84,3.59,0.0,4.06,94.57,4.0,12.0
4.28,0.0,8.0,15.17,0.0,4.51,1.796,3.86,5.54,0.0,6.93,35.27,2.0,21.0
38.14,0.0,5.89,20.85,1.0,1.91,1.081,3.83,6.83,0.0,6.47,66.54,2.0,47.2
45.41,0.0,11.64,15.73,0.0,9.03,0.442,9.97,3.7,0.0,2.95,100.0,4.0,23.7
23.01,0.0,5.85,11.37,1.0,0.1,3.403,0.8,5.45,0.0,5.27,37.36,2.0,47.0
11.0,0.0,11.27,56.03,0.0,12.39,0.401,9.36,3.4,0.0,1.41,53.65,8.0,21.5
38.61,0.0,7.69,21.37,0.0,3.03,0.751,4.96,9.61,1.0,5.09,88.66,4.0,13.2
2.73,0.0,9.78,0.76,0.0,59.35,0.872,4.68,7.3,1.0,10.0,64.39,4.0,22.2
23.5,6.03,4.7,9.58,0.0,87.84,1.605,17.09,9.2,1.0,7.18,56.05,4.0,43.5
8.68,0.0,13.93,7.55,0.0,9.15,1.022,12.8,6.93,0.0,7.79,44.23,4.0,18.5
6.0,18.86,5.79,44.33,0.0,4.31,0.626,14.22,2.15,1.0,7.64,78.57,4.0,33.2
23.23,0.0,6.9,11.56,0.0,0.71,0.789,10.18,3.36,1.0,8.27,91.3,4.0,17.6
50.29,0.0,8.59,18.76,1.0,81.09,0.961,3.42,6.48,0.0,5.17,64.25,2.0,54.1
24.58,0.0,6.97,7.26,0.0,14.52,0.958,3.95,4.29,0.0,0.98,57.47,8.0,29.3
17.07,0.68,9.26,13.64,0.0,0.11,1.241,19.2,6.48,1.0,7.86,66.83,2.0,15.6
7.57,1.89,6.02,19.08,0.0,76.38,1.614,5.38,4.57,1.0,9.54,42.25,8.0,42.6
52.11,12.41,6.24,21.81,0.0,4.54,1.252,4.87,6.77,1.0,8.62,62.44,8.0,37.4
4.41,9.04,6.58,6.81,0.0,5.18,0.709,6.08,9.32,0.0,1.0,41.0,2.0,16.8
54.38,0.0,5.8,21.07,0.0,4.41,2.673,5.4,2.08,1.0,8.71,60.67,2.0,42.4
15.8,0.0,6.64,20.51,0.0,7.06,0.647,7.07,1.44,0.0,4.73,82.68,2.0,17.9
33.9,0.0,9.75,15.31,0.0,91.12,0.935,5.69,4.39,1.0,6.14,56.99,8.0,46.3
19.44,0.0,7.72,11.83,0.0,12.76,0.626,2.27,4.87,1.0,6.31,64.72,2.0,22.4
28.37,0.0,7.78,20.0,1.0,6.57,0.681,11.03,3.83,1.0,7.08,53.04,2.0,37.0
36.66,2.05,8.51,13.91,0.0,76.13,1.297,8.55,5.84,1.0,5.38,60.72,8.0,39.1
30.36,0.0,10.37,10.96,1.0,6.67,0.455,6.4,4.25,0.0,5.0,74.8,2.0,33.0
26.32,0.0,6.36,7.78,0.0,9.47,0.806,5.75,3.23,0.0,6.29,54.76,2.0,17.8
7.08,0.0,9.23,9.66,0.0,12.0,0.492,6.32,5.59,0.0,5.75,58.59,4.0,16.4
59.57,0.0,5.39,19.49,1.0,11.14,1.146,16.1,6.73,0.0,6.12,40.42,2.0,42.8
31.89,0.0,7.63,26.87,0.0,7.54,0.873,3.38,5.47,0.0,7.96,83.3,4.0,23.5
61.42,9.88,8.1,22.32,0.0,5.28,2.597,5.79,9.18,1.0,7.04,99.08,8.0,33.1
6.53,0.0,4.11,18.74,0.0,13.11,1.564,14.95,4.26,0.0,6.18,58.56,2.0,26.5
10.53,0.0,6.84,17.2,1.0,7.93,1.855,5.03,3.02,0.0,4.04,79.97,2.0,37.1
6.03,0.0,8.36,2.5,1.0,11.6,0.707,1.85,5.58,0.0,5.75,86.34,2.0,24.6
36.74,5.24,8.03,11.57,0.0,8.26,1.167,15.75,1.11,0.0,5.74,66.89,4.0,20.5
62.74,0.0,9.56,51.19,0.0,15.83,1.514,3.1,9.35,1.0,5.15,76.22,8.0,21.8
39.85,0.0,4.41,14.78,0.0,18.79,0.786,4.13,8.67,0.0,4.02,52.34,4.0,26.8
42.08,3.19,10.19,22.59,0.0,18.87,0.538,20.1,7.92,1.0,4.96,81.74,2.0,14.9
13.47,5.6,8.97,11.17,0.0,0.72,0.544,2.46,0.0,0.0,5.3,59.0,4.0,16.1
34.06,0.0,7.5,9.56,1.0,9.47,1.29,6.78,4.08,0.0,4.88,73.59,2.0,40.6
20.87,0.0,5.44,8.91,0.0,7.28,1.675,24.11,4.92,1.0,9.14,79.23,4.0,34.1
28.02,0.0,7.01,9.93,0.0,1.81,4.711,7.97,5.19,0.0,6.46,74.12,4.0,33.0
13.87,0.0,10.63,19.47,0.0,90.09,0.282,5.86,6.49,1.0,7.52,71.64,2.0,24.9
11.36,0.0,8.71,6.51,0.0,13.36,1.333,33.38,7.33,0.0,6.51,45.98,8.0,29.4
18.51,0.0,8.08,17.82,0.0,11.39,0.997,1.93,8.58,1.0,8.1,77.8,4.0,14.0
30.76,0.0,6.13,9.65,0.0,77.26,2.848,6.92,6.65,0.0,6.95,55.12,4.0,37.2
57.38,0.0,8.75,14.56,0.0,12.86,1.975,6.01,4.69,0.0,7.08,68.09,4.0,28.3
2.76,0.0,8.62,10.26,1.0,18.41,0.52,9.83,4.91,0.0,8.97,65.61,2.0,31.3
15.33,0.0,8.07,16.39,0.0,13.4,0.586,5.42,6.6,0.0,6.8,64.68,2.0,9.5
51.12,0.0,7.28,18.75,0.0,1.56,0.893,8.42,2.37,1.0,4.89,95.34,8.0,32.1
11.14,0.0,7.38,11.96,0.0,0.35,0.231,8.85,4.63,1.0,9.78,80.94,4.0,12.4
45.27,4.17,5.51,12.82,0.0,17.52,0.489,9.91,8.59,1.0,5.89,21.11,4.0,42.5
52.33,0.0,4.39,19.5,0.0,10.71,0.735,3.2,6.46,0.0,8.86,81.86,8.0,29.0
17.28,21.64,4.65,23.23,1.0,6.63,0.334,4.98,7.34,0.0,4.49,78.47,2.0,42.9
52.08,0.0,3.84,49.45,0.0,12.01,1.027,2.3,5.66,0.0,8.37,55.14,4.0,37.3
23.03,1.46,9.11,13.88,1.0,8.74,0.952,2.98,7.19,1.0,5.04,74.93,2.0,25.2
27.95,0.0,6.83,18.56,0.0,5.91,2.814,8.5,6.15,0.0,8.22,68.67,4.0,32.6
26.75,29.98,3.82,26.08,1.0,7.01,0.231,8.79,9.13,1.0,10.0,72.67,2.0,42.5
40.03,2.64,7.41,19.87,0.0,12.47,0.86,2.4,4.08,1.0,10.0,54.04,4.0,21.7
34.19,0.32,6.33,20.78,1.0,12.77,0.946,2.77,3.39,0.0,8.12,42.56,2.0,46.5
37.58,0.0,5.52,37.51,0.0,18.66,0.964,14.51,1.18,1.0,7.85,90.9,4.0,36.3
43.02,3.91,7.68,22.5,0.0,15.92,2.821,2.47,4.95,1.0,7.4,58.86,4.0,34.4
41.94,0.0,11.52,16.65,0.0,40.09,0.458,2.28,7.02,0.0,5.79,52.0,8.0,25.5
54.81,0.0,9.18,41.42,0.0,15.86,0.997,2.73,7.76,0.0,3.17,76.66,8.0,23.9
19.71,0.0,10.97,15.71,0.0,0.34,0.374,15.81,5.1,0.0,4.92,61.83,4.0,13.9
14.23,0.0,5.98,5.78,1.0,19.61,0.494,3.95,8.03,0.0,7.27,71.43,2.0,28.9
11.85,0.0,8.26,9.86,0.0,19.15,0.39,6.79,5.67,0.0,8.76,53.19,8.0,18.5
31.21,0.0,7.67,47.53,0.0,4.64,1.52,13.39,2.45,0.0,4.64,77.99,2.0,25.5
19.59,10.77,9.98,25.5,0.0,16.83,0.817,5.19,6.99,1.0,6.69,85.15,2.0,18.9
24.71,0.0,10.09,11.12,0.0,68.05,1.377,11.16,3.71,1.0,10.0,63.27,8.0,38.8
29.51,0.0,7.79,30.12,0.0,14.33,2.328,6.39,4.04,0.0,4.96,49.2,4.0,36.4
38.31,9.41,2.14,16.4,0.0,5.29,1.628,3.13,7.89,1.0,5.66,76.31,8.0,44.9
23.62,4.18,5.47,9.72,1.0,18.83,0.435,4.25,7.9,1.0,9.65,53.88,2.0,42.4
27.4,0.0,9.44,26.1,0.0,17.93,1.812,1.24,5.94,0.0,5.32,71.3,4.0,25.9
24.08,0.0,7.64,8.37,0.0,42.36,0.864,2.61,3.38,1.0,8.05,29.04,2.0,27.5
3.39,0.0,8.68,4.76,0.0,1.17,0.854,12.72,2.62,1.0,6.85,86.6,2.0,11.4
21.74,0.0,9.58,15.13,0.0,1.38,1.871,22.33,6.08,0.0,6.28,74.78,2.0,22.9
50.16,4.28,9.24,23.79,1.0,10.57,0.533,7.76,5.61,1.0,4.93,72.03,2.0,40.1
4.79,0.0,7.3,18.11,0.0,17.59,0.981,3.1,4.28,0.0,4.64,85.44,8.0,15.7
17.5,0.0,9.66,7.4,0.0,4.4,0.259,9.53,6.17,0.0,5.32,38.96,8.0,11.6
61.4,15.95,8.47,25.21,0.0,2.6,0.881,5.37,5.32,0.0,4.11,55.02,2.0,36.2
25.92,0.0,11.08,6.88,0.0,81.85,1.873,19.72,3.85,0.0,6.64,50.83,4.0,40.4
39.94,0.0,6.74,10.57,1.0,18.68,0.744,8.2,2.67,0.0,8.67,26.26,2.0,51.2
6.73,0.0,9.39,5.8,0.0,18.9,0.753,3.18,4.9,0.0,6.52,71.63,4.0,14.0
40.33,3.28,8.9,26.98,1.0,18.62,1.843,12.79,4.22,0.0,4.91,47.91,2.0,52.3
9.83,0.0,8.75,16.07,0.0,10.18,0.615,6.12,4.26,0.0,4.22,90.74,4.0,13.7
55.21,0.0,6.85,20.59,1.0,78.0,0.995,11.35,4.82,0.0,1.35,42.45,2.0,60.9
18.8,0.0,4.98,5.62,0.0,82.12,0.671,2.15,5.02,1.0,5.43,77.71,4.0,35.3
50.76,0.0,5.75,23.82,1.0,86.31,0.638,14.6,3.82,1.0,6.36,39.21,2.0,60.9
10.18,0.0,7.3,64.29,0.0,8.74,1.234,2.08,6.39,0.0,6.6,89.82,4.0,18.8
32.78,0.0,5.49,16.73,1.0,5.01,1.317,13.36,4.28,0.0,3.64,64.79,2.0,50.0
43.98,0.0,7.9,13.36,0.0,15.04,2.519,2.77,5.72,0.0,6.23,55.19,4.0,30.4
25.46,13.47,8.35,14.3,0.0,5.25,0.575,14.13,3.1,0.0,7.59,100.0,8.0,25.2
46.57,0.0,6.76,12.85,0.0,7.06,1.318,6.3,3.91,0.0,3.89,86.06,2.0,26.9
11.23,0.0,4.26,7.7,1.0,10.74,0.461,12.11,6.18,0.0,5.67,65.41,2.0,38.2
25.33,0.0,8.0,22.15,0.0,17.24,2.242,3.18,2.04,0.0,7.57,36.98,2.0,30.7
19.72,0.0,8.96,31.13,1.0,9.6,0.949,3.4,7.81,0.0,5.11,51.14,2.0,36.0
19.42,0.0,8.83,11.19,0.0,1.57,2.853,8.07,6.27,1.0,7.04,71.91,2.0,26.2
17.25,15.9,5.13,6.16,0.0,11.6,0.645,3.37,5.09,1.0,6.23,57.77,4.0,21.7
37.47,0.0,5.47,26.03,1.0,60.32,1.135,3.83,6.14,1.0,5.85,43.54,2.0,53.5
32.07,2.74,9.48,18.65,0.0,4.75,0.764,4.31,2.35,1.0,4.57,66.53,4.0,23.9
19.13,0.0,9.13,12.57,0.0,84.27,2.595,7.09,5.79,0.0,3.8,73.25,2.0,34.0
43.08,0.0,6.35,20.06,0.0,11.59,1.836,2.53,1.27,0.0,4.74,100.0,8.0,31.3
62.83,0.0,4.11,22.33,1.0,4.92,1.775,7.64,7.04,0.0,5.74,52.92,2.0,53.5
25.34,0.0,8.68,14.85,1.0,71.98,1.609,5.81,2.99,1.0,9.39,47.57,2.0,57.1
7.54,0.0,6.98,11.92,0.0,13.24,1.596,2.78,6.78,1.0,4.48,87.11,4.0,19.5
18.69,0.0,9.2,15.66,0.0,9.51,1.151,11.07,2.86,1.0,4.71,49.87,2.0,29.4
49.67,9.62,6.67,21.53,0.0,0.04,1.061,21.4,5.1,1.0,9.74,60.48,2.0,31.1
3.55,0.0,13.05,4.29,0.0,43.48,0.314,3.57,5.18,0.0,4.3,66.03,2.0,11.9
12.38,0.0,8.47,37.98,0.0,9.64,0.332,8.58,5.11,1.0,8.26,88.9,2.0,17.5
38.4,0.0,11.85,17.74,1.0,4.2,0.576,6.43,6.29,0.0,7.04,41.37,2.0,38.5
47.47,0.0,7.74,12.69,0.0,9.65,1.622,16.23,2.67,1.0,8.05,65.26,2.0,37.7
24.32,0.0,6.94,13.04,0.0,11.53,1.031,3.24,0.95,1.0,7.05,49.46,4.0,26.3
41.0,0.0,5.66,17.62,1.0,9.33,0.773,12.06,3.43,0.0,6.56,89.79,2.0,37.1
32.28,1.88,6.05,11.94,1.0,10.76,0.634,7.4,7.34,0.0,5.36,75.38,2.0,33.7
25.04,0.0,9.11,8.87,0.0,19.33,0.369,8.05,4.15,0.0,4.17,63.34,8.0,10.8
45.98,0.0,7.88,21.5,0.0,12.64,0.932,7.22,3.61,1.0,7.04,63.93,4.0,32.4
12.22,0.0,4.96,12.94,0.0,3.93,0.451,10.87,8.98,0.0,4.54,78.27,4.0,13.8
27.76,1.06,10.08,9.17,1.0,3.24,0.493,1.88,2.69,1.0,7.5,56.73,2.0,30.5
51.73,0.0,10.4,23.05,1.0,19.02,0.533,6.89,7.03,0.0,3.15,62.18,2.0,37.4
39.14,0.0,4.13,22.27,0.0,19.61,0.685,1.73,2.75,0.0,7.21,58.99,4.0,38.5
46.09,3.8,9.18,13.47,1.0,9.17,0.601,2.77,2.69,0.0,4.92,67.59,2.0,39.9
27.52,8.66,10.5,13.57,0.0,17.23,1.482,10.7,6.89,0.0,3.13,86.1,8.0,23.7
67.91,0.0,3.37,51.53,1.0,12.75,1.167,7.2,6.42,1.0,5.76,53.66,2.0,61.1
54.18,4.55,5.89,28.45,1.0,0.88,1.582,6.87,3.17,1.0,5.36,81.73,2.0,51.0
64.95,0.0,5.35,31.19,0.0,15.46,1.159,2.56,0.46,0.0,3.0,71.54,2.0,44.5
51.26,16.22,7.46,27.96,0.0,77.63,2.078,6.49,4.69,1.0,10.0,54.49,2.0,57.1
11.17,6.03,7.11,24.84,0.0,84.1,0.138,6.15,4.63,0.0,7.5,69.91,2.0,27.2
43.79,0.0,6.78,14.97,0.0,17.81,0.779,13.05,9.24,0.0,2.9,67.42,4.0,23.6
18.15,3.61,8.86,5.6,1.0,10.54,1.385,8.17,2.26,0.0,3.18,75.27,2.0,35.8
17.07,0.0,11.61,10.79,0.0,49.39,0.562,2.61,4.47,0.0,3.16,83.02,4.0,11.5
36.63,11.82,6.36,14.28,1.0,47.39,0.726,6.99,4.76,1.0,7.99,55.2,2.0,37.5
25.88,0.0,7.28,12.17,0.0,16.12,0.394,4.08,4.84,0.0,5.4,59.06,2.0,18.6
16.53,0.0,7.94,20.07,1.0,12.58,0.562,5.74,3.62,0.0,5.79,77.28,2.0,33.2
6.6,0.0,10.12,5.8,1.0,0.75,0.703,3.82,3.88,1.0,5.11,68.37,2.0,36.4
21.39,0.0,5.7,41.18,0.0,17.49,2.517,5.98,4.62,1.0,4.69,85.0,4.0,33.2
44.8,1.13,7.49,11.85,0.0,12.49,0.74,3.38,5.67,1.0,5.93,100.0,4.0,19.5
3.57,0.0,7.02,24.65,0.0,10.9,0.688,3.77,6.96,1.0,8.53,95.53,2.0,17.0
10.5,0.0,6.28,4.02,0.0,55.83,3.648,3.51,5.68,0.0,9.63,44.65,8.0,40.7
22.42,2.84,4.1,21.0,1.0,7.53,2.498,7.84,3.78,0.0,2.54,80.78,2.0,55.1
37.84,2.46,6.54,24.14,1.0,38.66,1.589,11.59,7.44,1.0,9.49,31.61,2.0,50.0
30.68,2.98,9.88,14.41,0.0,5.13,1.309,10.18,5.66,1.0,8.29,74.94,8.0,28.3
15.11,0.0,4.58,20.59,0.0,18.25,0.766,6.78,5.62,0.0,3.23,62.73,8.0,26.4
12.57,0.0,9.71,6.8,1.0,58.3,1.323,0.93,3.22,0.0,5.96,69.35,2.0,34.8
23.37,0.0,7.0,8.8,0.0,9.8,0.926,0.3,7.59,1.0,7.38,67.72,8.0,19.4
45.44,8.07,4.54,27.04,1.0,16.42,0.428,1.25,5.16,1.0,7.49,59.11,2.0,42.9
33.7,0.0,8.68,13.61,0.0,47.07,0.861,14.22,6.92,1.0,8.49,65.86,8.0,29.6
46.05,1.65,10.04,44.24,0.0,16.0,0.838,24.72,4.13,0.0,8.62,87.92,2.0,35.3
54.36,0.0,10.37,29.25,0.0,48.67,0.934,8.63,3.34,0.0,6.41,100.0,4.0,21.5
56.85,0.0,7.86,26.0,1.0,19.18,1.149,15.29,1.64,0.0,5.29,90.11,2.0,34.6
24.69,3.25,7.73,11.81,1.0,92.1,0.642,4.83,5.22,1.0,5.89,70.3,2.0,46.3
28.22,0.0,8.94,9.35,1.0,13.36,1.685,8.13,2.8,1.0,6.86,83.87,2.0,34.6
37.43,0.0,12.83,29.83,0.0,19.8,2.101,2.46,2.8,0.0,5.58,64.04,4.0,34.4
20.03,0.0,7.81,25.29,0.0,18.15,1.735,12.55,6.92,1.0,6.44,65.87,2.0,25.7
51.26,0.0,9.73,16.95,0.0,9.62,0.721,10.8,6.09,0.0,6.63,81.28,8.0,29.3
52.12,10.99,4.93,14.89,0.0,67.43,2.277,18.53,3.07,0.0,8.54,30.01,4.0,50.0
49.65,5.45,5.19,21.78,1.0,3.33,0.981,1.27,0.0,0.0,2.04,76.77,2.0,45.8
27.45,0.0,11.71,15.69,0.0,42.53,3.663,9.43,2.32,1.0,5.88,61.03,2.0,53.2
61.09,10.46,5.92,33.09,1.0,0.39,3.216,6.74,9.65,0.0,8.47,65.7,2.0,60.7
32.21,3.84,8.02,14.77,0.0,87.64,0.463,2.19,5.26,1.0,7.24,37.4,2.0,37.3
6.86,0.0,9.89,31.41,0.0,10.66,0.749,4.66,3.4,1.0,9.39,71.86,2.0,21.5
45.13,0.0,5.86,24.77,0.0,9.08,0.766,3.11,6.71,0.0,3.01,55.81,2.0,21.8
48.68,6.16,5.92,45.68,0.0,0.03,1.478,4.25,3.45,0.0,5.91,73.64,2.0,30.1
10.85,0.0,7.39,4.47,0.0,9.48,1.215,4.33,2.78,0.0,4.49,69.89,4.0,14.1
10.35,0.0,9.35,12.83,1.0,0.29,1.794,2.29,5.51,1.0,6.94,58.32,2.0,34.9
17.95,0.0,9.19,32.23,1.0,13.8,2.201,4.97,5.2,0.0,4.37,87.38,2.0,46.7
31.49,0.0,6.85,9.92,0.0,19.73,0.472,0.87,2.03,0.0,8.27,62.94,2.0,25.5
22.89,0.0,12.37,24.86,0.0,17.81,2.687,12.79,4.27,0.0,4.04,76.67,8.0,25.9
20.97,7.76,7.38,6.25,0.0,3.86,0.868,12.05,2.64,1.0,9.28,50.82,4.0,25.0
29.84,0.0,8.31,9.74,0.0,12.8,0.953,19.15,5.69,0.0,5.14,63.41,4.0,26.0
10.37,0.0,11.38,4.51,0.0,5.33,0.207,3.82,4.65,1.0,10.0,51.91,8.0,18.3
12.98,0.0,6.86,5.76,0.0,10.82,0.951,0.56,7.28,0.0,6.28,68.84,8.0,16.8
5.18,0.0,7.8,18.31,0.0,9.18,0.491,21.05,2.29,1.0,4.39,74.4,8.0,18.9
38.58,26.4,5.25,16.23,1.0,5.15,0.473,5.4,5.66,0.0,5.28,74.85,2.0,39.4
18.43,0.0,5.5,12.83,1.0,10.79,0.815,4.85,3.62,0.0,4.68,98.27,2.0,28.0
51.14,0.0,6.99,16.44,1.0,13.56,0.949,3.28,6.57,0.0,6.27,84.11,2.0,45.4
48.05,0.0,11.66,20.95,0.0,13.72,2.432,35.74,0.15,0.0,5.37,41.55,2.0,45.7
40.95,0.0,11.43,37.09,0.0,3.65,2.179,4.63,7.65,0.0,1.99,83.96,4.0,28.7
39.27,23.61,6.78,11.92,0.0,0.41,0.81,17.38,6.96,0.0,4.34,57.14,8.0,33.8
15.36,0.0,10.9,91.22,0.0,15.92,1.067,2.31,5.36,0.0,4.11,81.52,2.0,21.3
37.43,2.76,8.53,16.64,1.0,13.2,1.933,3.03,8.5,1.0,7.01,37.69,2.0,43.1
37.31,0.0,7.02,12.67,0.0,9.08,0.468,13.1,3.91,1.0,7.65,65.28,2.0,23.1
19.54,12.07,10.25,6.77,0.0,77.14,0.8,7.67,8.08,1.0,8.47,64.63,8.0,29.4
18.6,0.0,6.54,16.91,0.0,17.71,0.702,9.59,6.54,0.0,6.15,50.34,4.0,19.9
65.7,0.0,8.97,27.24,1.0,93.53,0.609,6.33,4.57,1.0,2.19,79.69,2.0,43.8
39.4,0.0,6.8,12.28,0.0,8.93,0.773,8.36,8.51,0.0,6.08,100.0,8.0,14.8
18.0,0.0,7.56,27.6,1.0,57.73,0.219,9.17,5.77,1.0,9.74,59.94,2.0,41.8
24.85,0.0,9.33,20.3,0.0,13.73,0.369,8.3,4.36,0.0,5.35,82.04,4.0,14.8
9.94,0.0,12.77,24.66,0.0,88.08,0.525,3.01,6.84,0.0,3.8,72.77,4.0,23.6
7.62,0.0,11.63,26.84,1.0,14.28,1.21,7.31,4.18,1.0,5.28,56.78,2.0,39.8
29.36,0.0,8.8,9.18,0.0,5.48,0.422,9.76,2.57,1.0,8.79,57.68,2.0,24.4
9.22,0.0,8.85,27.06,0.0,2.44,0.989,5.22,5.8,0.0,5.69,75.98,2.0,14.1
20.58,0.0,9.95,21.12,0.0,1.26,1.542,6.27,5.66,1.0,5.88,96.26,8.0,15.6
19.9,0.0,11.13,18.82,0.0,54.42,0.558,8.35,5.18,0.0,5.35,80.03,2.0,17.3
22.32,0.0,4.81,12.57,1.0,0.43,1.299,12.29,4.93,0.0,4.21,42.99,2.0,39.8
7.52,0.0,8.52,25.51,0.0,19.64,1.12,4.47,3.89,0.0,4.14,88.67,4.0,14.0
20.69,0.0,6.27,31.77,0.0,85.83,0.803,8.9,3.23,0.0,5.08,78.08,4.0,27.2
50.17,0.0,7.06,25.49,0.0,10.76,0.878,8.83,7.29,0.0,5.39,17.13,2.0,37.2
37.1,0.0,5.37,23.17,1.0,5.24,0.865,9.94,5.36,0.0,3.52,82.78,2.0,39.6
24.63,0.0,4.65,49.18,1.0,14.61,3.345,15.13,5.2,0.0,4.3,68.63,2.0,59.0
24.9,7.75,4.68,6.31,0.0,19.92,0.458,10.85,1.92,0.0,8.44,90.62,2.0,26.1
4.63,0.0,7.75,30.12,0.0,7.23,2.524,3.85,6.73,0.0,3.17,86.92,2.0,19.4
25.96,0.0,9.39,15.86,0.0,7.63,0.513,4.8,3.51,0.0,5.44,79.12,4.0,15.8
21.54,3.59,6.3,36.34,1.0,17.02,1.359,5.55,3.88,0.0,6.19,70.71,2.0,46.2
14.59,0.0,6.83,7.15,0.0,7.72,0.238,10.96,6.28,0.0,3.83,75.62,2.0,15.2
21.99,8.31,8.14,18.14,1.0,73.76,0.315,6.24,3.43,1.0,5.94,31.49,2.0,47.6
38.7,3.92,7.94,22.08,0.0,3.41,2.331,5.96,4.99,0.0,3.58,40.56,4.0,24.9
34.88,0.0,11.36,23.78,0.0,18.27,0.501,7.58,5.25,1.0,5.01,78.37,4.0,15.9
8.81,0.0,10.61,9.54,1.0,2.72,1.386,20.16,5.45,1.0,9.88,71.87,2.0,34.6
25.4,0.0,6.19,11.75,0.0,14.71,1.101,2.93,5.33,1.0,6.13,79.6,4.0,23.9
39.8,7.24,5.6,24.98,0.0,6.35,1.028,4.23,5.69,0.0,4.98,61.03,2.0,22.6
61.09,10.43,7.41,31.91,1.0,16.2,1.729,9.11,7.06,1.0,5.2,54.68,2.0,51.1
19.62,5.69,5.96,13.38,1.0,3.38,1.348,0.64,5.6,0.0,5.76,60.87,2.0,41.3
32.79,14.72,5.6,22.59,0.0,45.43,0.969,5.25,8.37,0.0,3.85,48.9,4.0,38.5
8.54,0.57,5.25,37.34,0.0,10.13,0.122,11.51,4.48,0.0,6.48,87.57,2.0,17.0
33.48,0.0,5.38,18.4,0.0,5.75,0.929,7.76,5.04,0.0,3.18,81.94,4.0,23.4
43.81,7.13,9.35,11.45,0.0,42.87,2.928,7.92,9.99,1.0,10.0,73.56,4.0,45.1
43.38,0.0,8.03,23.97,0.0,19.2,0.712,8.23,3.42,1.0,5.83,92.75,2.0,30.0
41.05,0.0,6.51,12.55,0.0,15.16,0.879,3.75,3.76,0.0,5.64,53.96,8.0,30.6
25.66,9.94,6.06,18.36,1.0,1.16,0.363,7.62,4.28,1.0,7.69,46.52,2.0,44.7
25.09,0.0,11.68,26.56,0.0,19.55,0.712,20.15,8.62,0.0,6.75,62.99,4.0,25.8
30.32,0.0,6.78,15.68,0.0,14.41,0.955,8.5,6.18,1.0,4.1,75.21,4.0,22.3
43.32,6.5,7.87,29.22,0.0,5.05,0.798,11.18,6.9,1.0,5.15,56.72,4.0,24.1
34.91,0.0,9.7,27.57,0.0,19.2,0.953,13.94,4.44,1.0,6.26,47.64,8.0,35.5
59.7,0.0,10.1,40.06,1.0,9.91,1.017,7.44,3.16,1.0,9.24,53.63,2.0,55.6
47.71,0.0,5.87,51.4,0.0,10.87,2.315,7.44,2.89,1.0,6.61,83.16,2.0,35.9
36.73,0.0,5.1,40.28,0.0,4.96,0.604,8.24,4.34,0.0,8.38,79.85,8.0,26.5
47.35,2.23,5.1,12.09,1.0,19.93,1.899,8.04,7.29,1.0,10.0,92.29,2.0,47.2
10.83,0.0,10.14,7.9,0.0,6.08,0.505,3.77,4.68,1.0,6.93,95.03,4.0,5.6
44.2,0.0,11.66,14.42,0.0,46.73,0.677,5.77,5.88,1.0,10.0,68.36,4.0,21.8
31.19,0.0,9.6,23.91,0.0,11.67,1.475,1.2,0.65,0.0,4.3,34.19,4.0,22.2
53.34,0.0,6.08,21.53,0.0,14.28,0.718,11.4,4.2,0.0,5.48,72.7,2.0,27.8
24.37,0.0,10.64,10.08,0.0,1.47,0.915,2.32,3.59,0.0,5.72,71.25,4.0,14.5
21.59,0.0,7.41,10.74,0.0,9.93,0.799,4.96,5.54,1.0,9.78,73.52,4.0,17.8
52.3,0.0,5.77,19.19,0.0,4.6,2.867,7.07,8.73,0.0,7.18,57.74,4.0,36.0
10.81,0.0,8.01,21.02,0.0,85.8,0.777,2.86,7.22,1.0,6.91,35.79,4.0,35.4
21.51,0.43,7.14,6.59,0.0,10.51,1.065,7.12,3.98,1.0,5.84,73.11,2.0,22.1
45.21,0.0,6.24,15.31,0.0,9.06,1.927,10.51,2.12,1.0,7.78,41.37,2.0,38.0
25.93,10.34,9.43,24.57,0.0,9.09,1.378,8.25,5.94,1.0,8.28,86.27,2.0,26.8
28.91,0.0,7.1,30.54,0.0,7.6,1.066,21.19,5.34,0.0,7.51,43.44,2.0,25.5
58.48,0.0,4.07,28.82,0.0,6.25,0.985,7.63,5.47,0.0,8.28,33.36,4.0,38.6
33.4,0.0,9.17,24.5,1.0,0.57,1.354,5.81,3.83,0.0,4.48,77.41,2.0,31.6
31.82,16.73,4.13,19.26,0.0,11.86,0.957,4.43,6.61,0.0,3.93,61.93,2.0,23.2
22.18,0.0,6.49,19.57,0.0,18.21,1.004,4.85,4.5,0.0,5.97,32.72,4.0,26.0
2.41,0.0,10.33,1.3,1.0,9.82,1.217,16.64,2.21,0.0,2.43,55.68,2.0,33.0
2.47,0.0,7.48,14.18,1.0,74.83,2.006,15.91,7.93,0.0,8.13,70.95,2.0,44.7
42.34,8.94,5.75,14.2,0.0,6.16,0.755,11.51,5.66,0.0,3.38,73.29,4.0,32.7
14.36,0.0,8.65,19.86,0.0,5.22,0.524,1.57,7.66,1.0,7.23,62.11,8.0,16.3
5.8,0.0,8.25,8.96,0.0,8.77,0.846,4.09,6.8,0.0,2.31,68.31,8.0,14.7
23.36,0.0,7.44,34.21,0.0,1.08,0.902,5.9,6.72,0.0,3.59,65.98,8.0,14.6
41.14,0.0,3.08,22.07,0.0,4.73,1.096,4.66,10.0,0.0,6.28,48.54,4.0,36.2
22.95,3.05,7.6,8.98,0.0,49.93,0.593,8.47,6.73,0.0,3.08,34.09,4.0,27.9
22.9,0.0,11.54,7.77,1.0,9.1,0.396,9.39,2.13,0.0,4.22,65.25,2.0,38.0
65.66,0.0,8.29,20.11,0.0,0.93,0.705,9.23,2.81,1.0,10.0,81.34,8.0,37.5
12.48,8.25,6.88,12.16,0.0,64.51,0.303,1.22,4.38,0.0,5.96,54.28,4.0,20.6
7.6,0.0,9.71,28.72,1.0,19.58,0.399,1.1,1.81,1.0,6.26,72.79,2.0,27.8
35.37,0.0,9.19,14.74,0.0,15.62,2.635,7.23,2.3,0.0,2.25,87.38,2.0,23.5
10.24,19.97,4.61,15.67,1.0,47.99,1.076,8.34,7.88,0.0,7.49,38.67,2.0,52.3
5.62,0.0,11.35,3.24,0.0,6.61,1.403,2.8,6.85,0.0,8.4,81.94,2.0,15.7
39.91,0.0,8.13,25.86,0.0,15.11,0.524,10.27,6.8,0.0,0.56,39.26,2.0,20.0
24.34,0.0,7.65,13.98,0.0,12.82,0.864,4.42,3.56,1.0,4.21,100.0,2.0,18.0
42.5,0.0,10.91,23.57,1.0,90.85,1.573,6.21,3.03,0.0,6.71,46.86,2.0,52.8
19.69,0.0,4.27,35.23,1.0,7.47,0.426,1.98,4.36,0.0,3.65,88.57,2.0,32.0
8.28,0.0,6.4,12.24,1.0,16.75,0.823,3.07,7.18,1.0,8.92,69.18,2.0,34.9
11.45,0.0,9.94,5.05,0.0,14.16,0.498,2.9,4.63,0.0,3.9,50.17,4.0,17.7
48.65,0.0,8.89,23.08,1.0,14.54,0.556,9.67,6.69,0.0,7.71,30.6,2.0,44.0
31.33,0.0,11.35,18.39,0.0,3.94,0.364,14.72,8.63,1.0,4.26,74.32,4.0,13.7
33.26,4.81,2.91,26.73,0.0,6.08,1.105,22.81,4.31,0.0,4.46,70.7,4.0,34.0
25.1,0.0,9.96,16.32,0.0,7.24,0.688,4.01,2.49,1.0,6.45,73.6,2.0,16.2
12.44,0.0,6.14,32.39,0.0,6.09,0.723,12.74,9.01,1.0,8.38,57.76,2.0,21.9
28.22,0.0,8.99,26.17,1.0,30.93,0.367,1.31,6.13,1.0,7.02,65.8,2.0,42.0
68.74,18.71,4.56,27.45,0.0,93.51,1.594,12.54,3.0,0.0,4.47,64.91,4.0,59.6
16.12,0.0,10.22,13.18,0.0,13.0,2.867,4.79,3.32,1.0,6.26,84.57,2.0,27.4
57.46,0.0,6.81,17.17,0.0,11.0,1.857,11.43,7.32,0.0,1.13,68.09,4.0,36.0
41.25,4.04,9.3,16.85,0.0,12.26,0.7,4.95,4.56,0.0,4.11,34.49,4.0,28.1
55.11,0.0,5.69,15.05,0.0,79.6,0.518,8.07,2.67,0.0,3.39,55.38,4.0,44.6
64.16,10.81,5.62,24.13,1.0,1.37,1.752,5.93,2.45,0.0,5.97,58.43,2.0,55.1
14.91,6.41,8.17,4.6,0.0,13.48,1.729,5.67,6.61,1.0,5.71,71.99,2.0,22.9
8.43,0.0,12.1,12.61,0.0,16.19,1.1,8.12,6.27,0.0,6.41,70.29,8.0,19.6
41.66,0.0,9.42,12.92,0.0,8.73,0.939,3.44,8.65,0.0,4.03,80.27,4.0,9.9
39.03,2.03,7.99,23.07,0.0,6.19,1.866,2.46,0.0,0.0,4.65,56.27,8.0,27.9
11.5,11.3,8.58,12.6,0.0,10.97,0.895,9.54,5.23,0.0,4.98,55.42,2.0,18.7
47.53,0.0,9.75,17.26,0.0,15.24,0.958,5.88,3.18,0.0,3.69,85.63,4.0,19.8
36.62,8.08,7.68,10.86,0.0,17.31,1.634,4.49,1.83,1.0,7.21,47.98,4.0,31.5
29.89,0.0,6.05,16.44,0.0,13.25,2.078,6.06,4.65,0.0,1.96,65.48,4.0,37.7
9.19,0.0,9.98,10.62,0.0,12.87,0.473,8.28,5.81,0.0,5.92,68.11,4.0,14.7
53.11,7.97,6.39,51.19,0.0,17.91,0.736,5.79,7.28,0.0,5.31,29.76,4.0,41.5
67.71,0.0,6.26,23.12,0.0,58.41,1.316,11.11,8.9,1.0,7.99,61.86,2.0,29.0
27.66,15.39,4.75,24.29,0.0,7.22,1.103,10.17,2.77,1.0,9.33,68.95,2.0,43.3
30.63,7.31,8.36,12.04,0.0,3.76,0.899,11.05,5.56,0.0,8.9,70.65,2.0,17.1
23.62,0.0,9.32,8.99,1.0,2.68,1.914,6.35,3.88,0.0,4.42,52.68,2.0,44.1
39.37,11.78,4.49,24.22,0.0,7.44,1.455,6.9,2.13,0.0,3.49,47.47,8.0,38.0
3.65,0.0,6.68,6.73,1.0,0.56,0.937,3.66,7.61,0.0,4.15,45.73,2.0,24.8
24.9,0.0,12.04,14.97,0.0,12.77,0.816,3.03,7.24,0.0,7.98,88.39,4.0,17.7
44.72,2.31,9.1,11.43,0.0,17.5,2.731,7.85,5.79,0.0,3.03,70.92,2.0,24.5
18.18,0.0,8.63,9.17,0.0,67.56,1.6,3.76,6.16,0.0,10.0,47.19,8.0,33.2
51.81,0.0,8.66,18.27,1.0,86.84,3.008,3.81,4.16,0.0,5.26,35.34,2.0,56.7
64.32,27.84,2.79,18.77,0.0,18.49,1.328,11.11,5.77,1.0,7.71,43.45,4.0,68.2
50.43,0.0,7.14,19.08,1.0,11.87,0.85,8.09,5.38,1.0,10.0,68.34,2.0,38.7
27.62,3.65,7.78,7.96,0.0,2.61,1.771,5.46,4.48,0.0,4.3,67.75,2.0,24.8
40.06,0.0,9.73,20.52,1.0,3.92,0.98,13.51,6.67,1.0,7.8,39.47,2.0,42.9
19.27,0.0,5.6,11.31,1.0,7.1,0.569,9.47,3.71,0.0,7.47,47.65,2.0,40.8
76.48,0.0,4.67,25.16,1.0,64.57,1.211,13.38,7.29,1.0,5.07,45.37,2.0,61.9
9.84,1.96,6.02,16.95,0.0,8.28,1.296,9.83,7.81,1.0,3.74,83.4,8.0,23.5
67.23,0.0,8.69,19.63,0.0,34.4,1.247,8.25,6.3,0.0,5.43,48.54,8.0,48.5
49.79,0.0,7.3,42.62,0.0,19.93,0.86,2.01,5.33,1.0,4.66,64.76,2.0,27.6
12.82,0.0,6.78,5.93,0.0,15.05,0.722,11.03,4.5,1.0,7.85,84.52,2.0,17.2
44.91,0.0,7.21,30.67,0.0,12.26,0.796,5.29,4.11,0.0,4.65,84.39,2.0,18.6
30.91,6.88,5.98,34.4,1.0,17.05,0.572,13.41,5.78,0.0,7.03,78.08,2.0,42.9
23.71,0.0,5.42,6.54,0.0,35.25,0.369,25.72,3.05,0.0,6.84,90.07,4.0,27.4
23.05,0.0,10.83,9.82,0.0,16.98,1.902,9.86,2.87,1.0,3.83,70.85,4.0,25.0
24.01,4.06,7.49,7.81,0.0,13.02,1.897,3.72,2.95,0.0,4.2,53.34,2.0,26.5
31.66,0.0,10.62,21.99,0.0,62.34,1.115,1.62,4.14,1.0,4.64,89.39,2.0,24.1
61.92,0.0,4.24,20.19,1.0,7.5,0.858,1.37,3.02,0.0,5.81,77.24,2.0,46.7
4.93,0.0,9.86,4.17,1.0,8.76,0.58,4.63,2.41,1.0,4.64,54.19,2.0,27.2
10.26,0.0,5.81,9.99,0.0,3.21,0.309,7.85,3.41,0.0,7.11,78.57,4.0,20.5
8.03,0.0,13.65,11.06,0.0,70.52,0.257,1.51,4.78,1.0,3.77,24.46,4.0,21.3
50.14,0.0,4.04,36.39,0.0,15.3,0.787,7.24,4.35,1.0,6.79,69.81,8.0,35.1
31.37,0.0,11.65,31.76,0.0,12.8,1.313,8.09,5.51,0.0,3.45,28.29,4.0,34.7
12.93,0.0,8.57,7.15,0.0,6.32,0.259,14.67,7.21,0.0,4.11,54.09,4.0,11.1
25.87,0.0,7.86,7.79,0.0,10.28,1.35,1.98,5.6,0.0,3.97,57.08,4.0,17.6
36.48,8.6,8.05,21.55,0.0,7.45,1.23,11.06,2.58,1.0,7.03,47.66,4.0,31.3
12.49,0.0,6.75,10.27,0.0,4.78,1.015,21.04,7.24,1.0,4.8,68.44,2.0,23.2
30.69,0.0,9.65,33.06,0.0,78.39,0.96,9.36,4.76,0.0,4.05,43.29,8.0,30.6
34.92,0.0,9.67,34.77,1.0,83.14,1.186,8.4,5.55,0.0,8.46,57.14,2.0,53.6
3.03,0.0,8.93,13.89,1.0,77.21,0.663,5.21,5.82,0.0,5.12,78.86,2.0,31.0
42.34,4.94,7.64,20.75,0.0,0.03,0.491,8.06,5.49,0.0,8.21,51.58,4.0,31.8
54.33,7.84,10.29,24.7,0.0,0.76,2.653,2.06,8.96,0.0,4.83,81.66,4.0,27.0
38.85,5.95,8.42,19.68,0.0,3.73,0.799,17.87,4.7,0.0,3.95,100.0,4.0,8.4
19.45,0.0,6.85,15.77,0.0,15.0,0.677,9.24,7.17,0.0,2.67,68.28,2.0,22.8
28.0,0.0,9.66,12.39,0.0,14.67,0.968,4.48,5.06,0.0,6.0,38.26,8.0,29.0
15.92,0.0,7.45,8.77,0.0,8.35,2.66,14.34,5.2,0.0,8.09,74.71,8.0,27.6
37.19,0.0,6.42,15.19,1.0,19.97,1.719,2.42,4.32,0.0,7.18,62.1,2.0,39.8
50.36,0.0,8.51,48.7,0.0,10.11,1.259,4.29,1.69,1.0,8.32,92.81,4.0,24.7
17.54,16.26,4.5,4.65,0.0,13.14,0.844,4.05,6.31,1.0,9.65,46.51,8.0,30.7
31.38,0.0,8.15,12.6,1.0,32.57,0.749,2.45,6.57,1.0,8.51,60.74,2.0,40.0
26.59,0.0,9.55,12.44,1.0,18.62,1.205,3.45,0.0,1.0,8.92,61.66,2.0,45.1
36.89,0.0,11.71,21.66,1.0,2.57,0.717,5.85,4.92,1.0,8.68,65.99,2.0,26.2
43.35,11.32,7.62,15.29,1.0,1.1,1.025,2.84,5.23,0.0,6.81,57.96,2.0,39.0
27.77,0.0,5.23,34.26,1.0,11.0,2.017,4.45,4.97,1.0,4.92,67.55,2.0,48.0
12.61,1.52,5.81,25.54,0.0,13.1,0.731,10.24,5.98,1.0,5.89,81.25,4.0,17.9
18.41,0.0,11.9,33.08,1.0,16.76,1.194,2.3,4.13,0.0,8.67,66.56,2.0,39.7
28.31,0.0,6.88,17.41,1.0,49.56,0.756,11.01,5.4,1.0,5.81,73.48,2.0,34.6
39.62,0.0,4.78,35.56,0.0,42.37,0.811,2.97,8.83,0.0,2.89,81.66,2.0,24.7
57.79,0.0,5.26,18.36,0.0,68.69,2.164,4.0,1.35,1.0,8.1,52.57,8.0,59.0
65.93,2.36,8.33,25.42,0.0,15.62,1.776,5.33,6.14,1.0,6.67,35.81,4.0,36.7
9.39,0.0,8.94,3.03,0.0,5.75,1.633,7.77,4.27,1.0,10.0,61.11,4.0,18.9
48.97,0.0,8.83,26.18,0.0,17.18,1.377,20.1,3.89,1.0,4.23,44.77,2.0,36.2
28.26,0.0,8.09,20.79,0.0,2.4,0.996,6.26,7.88,0.0,2.65,87.97,4.0,9.0
72.66,0.0,4.61,28.61,0.0,8.49,0.69,3.04,5.16,0.0,8.92,68.25,8.0,42.4
24.0,2.11,4.45,13.01,0.0,14.24,0.489,30.46,4.58,0.0,3.21,78.0,2.0,23.0
40.87,0.0,6.1,28.22,1.0,7.13,0.57,5.9,5.3,0.0,3.83,79.01,2.0,42.0
41.37,14.76,6.23,35.16,1.0,13.27,0.924,15.17,2.56,0.0,4.41,87.74,2.0,52.4
29.12,0.0,5.76,44.68,1.0,19.67,1.114,11.69,7.78,1.0,2.5,83.53,2.0,49.9
44.24,0.0,9.64,24.36,0.0,0.86,0.612,3.27,6.2,0.0,6.03,49.64,8.0,20.3
4.44,0.0,6.87,9.51,1.0,0.65,0.247,7.14,3.57,0.0,2.31,54.14,2.0,27.7
16.87,0.0,5.19,9.5,0.0,12.04,0.671,16.86,3.94,0.0,6.2,66.75,4.0,20.5
23.03,0.0,8.31,20.65,0.0,90.34,0.358,11.97,5.13,0.0,1.94,83.72,2.0,31.9
19.28,0.0,9.94,8.7,0.0,60.88,1.903,3.7,6.95,0.0,6.44,34.83,8.0,33.1
14.04,6.5,10.78,17.58,0.0,9.31,0.394,24.54,3.02,1.0,6.58,67.97,4.0,29.1
12.02,2.99,5.06,7.04,0.0,4.52,0.646,6.94,3.2,1.0,6.67,81.09,4.0,26.0
48.47,0.0,10.39,20.86,0.0,73.22,0.742,3.95,6.23,0.0,6.23,52.16,4.0,32.8
34.12,0.0,8.35,11.95,1.0,0.09,0.824,28.57,3.77,0.0,6.78,100.0,2.0,36.1
5.47,0.0,7.59,7.14,1.0,10.49,0.134,22.78,4.23,1.0,7.18,54.97,2.0,33.2
28.74,0.0,9.5,20.08,0.0,16.32,2.074,9.48,5.71,1.0,6.97,60.26,4.0,29.9
19.78,0.0,11.12,24.91,0.0,92.52,2.268,12.86,1.53,0.0,3.99,66.8,2.0,41.1
34.08,0.0,4.62,15.23,1.0,8.81,0.476,13.82,6.86,1.0,7.8,62.02,2.0,37.9
72.44,10.21,4.74,19.01,1.0,76.53,1.382,5.91,3.53,0.0,7.8,67.43,2.0,68.2
12.5,3.72,7.09,4.08,1.0,13.55,0.951,11.57,9.27,1.0,8.05,91.9,2.0,32.9
16.68,0.0,9.75,30.44,0.0,84.05,0.814,1.65,9.09,0.0,2.74,50.19,2.0,19.8
17.3,7.02,10.56,58.63,1.0,14.84,1.732,5.58,8.09,1.0,7.03,22.64,2.0,51.6
18.39,0.0,8.6,12.83,1.0,9.97,1.342,12.67,3.31,0.0,3.7,92.41,2.0,25.0
7.11,0.0,8.2,2.83,0.0,18.21,0.502,6.49,2.69,1.0,4.79,90.69,8.0,17.4
32.37,0.0,8.92,11.14,1.0,19.75,1.463,1.47,4.48,0.0,4.45,33.35,2.0,37.8
17.11,11.68,6.62,6.92,1.0,14.34,0.561,1.27,6.86,1.0,7.81,65.93,2.0,32.0
25.82,0.0,3.89,31.73,0.0,38.44,0.381,10.52,6.8,1.0,8.32,64.61,8.0,33.8
18.3,0.0,9.49,10.54,0.0,18.81,2.198,11.19,4.62,1.0,7.97,59.26,4.0,27.2
71.71,10.73,7.53,100.0,1.0,11.4,3.052,12.83,0.0,0.0,3.61,74.4,2.0,74.0
34.64,0.0,10.11,11.21,0.0,5.88,0.499,10.37,5.33,0.0,3.17,69.58,8.0,10.5
34.28,11.11,4.33,11.46,1.0,14.66,1.02,25.32,1.59,0.0,2.43,65.51,2.0,48.1
42.37,2.43,8.65,16.52,0.0,3.31,1.922,11.42,5.6,0.0,4.75,73.98,2.0,26.3
31.86,0.0,11.11,13.24,0.0,77.2,0.945,7.69,4.96,0.0,6.12,91.54,4.0,24.2
75.58,0.0,11.79,41.0,0.0,7.96,1.19,4.17,2.75,1.0,7.93,53.15,4.0,36.0
34.27,0.0,8.93,18.15,0.0,40.08,1.162,11.84,8.92,1.0,5.13,49.63,4.0,30.9
17.53,0.0,10.44,20.19,0.0,8.67,1.136,2.55,5.19,0.0,8.27,83.63,2.0,11.9
21.88,0.0,6.36,17.42,0.0,12.45,0.88,13.29,6.56,1.0,7.46,81.63,2.0,18.0
52.72,12.6,3.66,25.12,0.0,17.29,1.935,6.06,7.33,0.0,6.5,46.75,8.0,39.2
13.61,6.06,9.84,10.89,0.0,2.72,0.911,4.92,3.32,1.0,8.07,56.09,2.0,16.0
2.98,0.0,4.84,24.22,0.0,13.54,0.561,1.34,5.58,0.0,2.18,59.19,2.0,19.3
16.83,0.0,8.81,23.82,0.0,13.51,2.613,4.23,1.84,0.0,6.47,56.91,4.0,29.2
51.69,0.0,10.31,16.75,0.0,11.01,0.751,17.59,4.75,1.0,9.95,48.34,2.0,26.4
40.4,0.0,9.21,16.19,0.0,18.13,1.266,2.29,3.41,0.0,3.06,92.49,8.0,16.5
41.47,0.0,9.17,13.72,0.0,10.59,0.911,2.96,4.79,0.0,3.11,54.95,8.0,20.5
8.62,0.0,8.64,12.17,0.0,3.16,0.991,2.98,4.67,0.0,5.85,74.59,4.0,11.7
7.64,0.0,7.95,14.94,0.0,13.42,0.332,3.27,3.26,0.0,5.16,67.49,2.0,5.8
13.61,0.0,12.9,8.73,1.0,8.34,0.351,9.05,7.03,0.0,6.03,69.89,2.0,26.9
37.55,0.0,10.34,15.59,1.0,19.83,1.098,6.5,6.11,0.0,2.94,72.95,2.0,31.1
37.39,0.0,9.57,13.13,1.0,16.27,1.252,12.28,4.75,1.0,8.39,55.93,2.0,39.2
5.61,0.0,8.89,4.38,0.0,2.74,0.131,4.21,10.0,0.0,1.87,70.52,4.0,2.5
34.02,5.32,6.17,14.47,0.0,7.47,1.17,4.35,2.52,0.0,4.34,28.36,2.0,32.3
47.43,0.0,9.74,19.54,0.0,3.14,0.968,30.5,2.24,1.0,7.63,46.06,4.0,26.6
70.01,2.42,6.0,21.22,0.0,18.09,0.692,7.29,8.22,1.0,5.57,70.25,4.0,27.2
23.18,14.97,6.67,8.53,0.0,0.61,0.411,18.52,7.01,0.0,5.14,64.31,4.0,19.7
10.38,6.21,9.18,46.92,0.0,70.81,0.292,1.17,7.52,0.0,7.13,36.7,4.0,22.0
21.11,0.0,8.79,10.86,0.0,4.12,0.861,6.71,8.19,0.0,3.4,61.66,2.0,16.3
27.51,0.0,11.27,17.73,0.0,9.07,0.278,4.88,8.07,1.0,6.25,84.02,4.0,16.2
69.11,12.33,2.81,32.31,0.0,15.85,1.472,2.58,3.22,0.0,0.38,100.0,4.0,38.9
11.06,0.0,8.8,14.7,1.0,0.47,0.588,12.0,4.7,0.0,5.33,42.79,2.0,29.5
55.97,0.0,11.6,30.41,1.0,74.74,2.983,3.72,6.57,0.0,7.6,37.23,2.0,70.2
24.78,0.0,10.05,16.32,0.0,16.73,0.25,14.7,2.09,0.0,2.95,100.0,2.0,11.3
34.76,0.0,7.56,10.09,0.0,5.85,0.707,4.88,3.47,1.0,6.03,65.82,2.0,15.9
26.54,0.0,9.8,17.24,1.0,6.19,0.262,8.47,8.95,0.0,7.05,79.99,2.0,28.4
91.25,0.0,6.17,29.48,0.0,5.66,1.344,5.38,2.44,0.0,7.89,72.8,8.0,34.9
27.54,0.0,11.11,10.43,0.0,13.65,0.632,8.35,6.13,0.0,4.88,74.57,2.0,16.2
6.69,0.0,10.44,36.66,1.0,17.71,1.621,10.38,5.14,0.0,3.17,49.41,2.0,34.6
33.21,2.39,5.98,9.18,1.0,79.69,0.623,21.17,6.03,1.0,6.12,58.55,2.0,51.5
25.72,0.0,8.71,20.02,0.0,19.44,0.44,11.12,2.28,1.0,8.08,62.13,2.0,22.8
19.4,0.0,9.26,17.79,0.0,3.06,0.556,3.34,6.11,0.0,3.66,83.96,2.0,3.7
18.03,0.0,9.4,33.21,1.0,17.43,0.888,9.25,1.29,0.0,4.03,95.35,2.0,39.0
37.29,0.0,8.52,20.99,1.0,7.08,0.834,7.69,4.29,1.0,5.55,57.95,2.0,39.3
58.89,0.0,8.36,19.77,0.0,3.39,1.468,5.36,4.74,0.0,6.87,75.77,4.0,23.9
13.73,0.0,9.43,4.21,0.0,13.58,1.129,4.04,5.53,0.0,5.3,69.92,4.0,11.7
15.67,2.74,6.76,4.95,0.0,5.04,0.5,10.5,7.69,0.0,3.89,76.64,4.0,6.8
40.35,6.66,6.08,15.77,0.0,2.8,0.621,1.92,3.1,0.0,5.19,76.16,8.0,30.3
44.1,0.0,7.17,36.21,1.0,51.82,1.136,2.97,7.03,0.0,5.92,78.92,2.0,44.2
50.88,5.87,6.96,14.04,1.0,3.53,1.713,17.43,8.14,0.0,1.76,59.22,2.0,32.8
14.61,0.0,8.06,14.0,0.0,10.43,0.194,11.77,3.4,0.0,5.86,37.76,8.0,22.1
37.83,2.28,9.8,32.73,1.0,59.04,1.06,4.51,1.37,1.0,9.56,48.45,2.0,53.9
34.97,6.92,5.2,41.59,0.0,0.08,0.759,6.34,4.29,0.0,3.52,60.96,8.0,38.6
27.01,0.0,4.72,13.88,0.0,7.34,0.442,5.48,7.57,0.0,3.53,90.02,4.0,27.9
52.27,3.65,10.93,33.87,0.0,12.34,1.352,10.25,7.78,0.0,7.2,82.18,8.0,31.3
30.79,0.0,6.44,13.34,0.0,9.77,0.616,14.34,3.43,1.0,3.24,98.91,4.0,28.8
10.43,0.0,10.89,16.52,1.0,11.8,1.557,1.43,5.35,1.0,10.0,67.76,2.0,37.1
59.4,12.13,6.98,29.12,0.0,0.47,2.639,5.63,6.63,0.0,2.89,86.29,4.0,36.0
8.74,0.0,7.17,5.5,0.0,10.67,0.31,9.0,7.22,0.0,4.05,68.98,8.0,10.8
27.62,0.0,7.91,16.98,0.0,13.2,0.872,11.05,6.64,1.0,5.1,51.75,4.0,25.8
51.78,0.0,6.88,30.99,0.0,11.97,0.868,9.29,8.14,1.0,4.62,50.63,4.0,29.8
23.31,9.17,7.91,27.7,0.0,0.85,0.59,1.5,6.76,0.0,5.71,14.36,8.0,23.9
12.3,0.0,7.1,15.56,0.0,2.1,0.593,3.51,4.93,1.0,7.99,78.32,4.0,18.0
22.34,0.0,7.98,22.69,1.0,13.77,0.667,4.79,5.59,1.0,5.62,95.53,2.0,29.0
49.92,3.77,6.98,16.66,1.0,2.91,2.324,12.48,5.52,1.0,4.13,81.98,2.0,40.4
13.41,0.0,10.8,26.7,0.0,6.2,1.309,6.08,6.51,0.0,4.05,75.38,8.0,14.8
40.03,0.0,6.98,29.28,0.0,8.91,2.201,6.94,1.89,1.0,7.94,88.25,4.0,32.7
41.84,0.0,5.79,25.63,0.0,8.81,0.564,13.72,3.71,1.0,6.96,51.52,8.0,33.2
22.02,0.0,7.25,10.06,0.0,82.6,1.418,8.72,5.79,0.0,5.51,59.8,8.0,37.9
25.69,0.0,8.96,15.72,0.0,9.03,1.0,3.15,6.94,0.0,4.33,63.94,2.0,15.2
55.44,11.41,2.42,20.44,1.0,8.44,1.706,10.87,7.09,0.0,0.46,78.64,2.0,57.5
59.41,0.0,9.61,21.96,0.0,5.63,0.759,23.09,0.0,0.0,1.77,60.91,4.0,34.5
34.46,0.0,8.01,24.95,0.0,91.9,0.445,2.97,7.68,1.0,9.13,88.46,2.0,33.3
47.79,0.0,8.43,27.1,1.0,14.61,0.67,17.13,5.33,0.0,5.47,93.87,2.0,26.7
24.85,0.0,8.69,6.74,0.0,19.84,0.542,5.03,1.69,1.0,4.86,39.52,4.0,25.4
1.78,6.92,6.78,4.9,0.0,19.38,0.6,5.73,3.53,0.0,4.8,100.0,2.0,18.7
14.11,0.0,6.41,16.45,1.0,38.87,1.769,5.55,1.47,1.0,10.0,68.32,2.0,49.5
2.66,0.0,7.52,7.98,1.0,4.71,1.112,11.14,5.77,0.0,3.81,71.57,2.0,26.9
25.88,4.22,4.7,8.82,0.0,93.74,0.514,7.42,4.17,0.0,5.01,66.93,2.0,40.9
2.94,0.0,9.61,22.04,0.0,6.67,0.574,3.0,3.93,1.0,8.25,84.77,4.0,18.2
9.05,0.0,8.4,86.21,0.0,3.84,0.807,27.26,9.99,0.0,3.73,45.32,4.0,25.8
22.38,0.0,5.26,7.94,0.0,52.58,0.202,9.37,6.27,0.0,10.0,78.66,2.0,17.2
67.02,0.0,5.76,17.37,0.0,1.12,1.799,7.17,7.26,1.0,6.7,63.3,2.0,39.0
41.46,2.99,8.7,41.58,1.0,7.91,1.395,10.0,4.51,0.0,7.34,100.0,2.0,41.3
26.54,3.07,10.42,10.43,0.0,16.02,1.19,2.23,5.11,0.0,6.55,28.18,4.0,22.6
39.98,1.84,5.01,27.25,0.0,0.16,0.795,8.9,4.86,0.0,6.6,65.57,8.0,37.2
21.71,0.0,12.67,9.13,0.0,0.0,1.544,6.92,7.13,0.0,6.36,57.47,4.0,13.9
49.86,6.46,4.81,49.06,1.0,3.52,1.13,2.46,7.11,0.0,1.85,73.12,2.0,47.3
5.02,0.0,5.44,19.78,0.0,78.65,0.821,3.03,5.29,0.0,2.26,53.94,2.0,30.8
31.86,0.0,11.56,11.72,1.0,66.05,1.884,6.6,3.14,1.0,10.0,51.55,2.0,52.7
39.07,0.0,5.75,12.85,0.0,3.21,0.858,7.87,8.04,1.0,5.09,39.05,4.0,28.9
22.68,10.75,10.08,9.14,0.0,7.97,0.289,11.14,5.3,0.0,8.71,61.0,2.0,27.2
26.53,8.21,5.89,12.31,0.0,12.76,1.663,1.49,1.04,0.0,2.23,81.96,8.0,30.6
34.17,0.0,7.39,30.62,0.0,4.86,0.416,6.06,10.0,0.0,4.24,76.34,8.0,16.4
6.18,0.0,6.2,2.32,0.0,82.4,0.62,5.99,5.84,1.0,7.36,54.8,4.0,30.0
65.46,4.36,9.07,20.82,0.0,17.74,0.66,4.61,5.23,0.0,4.28,54.99,4.0,22.9
10.14,11.97,9.54,21.39,0.0,4.38,0.341,4.26,0.95,1.0,8.56,56.37,2.0,21.7
50.91,0.0,6.15,32.04,0.0,17.86,1.272,13.42,6.82,0.0,8.94,50.08,2.0,28.9
38.21,0.0,7.7,33.54,1.0,40.18,1.546,2.64,1.97,0.0,3.53,55.41,2.0,46.0
6.71,0.0,10.12,3.31,1.0,18.55,1.53,6.25,8.98,0.0,3.06,73.07,2.0,30.3
9.74,0.0,7.76,9.35,1.0,9.64,1.619,17.17,0.1,0.0,5.84,72.88,2.0,39.2
11.65,0.0,11.38,7.04,0.0,14.43,1.523,3.31,6.87,0.0,5.96,55.5,8.0,15.7
16.71,7.45,7.39,37.66,0.0,4.93,0.764,7.84,8.37,1.0,5.03,45.37,4.0,21.8
17.86,0.0,7.43,14.62,0.0,1.29,1.727,9.71,5.56,1.0,10.0,96.83,8.0,26.6
59.75,6.16,3.3,18.08,0.0,10.4,0.863,10.7,5.3,1.0,5.4,60.11,8.0,38.5
17.67,4.7,5.32,36.35,0.0,53.1,0.222,3.35,5.7,1.0,8.46,45.22,8.0,37.0
14.57,0.0,9.74,11.43,0.0,15.58,1.039,2.47,1.14,1.0,7.08,70.46,4.0,19.1
10.98,6.65,8.34,12.67,0.0,10.13,0.26,12.82,3.8,1.0,9.1,61.39,2.0,24.5
51.07,14.93,7.31,50.68,1.0,1.27,0.656,5.94,5.65,1.0,5.02,91.55,2.0,42.1
8.0,0.0,7.63,12.59,0.0,14.39,0.314,12.3,6.92,1.0,8.24,54.51,4.0,20.9
53.22,0.0,4.12,39.11,1.0,9.72,0.752,25.09,6.95,0.0,1.0,48.31,2.0,53.7
60.07,0.0,6.21,20.81,0.0,51.64,1.473,4.47,2.8,0.0,4.76,61.35,2.0,49.2
19.11,9.03,11.42,22.75,0.0,11.26,2.069,16.57,6.72,1.0,5.73,65.59,4.0,34.2
46.27,1.03,5.56,22.89,0.0,15.78,1.577,5.62,6.58,1.0,7.87,56.45,4.0,36.9
26.12,0.0,8.14,27.34,1.0,2.81,0.486,2.43,0.51,1.0,10.0,61.5,2.0,36.0
10.25,0.0,3.87,12.68,0.0,2.27,0.538,4.69,1.63,0.0,3.39,79.08,8.0,19.1
31.71,4.42,6.48,17.77,0.0,3.42,0.31,16.08,7.07,0.0,5.55,90.67,4.0,14.1
41.91,0.0,6.91,35.23,0.0,79.63,0.874,15.47,5.02,0.0,4.03,35.52,2.0,37.2
42.9,1.15,8.24,15.12,0.0,15.0,1.235,7.93,7.51,1.0,9.82,63.04,2.0,20.1
26.54,14.17,5.87,11.64,0.0,11.87,1.558,9.5,9.32,0.0,5.79,79.75,4.0,25.1
4.11,0.0,5.84,43.69,1.0,33.74,0.285,5.84,7.83,0.0,4.23,82.14,2.0,29.7
4.86,0.0,7.53,5.32,0.0,82.1,1.394,20.97,3.92,1.0,8.6,79.86,4.0,37.3
19.85,5.15,7.38,11.02,1.0,0.91,0.483,6.08,4.1,0.0,2.88,45.43,2.0,35.6
45.81,17.36,3.55,15.6,0.0,4.14,1.727,11.73,4.8,0.0,5.53,65.04,2.0,35.0
15.71,0.0,6.83,9.14,1.0,17.76,1.454,4.22,6.31,1.0,6.6,73.97,2.0,30.4
29.91,0.0,10.11,8.96,1.0,62.54,2.171,7.18,7.7,1.0,8.4,40.84,2.0,49.1
21.29,23.47,4.3,20.38,1.0,53.92,3.498,0.59,1.27,0.0,1.13,62.35,2.0,68.1
14.36,0.0,9.45,21.02,0.0,3.78,0.492,5.63,5.32,1.0,5.46,38.84,4.0,10.9
21.06,0.0,8.01,5.63,0.0,3.57,1.394,8.97,7.08,1.0,6.44,51.19,2.0,28.6
36.33,8.71,4.41,15.53,1.0,0.61,0.777,10.44,7.85,0.0,1.9,38.99,2.0,44.9
7.53,0.0,8.11,8.16,0.0,73.68,0.265,11.74,7.84,1.0,3.44,45.49,2.0,22.3
12.55,0.0,9.21,5.6,1.0,14.61,1.016,8.41,1.27,1.0,9.29,18.26,2.0,37.7
48.61,0.0,11.02,14.52,1.0,7.52,1.496,9.17,1.2,0.0,4.67,82.67,2.0,45.6
8.08,0.0,7.21,8.17,0.0,15.11,0.58,7.46,6.11,0.0,7.75,71.45,4.0,13.8
36.82,3.05,7.36,33.64,0.0,5.66,0.578,13.78,8.88,0.0,4.96,66.25,2.0,13.4
15.76,0.0,10.35,15.66,1.0,6.84,1.055,8.44,5.63,1.0,9.37,49.6,2.0,34.5
8.34,0.0,11.27,14.19,0.0,17.68,0.342,12.67,4.99,0.0,2.76,28.72,8.0,21.7
27.73,0.0,6.87,11.71,0.0,62.49,0.786,2.77,2.41,1.0,8.36,66.64,2.0,33.1
44.66,0.0,7.35,13.68,0.0,17.09,1.47,9.5,3.48,0.0,2.13,48.73,4.0,36.1
9.82,0.0,10.93,40.33,1.0,4.93,0.954,6.07,3.0,1.0,7.85,65.03,2.0,33.4
39.43,0.0,8.84,33.4,0.0,60.56,1.546,1.19,4.46,0.0,9.54,73.84,2.0,30.8
12.0,0.0,10.71,25.38,0.0,4.56,0.446,1.67,3.64,1.0,6.32,36.76,2.0,16.9
35.1,0.0,10.29,21.0,0.0,5.84,0.847,2.24,6.34,1.0,7.64,70.55,8.0,19.7
34.61,14.62,7.32,29.16,0.0,11.05,0.687,6.14,7.84,1.0,6.47,67.73,2.0,27.1
24.78,0.0,8.54,22.44,0.0,4.01,0.894,4.56,4.4,1.0,7.76,100.0,4.0,14.3
33.88,0.0,6.64,11.62,0.0,32.1,0.625,11.37,3.88,0.0,4.88,54.95,4.0,24.4
5.01,0.0,8.36,40.01,0.0,6.02,0.607,13.52,3.74,0.0,9.78,30.72,2.0,21.9
5.99,3.66,8.02,22.29,0.0,54.15,0.72,7.85,8.92,0.0,5.74,49.67,2.0,22.4
8.25,6.91,10.32,9.89,0.0,0.25,1.862,15.94,2.58,1.0,5.25,38.64,4.0,25.3
21.26,0.0,8.71,7.48,0.0,15.71,0.629,4.69,5.37,0.0,3.76,92.13,4.0,12.7
54.75,10.93,6.42,16.05,0.0,5.58,1.261,8.85,2.55,1.0,9.77,97.47,2.0,39.8
29.73,0.0,6.12,19.69,0.0,3.51,1.95,4.28,0.82,1.0,6.41,64.55,8.0,44.5
42.09,2.27,9.87,18.94,0.0,12.53,0.49,9.45,4.09,0.0,7.52,77.33,2.0,26.8
21.47,0.0,6.82,10.53,0.0,17.55,1.145,11.75,5.19,0.0,6.95,70.6,4.0,23.2
5.46,0.0,8.27,13.25,1.0,9.03,1.011,13.13,3.01,0.0,4.3,65.17,2.0,31.1
21.61,0.0,10.97,14.75,0.0,8.52,0.927,7.18,2.82,0.0,3.8,45.33,4.0,24.2
29.58,0.0,9.89,14.81,1.0,69.12,0.859,3.86,2.33,0.0,6.06,70.9,2.0,45.7
40.38,7.98,5.13,12.67,0.0,3.16,1.934,6.68,4.41,1.0,4.87,72.41,8.0,37.0
24.87,0.0,6.1,15.54,0.0,50.83,1.081,8.55,4.6,1.0,9.37,100.0,2.0,23.2
16.79,0.0,8.09,31.53,0.0,9.1,0.905,4.52,8.18,1.0,5.78,67.28,2.0,17.6
7.79,0.0,7.61,4.19,1.0,19.89,0.799,12.77,6.94,1.0,6.72,75.09,2.0,32.5
36.0,7.24,4.12,34.85,0.0,7.8,0.763,3.3,4.88,1.0,7.72,72.18,4.0,30.8
16.35,0.0,7.0,30.82,1.0,1.0,0.535,12.77,2.16,0.0,5.82,60.63,2.0,38.1
16.74,0.0,3.0,15.37,0.0,5.12,0.574,5.09,2.36,0.0,3.05,72.23,4.0,27.7
30.45,0.0,9.89,18.82,0.0,18.58,0.796,2.99,6.11,0.0,1.06,63.63,4.0,13.2
41.53,3.83,8.98,20.54,0.0,16.81,0.908,2.13,9.99,1.0,5.78,45.06,4.0,26.6
20.45,1.18,11.06,18.47,1.0,12.44,0.225,8.88,4.5,1.0,7.62,86.96,2.0,35.7
8.69,0.0,9.45,8.59,1.0,10.69,1.083,3.37,1.19,0.0,6.94,57.97,2.0,35.1
16.34,6.56,6.83,19.89,0.0,12.81,0.315,6.68,6.49,0.0,2.14,82.75,4.0,18.1
27.09,0.0,10.23,54.85,0.0,19.24,0.996,4.92,7.57,1.0,6.86,67.18,4.0,21.6
24.39,0.0,6.87,24.47,1.0,82.69,0.505,5.94,5.73,1.0,3.67,64.04,2.0,44.4
16.38,0.0,5.86,16.02,0.0,36.54,0.921,2.59,4.87,1.0,2.22,67.34,2.0,25.3
10.06,0.0,8.4,20.37,0.0,17.54,2.07,19.92,3.32,0.0,9.39,92.79,2.0,26.8
30.27,0.0,8.91,17.79,0.0,4.19,0.432,8.7,2.99,0.0,4.0,92.61,4.0,11.0
22.15,0.0,6.71,22.33,0.0,7.73,0.907,4.37,5.97,1.0,7.33,69.88,4.0,23.0
45.76,0.0,5.53,21.64,1.0,14.4,1.068,3.75,3.01,1.0,8.55,84.49,2.0,46.8
5.61,0.0,8.0,8.01,0.0,4.69,0.265,11.08,5.74,0.0,8.57,71.11,4.0,8.6
21.2,0.0,9.19,19.69,0.0,6.38,1.865,11.73,3.22,0.0,4.56,74.95,4.0,26.3
29.84,16.91,5.78,19.57,1.0,7.05,0.47,2.51,7.07,1.0,5.55,100.0,2.0,33.7
24.2,0.0,13.55,21.58,1.0,19.48,0.323,3.27,4.11,0.0,3.79,63.46,2.0,32.2
32.49,6.62,6.96,13.72,0.0,70.91,0.68,22.39,4.76,0.0,4.49,77.83,4.0,32.3
17.6,0.0,9.97,5.39,0.0,10.43,1.886,4.24,5.99,1.0,6.98,77.54,8.0,22.2
17.07,0.0,5.59,15.69,0.0,8.94,0.913,6.08,7.62,1.0,7.0,67.52,8.0,23.2
48.09,0.0,8.73,29.6,0.0,13.68,2.013,4.65,6.69,1.0,5.77,72.26,2.0,29.5
30.37,0.0,7.16,46.18,0.0,65.51,1.161,7.16,5.21,0.0,2.79,64.55,4.0,26.0
40.8,0.0,7.76,24.27,0.0,4.61,1.499,2.45,5.12,1.0,10.0,73.99,4.0,29.3
47.21,8.1,9.99,15.5,0.0,14.83,0.617,15.24,2.55,1.0,6.92,74.65,2.0,34.1
24.38,4.19,7.02,30.86,1.0,4.91,0.29,6.04,4.44,0.0,3.22,72.29,2.0,26.3
33.25,8.13,4.41,19.01,0.0,15.54,1.36,1.77,8.17,0.0,1.11,73.91,4.0,33.5
19.49,0.0,6.11,29.88,0.0,14.77,0.519,6.34,5.28,0.0,5.41,85.75,4.0,25.7
48.91,4.84,7.3,17.62,0.0,85.97,0.509,11.02,3.36,1.0,6.48,75.76,4.0,27.7
1.69,0.0,9.19,9.02,1.0,5.34,1.052,3.22,6.68,0.0,3.21,80.66,2.0,18.8
11.28,15.73,6.93,21.43,0.0,19.84,1.011,9.95,5.4,1.0,8.54,98.24,8.0,33.5
35.46,0.0,5.37,29.38,0.0,6.67,2.457,14.37,0.81,1.0,4.54,63.46,2.0,37.4
41.71,0.0,11.8,23.53,0.0,91.96,0.836,3.01,3.11,0.0,5.19,36.55,8.0,35.9
33.75,0.0,10.92,23.65,0.0,3.6,0.865,3.95,2.36,0.0,5.98,71.26,4.0,23.6
28.14,0.0,8.42,27.12,0.0,7.54,1.311,4.82,2.72,0.0,2.82,56.93,4.0,19.1
27.87,0.0,5.12,16.53,0.0,0.46,2.393,20.09,3.57,1.0,7.22,93.48,4.0,36.1
37.45,0.0,11.05,20.16,0.0,2.01,1.81,10.08,6.39,0.0,4.45,21.39,8.0,38.4
27.54,5.64,9.77,44.76,1.0,8.92,0.467,5.12,2.88,0.0,6.16,59.31,2.0,30.4
40.47,0.0,7.99,15.68,0.0,16.48,0.845,10.31,2.06,0.0,6.46,34.66,4.0,30.2
38.79,0.0,10.23,11.47,1.0,13.37,1.107,8.15,6.62,1.0,2.03,71.44,2.0,30.6
37.66,5.07,6.27,20.28,0.0,11.48,0.975,2.77,4.73,0.0,5.87,47.76,2.0,32.8
41.51,13.21,4.25,20.99,0.0,0.26,0.603,14.89,6.87,1.0,7.88,70.9,2.0,33.3
22.16,0.0,8.65,8.13,0.0,16.64,2.201,12.56,5.29,1.0,10.0,95.42,2.0,28.2
27.36,0.0,5.07,16.85,0.0,6.53,0.737,9.39,10.0,1.0,8.4,67.23,4.0,22.5
26.5,0.0,5.98,8.42,0.0,11.02,0.366,3.87,4.65,0.0,5.38,87.36,2.0,21.8
35.12,13.61,7.4,13.9,1.0,16.43,0.829,17.48,3.15,1.0,6.2,87.03,2.0,39.0
5.65,0.0,9.31,15.36,0.0,30.34,1.252,11.12,5.54,1.0,4.68,81.65,4.0,23.4
29.65,9.27,4.23,9.35,0.0,6.33,1.926,17.28,4.28,1.0,7.78,38.25,4.0,49.5
44.77,3.16,6.46,18.8,0.0,19.1,0.754,5.93,5.73,0.0,3.77,92.95,8.0,32.2
38.78,0.0,5.16,10.26,1.0,1.93,1.025,34.25,4.3,0.0,3.57,64.52,2.0,53.5
38.65,11.83,5.44,15.33,0.0,7.29,0.989,6.98,7.65,1.0,6.66,79.85,4.0,26.8
32.38,0.0,6.83,32.8,0.0,17.98,0.972,7.48,7.77,0.0,5.72,70.59,8.0,27.4
37.28,6.72,9.06,60.37,0.0,67.6,2.276,25.23,3.68,1.0,9.06,45.65,8.0,65.1
12.38,4.71,7.75,11.52,0.0,57.31,0.355,26.33,6.56,0.0,5.43,44.62,4.0,33.5
53.5,6.34,6.15,26.81,0.0,13.78,3.038,12.83,6.96,0.0,5.54,100.0,4.0,44.7
3.59,6.33,7.35,3.65,0.0,4.86,0.115,6.49,7.3,0.0,4.25,50.38,4.0,13.1
46.73,0.0,4.16,24.46,0.0,2.9,0.961,11.71,1.96,1.0,6.08,70.13,2.0,27.5
2.9,0.0,8.72,28.84,0.0,15.2,1.665,6.03,5.92,0.0,4.47,100.0,8.0,11.3
54.24,9.63,7.18,23.59,1.0,4.58,2.275,3.5,2.71,0.0,5.39,59.93,2.0,56.6
35.44,0.0,8.4,31.19,0.0,15.55,1.84,7.09,3.88,0.0,2.59,94.52,8.0,25.0
27.29,0.0,9.57,11.94,0.0,18.15,0.733,14.87,5.21,1.0,5.04,77.96,2.0,24.4
30.74,5.47,8.9,8.74,0.0,0.94,2.07,8.42,3.64,0.0,6.94,95.94,4.0,23.6
27.71,2.64,12.25,13.83,1.0,5.6,2.158,1.9,5.03,0.0,5.13,100.0,2.0,34.0
1.71,0.0,6.69,5.37,0.0,14.56,1.515,9.65,6.88,0.0,0.0,68.21,2.0,12.9
24.41,0.0,8.74,27.27,0.0,11.32,0.32,1.02,5.67,0.0,5.98,28.18,2.0,12.7
36.04,0.0,8.61,30.46,1.0,10.32,0.6,11.2,3.97,0.0,5.11,32.27,2.0,51.0
60.82,4.35,6.01,17.72,0.0,9.36,1.378,4.04,5.4,0.0,5.38,71.47,4.0,31.1
26.97,9.18,5.82,21.29,1.0,19.14,1.609,13.94,5.48,0.0,4.95,54.94,2.0,49.3
21.06,9.55,8.22,23.44,0.0,15.54,0.441,9.32,6.26,0.0,8.37,62.08,4.0,27.4
3.26,0.0,9.71,6.73,0.0,35.0,0.503,18.24,2.9,1.0,6.95,80.65,4.0,25.4
17.68,25.09,3.35,15.27,1.0,6.54,0.757,4.34,4.39,0.0,0.34,39.27,2.0,46.0
26.09,0.0,4.62,22.97,0.0,0.48,0.902,6.12,5.04,1.0,9.82,63.4,4.0,27.8
37.64,0.0,6.89,32.57,0.0,13.55,1.21,1.21,8.48,0.0,7.06,35.24,4.0,25.3
13.18,0.0,7.26,14.39,0.0,3.11,1.238,9.51,3.28,0.0,3.65,36.81,4.0,22.0
47.64,4.85,8.19,25.68,1.0,3.14,0.445,7.37,5.6,1.0,5.94,85.52,2.0,37.1
31.66,0.0,6.2,25.91,0.0,2.09,1.375,0.62,3.91,0.0,6.9,76.15,8.0,27.9
23.67,0.0,7.93,8.44,0.0,17.62,1.405,7.83,2.75,1.0,10.0,36.17,2.0,33.2
51.61,0.0,4.04,13.24,0.0,11.55,0.944,2.75,5.9,0.0,6.08,78.57,2.0,25.8
25.36,0.0,5.14,22.38,0.0,16.06,1.572,6.52,3.73,0.0,3.56,17.41,2.0,30.9
47.71,4.59,5.48,23.31,0.0,0.3,0.813,22.1,7.19,0.0,6.3,56.55,4.0,29.0
34.02,10.72,6.19,10.73,1.0,9.51,1.704,9.44,3.23,1.0,5.58,91.39,2.0,51.0
29.08,0.0,6.49,24.25,0.0,76.88,0.954,6.56,4.79,0.0,3.44,35.1,8.0,39.3
23.91,0.0,8.57,8.14,1.0,18.32,0.536,2.75,5.57,1.0,6.64,72.98,2.0,38.2
7.79,0.0,5.36,12.51,0.0,11.98,1.497,5.23,4.98,1.0,8.59,77.99,2.0,25.0
6.82,0.0,8.37,18.01,0.0,2.63,1.437,7.34,1.9,0.0,7.04,58.51,8.0,26.3
25.78,0.0,7.82,27.89,0.0,14.21,1.892,5.43,2.09,1.0,4.28,59.01,4.0,34.2
29.9,0.0,5.21,14.39,0.0,7.13,1.243,4.53,6.07,0.0,3.7,50.62,2.0,24.8
15.3,0.0,9.0,24.12,0.0,4.85,0.954,15.43,7.75,0.0,1.65,85.11,8.0,16.7
37.34,2.17,3.28,17.2,0.0,94.13,0.692,6.67,2.25,1.0,9.13,42.32,2.0,47.6
7.07,0.0,7.42,5.44,0.0,11.19,0.322,6.85,0.0,1.0,7.75,55.8,2.0,17.0
22.06,0.0,9.91,10.61,0.0,72.66,2.434,14.63,5.91,1.0,7.76,41.09,2.0,40.6
36.41,0.0,3.46,15.12,0.0,92.62,0.414,4.54,6.26,0.0,5.01,100.0,4.0,38.3
32.17,0.0,9.38,25.9,0.0,18.82,1.201,8.84,6.82,0.0,5.52,96.52,8.0,20.9
17.79,0.0,6.13,17.81,1.0,12.78,0.364,9.2,5.87,0.0,5.57,75.78,2.0,32.3
30.37,23.59,4.08,12.76,0.0,16.9,1.202,9.11,6.52,0.0,5.68,71.65,2.0,31.8
11.74,0.0,11.46,17.22,1.0,8.44,1.592,8.87,9.29,0.0,3.32,94.47,2.0,30.5
41.64,0.0,6.5,12.52,0.0,18.07,1.4,8.54,3.6,1.0,8.77,54.11,4.0,30.2
36.45,2.32,10.86,23.91,0.0,58.55,0.5,27.9,7.56,1.0,9.45,42.75,8.0,45.1
23.85,8.21,6.69,23.16,0.0,68.02,0.813,12.44,9.04,1.0,7.5,80.81,4.0,30.3
12.21,9.48,7.33,4.71,0.0,17.28,1.054,1.28,5.23,0.0,4.55,100.0,4.0,18.4
22.7,2.8,9.67,24.65,0.0,7.11,0.422,5.78,4.54,0.0,8.81,57.49,4.0,19.1
51.11,0.0,8.55,20.74,0.0,17.69,1.094,4.06,3.71,1.0,8.48,73.63,4.0,27.2
11.8,0.0,8.95,10.95,0.0,10.9,0.835,7.86,2.08,0.0,1.76,79.37,2.0,13.7
24.7,0.0,7.33,7.85,0.0,59.19,0.586,13.0,0.0,1.0,8.32,64.52,4.0,36.4
1.33,0.0,5.86,22.16,1.0,74.62,0.601,8.17,7.51,1.0,9.29,67.2,2.0,40.7
46.39,0.0,4.6,33.55,1.0,89.94,1.587,2.18,4.0,1.0,6.67,54.31,2.0,62.5
41.25,0.0,10.39,41.36,0.0,14.08,1.001,13.06,4.64,1.0,4.42,21.51,4.0,43.3
22.55,7.71,10.8,29.41,0.0,14.41,1.559,3.19,2.82,1.0,9.48,66.31,8.0,39.7
39.08,7.55,7.18,21.04,0.0,19.94,1.607,11.28,4.65,0.0,5.61,81.23,4.0,33.9
42.58,0.0,4.18,23.25,0.0,59.19,1.75,1.58,7.4,0.0,7.47,70.54,4.0,39.8
18.83,0.0,6.89,4.95,0.0,12.25,0.849,21.87,3.59,1.0,7.46,60.27,8.0,32.5
30.96,0.0,6.43,16.28,0.0,43.49,1.366,6.98,9.15,0.0,1.62,81.92,8.0,24.4
21.34,0.0,7.25,13.61,1.0,5.11,1.552,4.63,4.52,1.0,8.48,69.62,2.0,44.8
43.2,7.64,5.02,14.27,0.0,38.1,1.366,2.36,5.24,0.0,6.39,71.63,4.0,45.5
11.89,0.0,9.68,11.84,0.0,19.63,1.622,9.54,7.22,1.0,5.08,56.3,8.0,28.4
49.46,0.0,8.01,16.62,1.0,3.44,0.493,8.65,6.93,1.0,10.0,62.47,2.0,37.8
16.64,0.0,11.66,26.23,1.0,17.93,2.26,0.69,6.97,1.0,5.17,72.25,2.0,34.9
11.49,0.0,7.88,13.22,0.0,14.87,0.975,8.57,10.0,0.0,3.56,68.77,4.0,9.5
51.18,0.0,7.87,17.64,0.0,5.79,1.522,6.34,6.91,1.0,10.0,63.51,2.0,32.5
40.67,0.0,9.26,32.21,1.0,18.93,3.497,9.11,5.34,1.0,4.33,58.39,2.0,55.9
35.44,0.0,9.98,10.94,0.0,8.51,1.772,21.36,6.94,0.0,4.82,27.18,8.0,37.4
31.15,0.0,5.6,49.12,0.0,9.44,0.694,17.97,3.2,1.0,5.63,46.48,4.0,36.6
60.04,5.23,7.38,26.67,1.0,9.65,1.91,6.87,5.43,1.0,6.97,66.21,2.0,61.6
30.08,0.0,8.39,15.88,1.0,3.9,2.734,2.78,9.89,0.0,3.01,67.1,2.0,39.7
2.99,0.0,9.52,1.92,0.0,12.76,1.018,3.5,4.14,0.0,9.02,74.68,4.0,12.4
47.21,0.0,7.7,21.23,0.0,10.43,1.036,9.85,6.65,0.0,3.21,91.21,2.0,18.0
27.49,0.0,11.6,14.54,0.0,19.66,2.288,1.48,3.76,0.0,6.49,58.1,4.0,35.2
16.49,0.0,6.72,20.16,1.0,90.87,1.172,5.69,3.11,0.0,2.12,34.08,2.0,52.5
68.29,0.0,5.05,25.36,1.0,8.76,0.925,5.31,3.88,1.0,6.65,95.36,2.0,49.7
17.23,0.0,6.84,6.5,0.0,17.79,0.742,3.88,8.75,0.0,7.67,75.29,2.0,10.5
6.1,0.0,8.24,8.71,1.0,18.5,1.042,5.04,5.92,0.0,5.31,57.07,2.0,28.7
25.85,0.0,8.81,10.74,0.0,87.51,0.355,2.66,4.44,1.0,9.66,25.12,4.0,43.5
2.36,0.0,8.02,2.65,0.0,19.2,1.585,11.94,4.43,1.0,6.63,100.0,4.0,21.1
37.38,2.14,9.63,34.23,0.0,10.4,0.714,11.81,4.48,0.0,6.33,64.13,4.0,28.8
27.85,5.17,7.54,7.84,1.0,4.39,0.993,22.23,5.32,0.0,5.41,76.41,2.0,34.9
29.75,0.0,7.91,30.03,0.0,55.45,1.829,10.13,3.1,1.0,5.08,44.75,4.0,35.2
40.5,17.17,3.06,19.98,1.0,94.0,1.719,1.79,6.13,1.0,9.34,36.28,2.0,72.2
10.08,0.0,12.34,19.77,1.0,10.25,1.182,12.59,7.37,0.0,3.37,90.91,2.0,29.8
3.89,2.43,8.5,27.53,1.0,3.51,0.231,10.6,4.79,1.0,7.95,61.11,2.0,28.1
40.58,8.54,10.03,15.07,0.0,43.34,1.402,18.92,2.1,1.0,6.67,53.22,2.0,39.3
33.23,0.0,6.76,18.67,0.0,91.77,0.695,5.9,5.57,0.0,5.64,57.01,4.0,36.8
4.65,0.0,10.52,6.58,0.0,15.11,0.544,7.86,2.28,1.0,7.09,68.38,2.0,11.0
64.56,10.14,4.72,23.86,0.0,4.63,1.795,11.08,1.82,1.0,10.0,88.35,4.0,49.0
19.9,0.0,12.04,21.22,0.0,1.63,0.485,7.59,6.57,1.0,8.44,67.54,2.0,11.8
26.99,11.89,9.0,15.71,0.0,5.34,1.352,14.71,0.0,0.0,4.28,80.01,4.0,32.6
12.89,0.0,10.31,13.45,0.0,7.94,2.083,5.86,5.36,0.0,4.61,56.6,2.0,19.1
50.29,3.06,5.67,15.82,0.0,1.11,1.113,7.8,6.91,0.0,5.01,52.81,8.0,24.6
46.69,2.36,11.13,20.19,0.0,55.71,2.168,4.03,9.75,1.0,6.2,44.85,8.0,33.4
9.59,6.27,12.04,8.35,0.0,11.74,0.731,2.81,1.3,0.0,2.46,54.64,2.0,12.1
24.05,12.09,6.07,15.59,0.0,16.49,0.668,7.13,4.19,0.0,9.13,97.41,4.0,20.5
29.6,0.0,8.44,10.34,0.0,9.69,0.758,1.87,3.22,0.0,6.87,58.57,8.0,19.9
18.29,0.0,10.3,9.54,0.0,14.62,1.479,7.93,6.09,0.0,3.69,57.77,4.0,24.1
40.44,2.62,3.53,21.97,0.0,45.68,1.013,0.45,2.82,0.0,5.43,76.54,4.0,25.8
37.45,0.0,10.17,24.82,0.0,10.81,0.837,11.86,9.88,1.0,9.53,81.07,2.0,16.1
8.93,0.0,10.78,13.12,0.0,11.2,2.231,6.89,2.87,0.0,4.13,48.59,8.0,34.5
49.57,3.31,5.99,19.42,0.0,5.8,2.406,5.71,5.22,0.0,1.4,65.18,2.0,30.8
34.82,0.0,3.57,13.38,0.0,2.93,1.014,4.93,6.38,0.0,3.35,24.63,2.0,32.4
15.13,0.0,9.21,4.56,0.0,10.6,0.781,12.86,6.19,1.0,4.65,77.7,2.0,17.3
34.96,0.0,5.68,34.25,0.0,63.02,0.427,10.01,4.48,0.0,4.9,72.65,2.0,29.5
27.16,0.0,5.01,28.07,0.0,7.4,0.841,4.98,1.33,0.0,2.4,80.41,4.0,23.3
33.35,4.1,8.25,36.78,1.0,14.99,0.405,22.54,4.42,0.0,6.7,100.0,2.0,42.0
60.97,20.46,7.35,43.07,0.0,13.41,1.525,28.06,1.56,0.0,5.39,76.24,8.0,56.5
40.56,6.63,6.55,22.46,1.0,35.71,0.454,15.44,4.81,0.0,6.37,66.26,2.0,38.9
13.73,0.0,10.96,51.72,1.0,2.6,0.832,9.71,5.67,0.0,6.2,72.79,2.0,36.2
38.02,0.0,9.19,17.42,0.0,82.9,1.08,5.94,3.86,0.0,2.82,46.87,2.0,26.5
21.26,0.0,5.62,15.7,1.0,7.77,1.1,1.79,4.01,1.0,2.54,100.0,2.0,37.9
45.83,7.02,5.67,16.26,0.0,3.64,4.554,4.77,2.5,0.0,6.69,100.0,4.0,48.3
13.33,0.0,10.76,5.27,0.0,12.26,0.245,2.16,10.0,0.0,3.59,58.19,4.0,9.6
21.28,1.09,7.11,11.17,0.0,34.29,2.433,8.26,6.23,0.0,6.4,44.05,4.0,33.3
17.13,0.0,10.12,9.78,0.0,12.08,1.967,8.48,2.31,0.0,4.74,69.43,8.0,32.0
16.1,0.0,7.7,21.32,1.0,12.04,1.049,5.05,2.63,0.0,5.4,67.4,2.0,32.8
36.68,0.0,9.34,20.44,1.0,17.78,2.388,13.04,6.01,0.0,6.89,68.58,2.0,47.1
47.11,0.0,8.44,25.87,0.0,3.98,2.454,3.67,0.71,0.0,3.44,73.06,4.0,28.7
36.61,11.3,6.05,21.49,1.0,11.24,1.782,3.78,3.21,0.0,3.54,37.25,2.0,56.8
20.38,0.0,9.77,17.75,1.0,4.82,0.559,4.29,6.89,0.0,7.69,65.05,2.0,28.9
27.39,0.0,3.86,11.83,1.0,13.67,0.72,1.9,7.12,0.0,6.86,70.46,2.0,41.5
24.03,6.44,5.34,18.03,0.0,11.35,1.554,6.7,5.63,1.0,7.83,49.95,4.0,24.5
20.63,0.0,7.45,23.41,0.0,17.12,0.606,1.12,4.97,0.0,2.3,89.66,8.0,14.8
23.55,0.0,10.64,30.32,0.0,11.63,0.527,15.18,8.5,1.0,6.58,57.75,2.0,16.5
38.29,0.0,4.96,30.66,0.0,52.12,1.415,2.32,2.55,0.0,2.92,57.48,2.0,33.7
27.47,0.0,8.11,22.77,0.0,9.72,0.822,4.37,3.5,1.0,5.73,99.47,2.0,20.6
15.47,5.16,8.55,14.98,0.0,1.1,0.375,19.37,8.69,0.0,3.37,40.16,4.0,13.3
22.16,0.0,8.83,11.88,1.0,9.42,0.424,0.76,4.78,1.0,4.89,66.86,2.0,29.7
18.21,0.0,8.26,17.19,0.0,0.87,1.951,3.31,6.15,1.0,6.96,51.62,8.0,33.6
27.34,0.0,6.94,36.23,0.0,12.28,2.389,10.66,5.24,1.0,5.22,74.88,4.0,32.1
24.28,10.21,6.55,13.41,0.0,4.7,0.382,8.58,10.0,0.0,4.06,77.55,4.0,11.0
17.69,0.0,10.42,39.02,0.0,0.27,1.434,4.53,3.86,0.0,3.3,70.74,8.0,25.7
21.02,0.0,6.99,18.34,1.0,15.24,2.347,12.03,7.15,0.0,7.62,51.09,2.0,43.0
6.79,0.0,4.48,27.07,0.0,80.33,0.961,6.43,1.12,0.0,5.47,41.45,4.0,39.5
26.4,0.0,9.14,12.01,0.0,13.02,0.297,1.83,5.63,0.0,6.0,57.63,4.0,10.3
26.54,0.0,11.2,11.41,1.0,13.74,0.936,18.71,7.56,0.0,4.73,49.98,2.0,42.1
57.89,0.0,5.16,16.68,1.0,9.99,1.571,1.79,6.97,1.0,6.93,76.78,2.0,53.6
32.19,0.0,10.76,37.2,1.0,0.02,0.867,8.54,6.18,0.0,5.47,59.84,2.0,38.1
24.92,0.0,9.29,19.27,1.0,16.0,3.36,3.36,6.78,1.0,10.0,70.23,2.0,53.3
3.82,0.0,6.57,19.02,0.0,7.47,0.858,6.04,3.57,0.0,7.21,58.97,8.0,23.2
9.47,0.0,7.31,12.75,1.0,5.08,1.888,6.54,6.81,1.0,7.21,91.47,2.0,30.4
45.41,0.0,6.14,22.56,0.0,14.86,1.134,2.11,9.39,0.0,3.12,85.31,8.0,19.5
22.22,0.0,8.67,7.35,0.0,15.79,2.149,15.7,3.61,0.0,6.36,66.17,4.0,28.5
22.77,0.0,7.95,18.93,0.0,16.25,0.479,15.1,8.66,0.0,4.05,76.05,4.0,16.2
40.45,7.92,9.05,29.83,1.0,15.38,0.602,8.09,5.31,0.0,4.12,85.28,2.0,36.4
33.26,7.77,8.77,8.91,0.0,3.71,0.41,8.62,5.94,1.0,6.63,69.33,4.0,11.7
20.58,0.0,5.29,11.56,1.0,15.54,0.186,11.71,0.0,1.0,7.29,54.49,2.0,43.9
21.32,0.0,5.52,9.56,0.0,4.88,1.053,3.38,2.35,0.0,6.94,81.08,4.0,17.4
24.78,0.0,9.49,21.85,0.0,88.35,0.472,11.14,4.92,1.0,5.02,54.34,4.0,37.1
16.35,0.0,7.48,19.05,0.0,5.19,0.401,8.41,7.58,0.0,6.09,39.81,4.0,12.3
19.22,0.0,8.07,22.78,0.0,4.37,1.074,3.54,3.83,1.0,6.39,61.6,4.0,24.6
13.11,0.0,9.7,13.81,0.0,11.57,1.83,30.75,3.41,0.0,10.0,89.55,8.0,30.8
28.34,0.0,9.87,8.01,0.0,12.35,1.726,0.59,3.94,1.0,6.73,70.7,8.0,22.8
29.41,0.0,5.65,19.91,0.0,14.95,0.426,5.09,9.57,1.0,9.15,36.2,4.0,27.8
3.79,0.0,4.44,2.88,0.0,3.96,0.738,3.72,7.27,1.0,10.0,57.4,2.0,24.5
60.73,10.96,5.64,29.91,0.0,84.15,0.771,4.39,4.5,0.0,2.99,49.66,8.0,50.8
25.1,0.0,6.54,8.3,0.0,11.92,1.026,13.99,5.04,0.0,4.97,49.19,4.0,21.4
28.83,0.0,8.27,10.48,1.0,7.33,2.051,11.92,0.21,0.0,6.01,43.71,2.0,44.0
11.27,0.0,8.48,26.19,0.0,4.43,0.461,6.9,2.8,0.0,3.22,32.92,8.0,18.8
50.26,5.51,4.88,21.22,1.0,1.56,1.49,7.25,2.82,0.0,4.19,67.16,2.0,45.3
31.64,0.0,12.22,16.85,0.0,5.56,1.944,7.64,4.47,1.0,6.43,75.57,2.0,18.2
36.08,0.0,7.95,12.18,0.0,10.44,1.362,8.31,7.77,0.0,6.59,27.95,8.0,36.7
20.69,3.37,6.83,26.64,1.0,3.37,1.779,1.2,4.31,0.0,8.26,100.0,2.0,33.8
43.53,0.0,7.9,24.07,0.0,17.52,1.237,11.57,2.47,0.0,4.63,48.02,8.0,24.9
18.14,0.0,9.52,16.9,0.0,14.14,1.133,17.21,4.13,0.0,3.09,74.06,4.0,16.3
73.99,0.0,5.52,21.1,0.0,2.04,1.257,3.29,4.32,0.0,9.35,78.44,8.0,31.8
6.73,0.0,13.44,12.16,0.0,4.05,0.193,14.62,4.6,0.0,6.14,43.67,8.0,6.9
17.82,8.73,4.37,58.57,0.0,1.03,0.583,2.17,4.8,0.0,6.59,65.13,2.0,29.4
6.4,14.43,4.17,6.29,0.0,59.99,2.599,14.61,6.08,1.0,3.65,78.32,2.0,44.7
38.49,0.0,4.65,32.46,1.0,4.63,1.624,5.0,2.77,0.0,1.78,48.84,2.0,48.9
29.56,0.0,8.12,7.81,1.0,19.35,0.716,8.59,8.17,0.0,4.27,90.74,2.0,24.0
26.48,0.0,9.15,24.21,0.0,19.53,2.043,1.6,3.12,0.0,6.17,18.94,4.0,35.6
37.98,13.69,5.56,23.2,0.0,4.88,1.321,3.28,5.88,1.0,7.06,68.77,2.0,30.5
31.99,0.0,8.98,15.85,0.0,18.51,0.49,12.63,2.67,1.0,5.77,76.96,4.0,29.3
29.88,0.0,9.02,20.54,0.0,7.06,0.971,2.82,2.78,0.0,2.77,59.81,4.0,11.5
44.36,7.5,6.05,24.44,0.0,6.65,0.786,3.29,7.48,1.0,8.7,83.52,8.0,24.7
7.36,0.0,9.63,15.1,0.0,18.18,0.636,9.54,6.73,0.0,6.04,56.2,4.0,12.6
44.39,0.0,7.28,17.65,0.0,11.88,1.741,15.01,7.67,1.0,5.72,69.36,4.0,24.5
26.02,0.0,7.4,12.31,1.0,13.7,0.302,0.93,7.32,0.0,4.84,83.31,2.0,28.9
52.83,5.48,5.76,17.3,0.0,8.31,0.871,1.08,0.69,0.0,3.35,45.45,4.0,39.4
50.44,0.0,7.95,14.13,1.0,10.45,0.721,3.76,6.22,1.0,5.3,76.79,2.0,39.9
29.35,2.0,10.31,16.18,0.0,15.48,0.341,17.56,5.37,0.0,5.41,57.53,8.0,24.0
10.67,0.0,6.27,23.15,0.0,3.41,0.494,5.04,2.68,0.0,9.06,81.13,8.0,21.2
9.66,0.0,7.75,7.95,0.0,19.75,1.572,1.55,3.39,0.0,5.6,50.84,8.0,26.1
8.96,23.86,6.19,4.85,1.0,16.01,0.793,14.66,2.69,0.0,6.17,85.1,2.0,39.2
48.15,0.0,11.07,16.24,1.0,5.36,0.609,10.68,6.09,1.0,6.47,7.68,2.0,44.5
39.68,0.0,8.67,20.14,0.0,14.0,2.102,5.11,7.25,0.0,4.54,48.95,4.0,27.7
16.7,0.0,6.87,14.38,0.0,0.26,0.283,8.5,5.06,0.0,6.21,100.0,8.0,7.9
22.89,0.0,6.47,9.45,0.0,15.02,1.827,13.78,0.93,1.0,7.47,77.53,8.0,43.1
17.37,0.0,10.45,13.34,0.0,15.95,0.898,3.07,4.56,0.0,6.08,49.36,2.0,20.0
24.3,12.59,6.13,13.75,0.0,2.8,0.911,16.06,1.48,0.0,2.65,49.72,4.0,26.5
48.97,0.0,5.07,26.89,0.0,6.1,2.631,3.98,10.0,1.0,6.76,59.62,2.0,33.9
20.92,6.41,9.63,32.53,0.0,12.98,0.858,0.56,7.3,0.0,4.98,65.03,8.0,22.5
21.53,0.0,8.97,10.73,0.0,14.14,0.973,8.88,6.99,1.0,8.19,63.38,4.0,22.0
4.86,0.0,6.47,5.74,0.0,1.37,0.948,22.75,1.69,0.0,5.73,91.13,2.0,18.6
48.45,0.0,4.87,22.2,0.0,8.53,2.214,12.68,7.17,0.0,3.59,100.0,8.0,42.1
31.21,0.0,3.73,19.76,1.0,9.6,1.153,6.05,5.54,0.0,7.27,65.77,2.0,43.3
26.3,7.27,6.09,21.89,0.0,13.65,0.683,6.42,4.54,0.0,7.72,73.3,8.0,31.0
49.6,0.0,8.12,13.58,0.0,7.0,1.046,2.79,5.96,0.0,3.85,62.76,4.0,27.3
38.98,0.5,9.69,49.44,0.0,7.19,0.414,5.08,0.03,0.0,3.04,51.08,2.0,28.6
14.39,0.0,9.42,10.51,1.0,4.34,0.558,7.26,5.32,0.0,3.62,81.85,2.0,24.4
18.29,3.12,5.47,9.39,0.0,18.19,1.656,8.2,4.26,1.0,5.67,68.46,8.0,27.7
23.41,0.0,7.73,8.46,1.0,1.9,0.371,9.83,3.55,0.0,4.98,91.88,2.0,19.1
6.51,0.0,11.66,7.25,0.0,9.79,1.171,7.65,2.98,0.0,7.1,55.63,4.0,19.5
29.46,0.0,7.09,8.83,0.0,2.86,0.358,11.03,3.96,1.0,6.81,68.89,4.0,22.0
50.7,0.0,9.02,35.34,1.0,0.6,1.239,10.28,4.22,0.0,7.4,43.46,2.0,40.7
7.84,0.0,10.06,9.81,0.0,13.89,1.213,26.98,6.01,1.0,10.0,67.74,2.0,24.3
44.55,0.0,9.18,15.7,1.0,3.31,1.14,4.26,4.24,0.0,7.05,74.96,2.0,41.5
31.23,0.0,8.93,27.16,0.0,52.75,2.353,4.69,0.0,0.0,6.96,50.45,2.0,35.0
29.04,0.0,9.64,14.61,1.0,12.49,0.928,2.17,3.73,0.0,6.79,69.67,2.0,31.2
24.33,8.11,4.33,10.62,0.0,19.52,0.82,9.44,4.74,1.0,7.13,72.35,8.0,27.3
46.54,4.02,10.15,42.89,0.0,8.62,1.187,8.98,4.84,1.0,4.82,36.08,8.0,32.6
17.67,10.08,3.65,10.27,0.0,1.51,1.361,5.2,8.92,1.0,9.3,46.47,4.0,34.0
25.64,15.59,6.98,7.02,0.0,9.21,1.627,14.99,2.93,1.0,8.72,66.27,4.0,33.2
36.93,0.0,7.8,18.2,0.0,2.67,1.511,6.39,1.79,1.0,4.19,59.71,4.0,27.2
10.34,8.17,6.46,10.53,0.0,10.37,3.161,11.02,6.94,0.0,4.61,87.01,4.0,25.8
32.51,6.29,5.32,12.82,0.0,9.59,1.063,9.94,5.29,0.0,4.99,76.08,2.0,32.6
61.1,6.63,7.47,19.24,0.0,9.09,2.911,3.81,7.05,0.0,4.21,71.55,2.0,40.0
16.51,0.0,10.11,13.79,0.0,15.84,0.607,2.32,0.0,0.0,6.92,79.13,2.0,13.6
39.33,0.0,7.61,15.8,0.0,7.46,0.988,5.78,3.54,0.0,6.63,81.17,2.0,22.1
23.33,0.0,7.72,12.73,0.0,15.2,1.355,3.17,6.18,1.0,8.43,55.62,4.0,26.1
9.38,0.0,11.28,13.86,0.0,15.64,0.466,3.13,3.55,0.0,4.61,77.92,2.0,18.8
48.2,7.35,5.83,18.58,0.0,7.29,1.051,16.7,7.97,0.0,3.51,100.0,8.0,33.3
22.9,0.0,8.23,10.73,0.0,6.31,2.245,3.42,2.63,0.0,7.52,82.9,2.0,27.9
10.01,0.0,8.29,18.02,0.0,0.4,1.637,7.65,9.11,0.0,3.2,63.9,2.0,13.8
47.73,0.0,12.51,17.89,0.0,15.57,0.62,9.7,4.09,0.0,2.13,32.69,4.0,26.8
62.14,2.3,5.18,20.22,1.0,41.89,1.768,4.33,5.9,0.0,4.64,38.52,2.0,59.5
53.2,0.0,9.07,15.28,0.0,3.02,1.054,9.32,2.99,1.0,6.69,72.25,8.0,27.7
23.82,0.0,4.89,9.52,0.0,3.14,0.344,2.57,4.17,0.0,5.47,53.53,2.0,24.8
27.37,0.0,6.26,9.28,0.0,15.35,1.194,10.02,8.84,1.0,8.66,45.27,4.0,26.7
42.8,0.0,7.1,12.5,1.0,2.56,2.184,5.62,3.48,1.0,8.88,83.9,2.0,47.3
34.62,0.0,7.7,12.68,0.0,15.93,2.882,6.83,4.91,0.0,6.36,88.37,8.0,26.8
36.57,13.18,5.77,20.95,0.0,4.42,0.485,3.29,7.99,0.0,3.95,50.14,8.0,23.1
12.97,0.0,8.41,11.9,0.0,9.65,0.129,8.14,3.11,0.0,5.17,96.09,4.0,8.8
19.78,0.0,7.03,11.36,1.0,3.78,1.783,6.79,6.87,1.0,6.95,58.8,2.0,40.1
24.65,1.1,10.7,19.18,0.0,5.1,1.772,5.81,4.31,0.0,8.11,72.63,4.0,28.5
6.08,5.95,6.1,6.62,0.0,11.57,0.705,16.04,1.48,0.0,3.06,36.96,2.0,21.2
28.66,0.0,9.63,18.28,0.0,17.05,1.729,3.4,7.01,0.0,3.98,82.81,2.0,17.4
22.42,0.0,9.68,20.64,0.0,11.83,1.54,17.51,10.0,1.0,10.0,39.4,2.0,27.8
49.15,0.0,5.63,12.93,1.0,78.17,1.011,6.38,7.7,0.0,7.75,30.56,2.0,58.0
62.38,0.0,6.39,24.16,0.0,11.07,0.962,3.15,5.74,0.0,5.09,71.43,8.0,39.0
15.44,2.17,8.27,16.31,0.0,94.8,0.794,7.63,3.75,0.0,4.64,26.9,4.0,37.8
35.88,0.0,11.27,20.71,1.0,10.32,0.532,10.07,5.6,0.0,6.86,65.46,2.0,35.5
12.63,2.88,7.54,12.16,0.0,4.43,0.598,5.81,6.88,1.0,9.15,44.44,2.0,18.6
21.7,0.0,15.6,10.8,0.0,83.04,0.74,16.66,2.27,1.0,7.0,74.73,8.0,39.5
24.87,0.0,9.79,13.39,0.0,17.06,1.5,11.86,0.0,0.0,8.9,81.92,2.0,38.8
17.11,0.0,9.17,28.1,1.0,12.49,0.39,5.21,1.49,1.0,6.73,52.77,2.0,38.8
23.51,0.0,10.06,6.82,1.0,7.89,0.635,6.13,3.35,0.0,5.38,80.82,2.0,35.3
15.37,0.0,5.1,8.09,0.0,16.76,1.163,4.98,4.19,0.0,8.02,53.49,2.0,30.0
16.72,3.4,10.43,12.81,1.0,46.63,0.687,5.33,3.94,0.0,4.73,77.39,2.0,36.3
60.79,2.05,4.28,17.05,0.0,7.04,0.71,0.33,4.82,0.0,8.63,71.02,2.0,21.3
27.67,10.83,8.61,13.65,0.0,2.5,1.027,18.36,2.77,1.0,8.57,92.13,2.0,24.1
36.83,20.86,4.21,24.9,0.0,17.37,1.097,5.92,5.36,1.0,5.8,55.54,2.0,39.9
10.73,0.0,7.08,16.38,0.0,2.77,2.278,3.11,4.19,1.0,9.98,67.66,2.0,27.6
26.01,0.0,11.76,14.99,0.0,18.95,0.322,8.96,3.72,1.0,6.03,74.45,4.0,23.3
10.23,0.0,8.49,12.52,0.0,14.64,1.729,14.24,4.94,0.0,2.72,95.57,2.0,20.1
51.84,0.0,4.38,13.17,0.0,16.82,0.735,4.23,3.61,0.0,5.06,68.67,8.0,21.2
43.71,1.56,9.45,13.57,0.0,74.45,2.489,1.92,8.11,0.0,3.8,40.99,4.0,39.6
11.12,1.24,6.08,7.52,1.0,5.03,1.291,3.99,3.88,0.0,4.5,37.66,2.0,36.7
23.0,0.0,11.03,11.99,1.0,9.81,3.044,4.61,4.71,1.0,6.1,63.12,2.0,40.5
25.21,0.0,8.21,22.57,0.0,16.04,0.908,14.47,8.38,1.0,5.29,67.1,8.0,24.7
11.34,0.0,6.11,35.35,1.0,9.42,0.138,4.03,3.41,1.0,3.73,30.22,2.0,38.3
25.04,0.0,9.89,13.32,0.0,57.76,1.286,2.87,7.09,1.0,8.63,61.63,4.0,26.0
52.13,0.0,8.48,19.83,0.0,11.19,0.861,11.11,3.88,1.0,8.24,82.32,8.0,34.3
26.09,0.0,3.97,14.94,1.0,76.65,1.231,8.91,9.63,1.0,8.22,33.25,2.0,50.5
41.18,0.0,7.64,14.19,0.0,14.84,0.669,5.92,3.92,1.0,7.55,55.43,2.0,21.5
31.56,0.0,8.65,34.03,1.0,13.29,1.007,8.33,2.45,1.0,5.27,26.58,2.0,48.3
28.43,0.0,8.63,10.51,0.0,4.49,1.104,5.09,7.46,0.0,5.83,59.7,8.0,23.1
7.45,0.0,8.41,5.44,0.0,4.35,1.23,0.94,9.91,0.0,3.8,57.06,2.0,12.7
12.66,0.0,10.11,8.18,1.0,15.48,0.857,14.02,6.24,0.0,3.55,82.72,2.0,30.8
22.7,9.08,8.37,34.73,1.0,5.89,0.386,13.44,4.29,1.0,3.1,66.19,2.0,36.1
19.5,0.0,8.48,17.22,0.0,11.3,1.857,7.88,1.97,0.0,6.99,76.69,4.0,22.3
59.75,1.44,6.56,23.27,0.0,66.64,0.673,10.38,5.6,0.0,3.48,74.39,2.0,34.5
36.26,0.0,8.21,15.48,0.0,12.14,0.433,1.73,8.82,1.0,8.23,100.0,2.0,21.7
13.76,0.0,7.38,11.27,0.0,0.76,0.63,9.49,6.51,0.0,2.33,72.09,8.0,21.5
50.13,1.98,5.21,15.24,0.0,55.32,0.694,6.52,4.29,1.0,5.54,44.01,2.0,38.2
39.81,11.03,4.23,10.47,0.0,15.46,1.395,7.16,4.08,0.0,7.31,50.72,4.0,47.1
6.7,5.26,7.97,19.19,0.0,14.99,0.747,1.84,5.68,1.0,8.75,74.33,8.0,28.5
26.05,0.0,6.5,8.63,0.0,8.65,1.773,7.15,2.82,0.0,7.52,78.21,8.0,23.8
55.82,0.0,7.01,39.25,1.0,2.28,1.589,22.06,5.62,0.0,4.09,74.62,2.0,47.0
10.7,0.0,11.34,15.36,0.0,10.64,1.238,14.25,7.39,0.0,2.9,55.66,2.0,13.9
23.83,0.0,7.87,13.02,0.0,56.7,0.612,5.72,6.04,0.0,5.9,87.16,2.0,28.2
55.86,0.0,7.6,25.73,1.0,16.36,0.813,3.89,5.33,0.0,1.86,65.96,2.0,33.9
36.49,11.97,6.01,18.48,0.0,61.66,0.343,4.84,2.64,1.0,5.79,44.36,2.0,37.4
19.6,2.44,10.73,12.86,0.0,7.43,1.485,7.42,6.01,1.0,5.49,92.66,4.0,20.6
16.5,1.44,11.65,12.71,1.0,12.5,1.739,2.91,2.96,0.0,8.03,100.0,2.0,34.1
58.97,0.0,6.29,32.45,0.0,10.53,1.572,13.1,6.73,0.0,3.7,97.51,4.0,24.9
6.29,0.0,10.27,13.6,0.0,4.4,0.189,1.81,6.74,1.0,7.34,46.27,2.0,9.0
45.43,10.45,10.57,18.82,0.0,36.58,0.909,9.63,1.93,1.0,4.39,97.17,8.0,30.5
24.85,0.0,5.93,21.54,1.0,14.21,0.463,3.3,3.08,0.0,7.12,58.58,2.0,33.4
37.81,0.0,9.83,37.1,1.0,14.47,1.137,2.03,4.61,1.0,8.44,55.33,2.0,45.1
33.02,0.0,4.53,15.6,1.0,14.36,0.409,9.21,3.61,1.0,6.17,73.75,2.0,44.9
24.04,0.0,8.34,10.28,0.0,6.76,1.298,14.33,3.78,0.0,7.02,63.3,4.0,22.0
23.16,0.0,8.03,22.03,0.0,10.18,1.732,2.11,6.69,0.0,7.83,57.58,4.0,21.8
48.68,0.0,4.13,19.61,0.0,3.94,0.594,7.05,6.47,1.0,6.12,61.12,4.0,28.4
51.39,0.0,9.64,33.23,0.0,92.77,0.814,8.62,6.58,0.0,7.25,58.34,4.0,32.5
8.17,0.0,9.05,4.73,0.0,7.13,0.097,4.64,6.49,0.0,4.98,61.28,8.0,11.2
46.5,0.0,5.75,17.12,0.0,6.49,1.029,10.13,8.92,0.0,2.3,82.4,8.0,27.7
28.71,5.81,8.1,41.61,0.0,6.96,1.125,31.33,4.49,0.0,5.75,65.72,2.0,24.1
33.94,0.0,9.79,13.75,1.0,55.89,1.549,9.7,6.49,1.0,5.96,46.05,2.0,45.3
30.57,0.0,4.55,28.55,0.0,8.82,0.727,11.05,0.0,1.0,4.43,46.69,2.0,39.9
22.55,2.6,1.71,9.74,0.0,10.63,1.052,4.95,1.96,1.0,7.45,75.93,4.0,38.1
23.56,0.0,8.21,21.17,1.0,1.4,0.618,9.73,6.45,1.0,7.79,71.84,2.0,32.1
4.86,0.0,7.32,4.53,0.0,7.43,0.945,2.61,5.1,0.0,8.97,76.33,4.0,14.9
47.89,0.0,10.24,28.55,0.0,19.73,0.683,10.88,4.97,0.0,4.73,68.4,2.0,23.8
16.08,6.45,7.0,10.6,1.0,9.18,0.895,30.9,4.66,1.0,4.53,76.4,2.0,44.8
38.42,0.0,8.47,15.05,0.0,8.01,1.219,6.03,0.39,0.0,4.1,56.08,8.0,25.6
20.13,18.87,5.76,11.76,0.0,11.73,1.115,3.11,2.87,0.0,7.11,64.77,4.0,28.6
6.6,0.0,5.71,10.33,1.0,7.31,0.555,12.55,4.91,0.0,8.81,98.07,2.0,30.1
45.39,0.0,7.7,21.49,0.0,2.43,2.065,2.7,7.88,0.0,6.77,74.47,4.0,27.1
37.51,0.0,5.22,11.75,0.0,38.15,0.6,3.57,5.5,0.0,5.87,83.83,2.0,32.9
18.4,0.0,5.7,15.73,0.0,15.93,0.398,5.4,4.63,1.0,6.15,43.86,2.0,17.1
29.22,0.0,5.93,9.04,0.0,14.61,0.712,11.42,4.82,0.0,3.99,58.54,8.0,26.5
61.52,0.0,4.78,33.94,0.0,5.45,0.969,3.3,3.4,1.0,8.02,54.88,2.0,31.3
9.51,0.0,8.29,14.2,1.0,11.28,0.24,4.92,8.26,0.0,5.44,46.54,2.0,29.1
36.09,0.0,7.13,20.82,0.0,9.4,0.774,2.46,4.43,0.0,1.89,67.55,2.0,14.9
11.24,10.58,7.96,19.23,0.0,13.59,2.066,8.1,8.62,0.0,2.51,59.4,2.0,27.8
3.8,0.0,5.74,13.11,1.0,61.28,0.092,0.99,4.3,1.0,6.52,57.17,2.0,40.8
15.29,0.0,8.04,32.4,1.0,7.88,0.178,9.35,4.82,1.0,7.12,70.24,2.0,36.6
13.49,5.67,6.95,6.74,0.0,15.54,0.808,11.26,4.75,0.0,3.76,60.33,8.0,23.4
47.95,0.0,7.96,14.24,0.0,12.48,0.647,5.55,5.59,0.0,5.7,76.19,4.0,18.7
18.59,2.95,8.59,33.96,0.0,14.75,0.905,2.92,1.9,0.0,5.53,84.26,4.0,22.1
20.74,2.98,8.33,17.39,0.0,14.23,1.487,11.57,5.05,1.0,7.79,34.79,2.0,28.3
24.54,4.4,5.76,19.48,0.0,15.45,1.594,6.94,3.62,0.0,6.76,59.4,4.0,31.5
33.73,4.45,7.5,11.47,1.0,11.4,1.251,3.66,4.84,0.0,2.81,82.97,2.0,41.4
43.63,15.88,4.76,23.67,0.0,12.29,0.911,5.73,4.16,1.0,7.25,55.52,2.0,33.1
9.0,0.0,11.36,10.08,0.0,75.15,0.639,5.19,1.25,0.0,5.42,86.76,2.0,25.5
40.32,8.36,7.01,25.17,0.0,10.61,0.486,2.76,4.17,1.0,8.4,97.37,4.0,29.9
40.89,0.0,7.93,19.32,0.0,18.15,0.913,2.13,6.99,0.0,4.98,49.01,2.0,20.4
43.29,0.0,5.14,18.62,0.0,75.88,1.068,10.59,4.61,1.0,5.31,51.09,4.0,52.9
38.64,0.0,6.66,18.85,1.0,7.97,0.335,10.5,3.78,1.0,6.88,75.31,2.0,31.2
7.04,0.0,9.31,6.54,0.0,11.94,0.443,5.35,0.36,0.0,4.95,96.76,2.0,10.3
32.85,5.87,7.15,14.11,1.0,5.95,1.562,10.45,4.09,0.0,5.14,77.57,2.0,37.6
39.5,3.07,7.27,31.56,0.0,4.21,0.674,4.16,5.68,0.0,7.89,74.67,2.0,12.9
32.41,0.0,4.52,21.12,1.0,18.11,0.485,6.75,7.75,0.0,3.85,71.59,2.0,41.7
5.16,0.0,7.22,8.65,0.0,1.26,2.694,10.81,0.0,0.0,5.52,78.11,2.0,30.5
13.17,8.87,6.99,16.23,0.0,4.86,1.285,2.5,7.85,1.0,3.3,69.81,8.0,24.0
17.52,0.0,10.88,15.74,0.0,12.68,0.623,6.66,6.32,1.0,5.33,68.54,4.0,20.5
60.3,7.83,2.47,21.13,0.0,16.81,0.908,5.65,4.66,1.0,5.97,64.29,2.0,42.5
44.59,7.24,4.71,15.93,1.0,2.68,2.225,8.08,3.31,1.0,6.29,68.8,2.0,47.3
39.86,6.42,3.24,15.84,0.0,6.23,2.411,2.15,7.01,0.0,7.06,65.34,4.0,36.2
26.26,0.0,8.86,25.77,0.0,16.3,1.298,5.46,5.29,1.0,9.03,92.84,2.0,21.9
44.49,3.28,9.64,18.44,0.0,3.31,1.194,15.01,1.68,0.0,1.05,82.23,4.0,23.6
41.33,0.0,8.48,31.59,1.0,1.23,0.595,16.25,6.91,0.0,4.56,70.02,2.0,38.7
35.07,1.16,8.96,14.16,0.0,0.83,0.497,9.23,5.77,0.0,7.0,100.0,2.0,4.4
57.88,3.91,4.73,18.7,0.0,17.94,1.737,18.02,8.13,0.0,5.5,34.31,2.0,56.9
45.71,4.34,7.85,19.12,0.0,16.35,0.93,7.02,5.86,0.0,4.73,61.02,4.0,22.8
47.52,0.0,6.03,22.63,0.0,9.35,1.726,2.37,8.75,0.0,4.07,69.35,4.0,32.6
26.04,0.0,8.34,15.72,1.0,18.14,1.054,8.97,8.35,0.0,0.0,65.99,2.0,31.4
65.95,0.0,8.03,28.42,0.0,1.89,1.576,1.2,4.07,1.0,7.03,79.99,2.0,24.4
71.02,14.2,4.58,29.99,0.0,0.75,1.434,1.8,8.11,0.0,1.57,81.3,4.0,34.4
17.71,5.3,9.47,18.99,0.0,9.78,1.557,20.97,3.0,1.0,6.56,74.98,2.0,28.6
4.65,0.0,8.53,4.3,0.0,15.5,0.947,6.85,1.52,1.0,9.55,47.56,4.0,31.1
49.93,0.0,8.05,17.44,0.0,1.46,0.542,7.62,3.99,0.0,6.22,87.06,4.0,16.7
36.14,0.0,11.7,18.73,0.0,6.96,1.474,6.86,8.33,1.0,5.18,58.98,8.0,26.3
11.7,0.0,9.64,9.01,0.0,83.48,0.512,2.02,5.91,1.0,7.23,57.4,8.0,26.4
9.25,0.0,7.22,10.08,1.0,14.37,1.879,3.33,5.42,1.0,9.6,75.88,2.0,39.8
27.21,0.0,7.22,15.45,1.0,5.34,1.035,9.34,6.96,0.0,4.46,27.49,2.0,33.9
17.38,0.0,10.22,11.33,1.0,10.91,1.978,2.41,2.79,1.0,7.87,63.41,2.0,41.4
27.57,0.0,10.26,12.88,0.0,0.15,1.854,2.23,4.21,0.0,5.83,33.23,2.0,20.7
44.31,0.0,7.6,14.96,0.0,8.57,1.492,12.12,5.46,0.0,5.28,65.62,4.0,28.0
5.34,0.0,5.79,8.54,0.0,75.29,1.025,3.48,5.51,1.0,6.31,22.45,8.0,34.3
3.15,0.0,7.01,6.52,0.0,18.02,0.445,1.12,5.02,0.0,9.51,87.89,8.0,15.8
23.5,0.0,8.66,21.64,0.0,86.97,1.592,1.78,1.33,0.0,8.09,46.99,4.0,35.1
19.77,0.0,9.57,18.31,1.0,11.03,0.582,1.39,3.36,0.0,5.24,55.65,2.0,39.8
38.38,0.0,9.86,12.67,1.0,6.59,1.034,4.76,4.44,0.0,4.37,100.0,2.0,31.7
10.36,0.0,4.62,28.6,0.0,0.52,0.832,4.11,2.44,0.0,5.95,66.04,8.0,18.4
34.5,0.0,9.71,14.55,0.0,7.71,1.037,2.73,2.5,1.0,10.0,83.44,4.0,30.1
33.71,0.0,10.84,10.61,0.0,4.09,0.554,1.91,5.87,1.0,7.69,48.42,4.0,17.2
46.12,4.61,2.28,16.8,0.0,9.99,0.691,28.14,1.53,0.0,7.16,49.47,2.0,51.8
47.41,0.0,7.57,13.66,0.0,2.08,0.502,2.1,2.04,1.0,5.37,66.55,4.0,20.2
16.73,0.0,10.01,6.3,1.0,11.15,1.364,8.41,3.5,1.0,8.02,56.06,2.0,32.7
30.28,0.0,5.27,56.39,0.0,16.53,0.555,11.68,8.28,0.0,8.18,56.03,4.0,27.5
15.79,5.95,6.81,19.16,0.0,46.95,0.505,3.53,7.65,0.0,7.09,59.43,4.0,24.9
24.78,0.0,9.38,8.97,0.0,1.0,0.746,4.38,1.27,1.0,9.66,55.42,2.0,15.5
18.36,0.0,7.4,5.91,0.0,45.66,0.421,12.33,3.92,0.0,4.65,33.43,4.0,26.9
38.94,0.0,7.1,17.46,0.0,18.71,1.807,2.81,6.9,0.0,4.04,73.46,8.0,28.3
74.83,9.94,6.0,19.78,1.0,18.8,3.339,3.24,8.38,1.0,9.1,64.73,2.0,56.8
5.68,0.0,6.49,8.84,0.0,7.59,0.096,5.78,3.07,1.0,5.64,57.81,4.0,11.9
43.8,0.0,5.55,22.36,0.0,8.6,1.368,8.0,5.85,0.0,8.04,98.3,2.0,26.9
30.25,0.0,9.03,19.68,0.0,85.11,0.42,10.99,3.02,0.0,7.07,69.1,2.0,36.9
37.37,0.0,9.78,12.09,1.0,18.16,1.159,7.94,7.14,1.0,10.0,58.22,2.0,39.3
13.72,0.0,9.39,13.55,0.0,4.2,1.329,5.76,4.08,1.0,6.09,63.56,8.0,24.4
5.01,0.0,11.57,19.9,0.0,68.8,0.12,12.73,4.55,1.0,5.13,17.44,8.0,30.4
16.75,0.0,9.34,10.31,0.0,9.81,1.313,1.73,1.81,0.0,6.42,50.36,4.0,22.7
15.41,5.46,11.58,6.46,1.0,1.75,2.299,4.38,6.84,1.0,7.57,74.04,2.0,42.3
52.39,3.22,7.17,18.94,0.0,10.06,2.076,5.01,5.86,0.0,3.14,94.83,4.0,28.6
35.14,0.0,8.45,11.91,0.0,11.28,0.404,6.17,5.54,0.0,6.64,54.43,4.0,21.4
24.77,0.0,9.06,65.34,0.0,5.51,2.666,24.39,4.01,0.0,8.55,61.77,4.0,30.9
26.52,3.96,6.47,22.91,0.0,3.48,2.876,7.25,3.87,1.0,10.0,68.85,4.0,32.9
57.86,4.8,5.14,28.14,0.0,8.93,1.014,15.3,6.23,1.0,6.87,72.01,2.0,28.5
28.73,0.0,6.34,8.52,0.0,94.93,0.363,6.68,3.64,0.0,2.52,34.76,2.0,36.9
40.64,0.0,6.67,16.64,0.0,19.15,1.54,3.21,6.83,1.0,5.76,44.0,8.0,29.7
58.84,0.0,11.38,20.25,0.0,7.8,1.434,12.74,7.65,1.0,5.16,100.0,8.0,31.8
42.02,0.0,11.38,15.01,1.0,82.62,1.976,10.31,4.05,1.0,5.48,28.27,2.0,55.9
26.41,10.41,6.3,27.15,0.0,51.09,0.657,7.88,5.05,0.0,5.49,85.33,4.0,27.8
6.29,8.25,6.98,42.83,1.0,54.72,0.937,10.69,0.91,0.0,3.37,68.39,2.0,48.8
12.87,9.88,3.13,7.73,0.0,13.2,1.089,4.44,4.54,0.0,1.67,66.02,4.0,28.6
11.6,0.0,6.66,3.53,1.0,5.91,0.816,11.62,4.62,1.0,5.11,73.43,2.0,31.9
36.09,0.0,6.3,13.76,1.0,19.67,0.772,3.07,5.66,1.0,9.97,97.53,2.0,38.9
50.37,12.28,5.14,32.39,0.0,62.71,1.838,5.68,6.56,0.0,6.49,61.76,8.0,52.9
22.6,0.0,7.18,21.93,0.0,2.67,0.37,1.3,5.77,0.0,2.92,78.39,4.0,8.7
12.07,0.0,9.07,11.6,0.0,9.62,0.788,9.92,7.42,1.0,8.08,98.54,8.0,13.6
31.78,0.0,9.6,21.51,1.0,19.24,0.757,10.51,5.06,0.0,5.03,84.43,2.0,37.5
31.74,6.71,5.79,13.98,1.0,12.92,2.027,12.38,2.74,0.0,4.47,37.16,2.0,47.3
18.07,0.0,11.33,8.84,0.0,92.54,0.58,2.87,7.64,0.0,4.41,25.52,8.0,36.4
55.64,0.0,8.02,17.4,0.0,90.44,0.662,8.7,2.47,0.0,7.72,60.32,2.0,39.4
54.55,9.95,7.95,21.83,1.0,14.66,2.111,21.0,3.01,0.0,3.23,52.97,2.0,55.1
24.12,21.39,4.83,10.9,0.0,3.61,1.144,13.91,4.8,1.0,7.4,72.48,4.0,38.3
30.38,3.38,8.78,10.44,1.0,1.93,2.072,7.53,2.47,0.0,4.08,75.73,2.0,40.2
21.99,0.0,9.25,15.12,1.0,17.47,1.551,1.01,4.29,1.0,4.5,98.53,2.0,28.0
24.39,0.0,11.2,11.56,0.0,10.37,0.735,15.59,1.55,0.0,7.07,61.89,8.0,24.8
27.15,0.0,9.49,27.14,0.0,42.7,0.882,8.34,3.78,1.0,9.56,59.84,2.0,30.5
11.13,0.0,10.37,14.05,1.0,0.71,3.504,12.53,1.73,0.0,5.19,49.01,2.0,49.9
24.92,0.0,7.19,38.82,0.0,14.08,0.956,4.07,6.15,0.0,6.81,65.77,8.0,19.7
41.45,0.0,10.15,22.66,0.0,2.53,3.718,2.96,5.33,0.0,4.02,48.98,4.0,31.5
9.97,0.0,6.15,10.09,1.0,2.97,1.03,18.06,2.43,1.0,8.51,78.42,2.0,34.4
7.64,0.0,7.62,19.77,0.0,4.16,0.426,10.11,2.1,0.0,4.95,61.56,2.0,15.1
34.5,0.0,8.53,38.36,0.0,0.8,0.843,5.92,3.76,0.0,3.55,63.78,8.0,22.1
5.4,0.0,6.53,2.39,1.0,19.76,0.37,7.28,4.29,0.0,4.76,80.81,2.0,26.0
35.51,0.0,6.09,26.9,1.0,47.98,1.347,12.43,6.66,1.0,7.0,62.24,2.0,51.7
25.25,0.0,6.4,14.48,0.0,18.08,1.158,1.17,1.87,1.0,7.97,81.46,4.0,18.3
26.14,0.0,8.97,19.01,0.0,2.91,0.796,7.06,7.09,0.0,0.24,56.98,2.0,12.9
26.65,0.0,7.88,38.24,0.0,15.91,0.588,8.09,3.94,0.0,4.18,81.23,8.0,24.8
2.2,0.0,10.86,9.35,0.0,1.84,0.688,3.29,3.86,0.0,7.44,49.8,8.0,18.0
26.15,0.0,11.98,9.17,0.0,2.71,3.326,2.73,2.2,1.0,6.79,84.91,2.0,35.4
12.02,0.0,9.18,4.6,1.0,17.49,0.212,2.01,4.24,0.0,2.45,54.69,2.0,30.1
32.88,0.0,6.99,19.42,0.0,3.56,2.153,16.51,2.23,0.0,7.03,48.77,4.0,35.9
28.23,4.19,8.39,15.88,0.0,16.09,2.034,6.73,5.09,0.0,6.18,70.14,4.0,22.2
20.73,0.0,6.59,33.35,0.0,18.25,0.748,1.45,7.38,1.0,5.44,96.09,4.0,16.7
19.51,13.17,6.71,8.93,0.0,0.76,0.592,6.4,9.65,0.0,2.32,69.85,4.0,14.3
37.34,12.08,11.36,13.41,1.0,69.38,1.121,8.32,4.82,0.0,6.43,59.9,2.0,56.8
59.82,17.74,4.67,50.53,1.0,11.0,0.877,2.17,5.5,1.0,6.27,43.65,2.0,62.8
40.33,6.42,7.63,13.5,0.0,12.31,0.776,17.6,5.49,1.0,1.14,100.0,4.0,18.5
34.91,2.48,7.33,10.82,1.0,16.77,0.994,1.71,8.84,1.0,4.58,45.05,2.0,47.8
6.18,0.0,8.0,36.69,0.0,34.04,0.675,2.1,5.02,0.0,4.25,69.64,2.0,16.2
23.52,0.0,9.26,23.33,0.0,19.28,1.445,4.42,3.06,0.0,8.6,72.35,2.0,21.6
40.79,0.0,5.23,18.35,1.0,18.37,0.759,19.52,4.53,0.0,6.44,64.49,2.0,44.1
12.17,0.0,8.3,51.66,0.0,5.02,0.132,11.27,2.19,0.0,1.88,78.79,2.0,9.2
19.13,0.0,5.71,10.04,1.0,14.8,1.553,2.24,8.72,1.0,5.56,82.02,2.0,33.4
51.46,0.0,10.55,27.42,0.0,7.72,1.516,4.87,6.01,1.0,9.88,34.83,4.0,42.4
23.67,0.0,10.26,19.08,0.0,2.33,0.599,12.72,7.21,1.0,4.69,99.5,2.0,17.4
58.79,0.0,5.7,43.4,0.0,80.83,2.634,10.55,3.4,1.0,8.44,43.54,2.0,59.8
68.65,0.0,3.23,21.13,0.0,1.01,2.467,5.34,6.06,1.0,5.28,61.86,4.0,52.0
45.97,0.0,8.6,46.64,0.0,10.49,0.607,10.0,4.72,1.0,6.23,53.97,4.0,26.7
9.89,0.0,8.62,47.29,0.0,0.07,1.926,1.32,0.96,0.0,1.39,49.24,4.0,25.4
56.37,0.0,11.8,38.92,0.0,81.3,0.651,5.73,2.37,1.0,6.43,80.52,4.0,42.9
8.08,18.54,9.34,6.53,0.0,19.92,1.122,17.69,5.68,0.0,4.4,61.35,4.0,31.0
31.58,0.0,9.32,18.73,1.0,18.81,1.503,5.27,10.0,0.0,4.23,82.37,2.0,36.5
22.72,0.0,7.26,18.79,0.0,12.04,0.506,6.09,6.98,1.0,10.0,84.14,8.0,15.2
24.78,0.0,7.73,18.91,0.0,19.68,1.793,13.55,6.42,1.0,8.67,93.92,2.0,31.0
37.44,2.37,8.2,10.86,0.0,9.27,1.959,5.37,8.32,1.0,5.28,45.3,4.0,27.0
11.19,0.0,9.37,18.99,0.0,9.67,0.176,3.07,3.67,0.0,3.05,57.81,8.0,12.7
47.07,0.0,6.17,23.37,0.0,8.87,0.985,0.92,6.28,1.0,8.65,76.77,4.0,14.5
15.75,0.0,5.8,11.71,1.0,0.72,0.335,30.45,2.46,0.0,2.79,88.04,2.0,29.3
29.06,0.0,11.98,15.73,0.0,6.84,1.102,18.99,5.0,0.0,4.09,51.76,2.0,24.8
6.26,0.0,8.88,51.53,0.0,10.52,1.269,16.19,3.49,0.0,7.06,48.46,4.0,23.9
16.87,0.0,9.34,29.33,0.0,10.27,1.93,4.13,6.96,0.0,4.14,80.1,4.0,16.0
11.84,0.0,6.93,4.17,0.0,10.16,2.407,21.13,0.51,0.0,3.61,69.37,2.0,30.8
16.96,0.0,11.22,12.09,0.0,7.12,1.597,17.52,2.82,1.0,5.6,56.19,2.0,26.0
20.05,0.0,10.48,26.64,0.0,14.32,0.833,2.46,8.24,0.0,3.24,41.51,4.0,16.3
16.68,0.0,8.62,29.76,0.0,19.01,1.254,17.65,7.15,1.0,9.11,48.31,8.0,22.3
26.69,9.26,7.51,19.09,0.0,16.01,2.077,1.05,5.2,0.0,5.36,78.14,2.0,24.1
3.78,0.0,9.46,3.79,0.0,6.45,0.686,3.78,6.14,1.0,6.43,88.75,2.0,5.3
30.94,5.34,7.63,10.25,0.0,5.72,1.272,26.64,5.68,0.0,4.66,87.84,4.0,26.9
14.63,0.0,9.68,19.58,0.0,17.69,0.462,4.82,10.0,0.0,6.41,49.81,2.0,11.1
43.42,0.0,8.45,17.19,1.0,4.34,2.002,12.02,5.56,0.0,3.98,89.08,2.0,35.7
19.37,0.0,8.07,8.3,0.0,2.35,0.991,3.15,5.98,0.0,4.98,92.68,8.0,22.0
32.67,0.0,5.68,8.43,0.0,5.32,0.361,4.97,3.89,0.0,3.12,75.93,8.0,18.2
11.51,0.0,8.6,4.63,0.0,10.76,0.247,2.65,5.18,1.0,10.0,70.71,4.0,15.8
38.6,0.0,9.34,20.97,0.0,0.15,0.755,11.77,1.94,0.0,5.83,80.77,2.0,12.4
16.42,0.0,9.85,11.39,0.0,3.92,0.574,8.36,5.53,0.0,2.4,41.3,4.0,16.3
25.56,0.0,10.86,34.07,0.0,5.12,0.295,4.14,6.03,1.0,5.83,37.19,4.0,22.2
33.14,0.0,10.84,10.51,0.0,11.16,0.87,10.81,5.63,0.0,3.7,66.8,4.0,16.5
53.87,0.0,8.79,17.98,1.0,14.58,2.151,3.63,7.76,1.0,6.59,65.23,2.0,44.7
18.08,0.0,8.83,9.96,1.0,19.65,0.363,6.95,8.03,1.0,10.0,13.76,2.0,36.5
12.48,0.0,9.31,13.48,1.0,3.99,0.841,4.2,8.21,0.0,4.06,73.13,2.0,26.8
26.78,0.0,7.05,12.17,0.0,13.94,1.147,7.79,2.5,1.0,6.6,85.23,4.0,27.5
15.95,0.0,10.12,7.93,0.0,4.57,1.63,4.75,6.9,0.0,3.51,93.51,4.0,15.8
47.01,0.0,10.24,24.43,0.0,11.96,0.894,5.65,6.3,0.0,5.25,74.05,8.0,25.1
7.26,0.0,10.87,11.69,1.0,47.04,0.631,1.74,7.1,0.0,3.59,53.44,2.0,29.1
31.4,0.0,9.17,25.78,0.0,9.28,1.818,6.49,4.59,0.0,3.46,90.28,2.0,15.7
26.49,0.0,7.72,13.75,0.0,54.17,0.973,6.79,5.22,1.0,5.98,83.21,8.0,37.4
32.94,4.17,6.8,31.88,0.0,19.14,0.406,21.29,3.4,1.0,7.13,70.38,8.0,34.7
22.96,0.0,7.99,9.25,0.0,5.18,0.841,3.01,8.0,1.0,6.6,81.87,8.0,12.1
13.55,3.79,6.68,19.24,1.0,16.5,1.323,9.29,5.2,0.0,4.85,80.56,2.0,42.9
16.62,3.74,8.6,23.52,0.0,52.1,0.365,19.21,8.75,1.0,8.64,100.0,8.0,20.4
8.13,0.0,3.16,18.19,0.0,10.94,0.184,2.71,2.51,0.0,2.45,8.69,2.0,26.3
25.61,0.0,7.15,14.51,0.0,40.06,0.576,27.61,5.39,0.0,5.28,79.32,2.0,25.2
19.52,0.0,8.55,15.43,0.0,7.15,1.003,2.69,5.2,0.0,7.29,65.41,4.0,20.5
26.72,0.0,13.2,33.88,0.0,12.59,1.589,4.86,1.28,1.0,9.17,69.21,8.0,30.9
18.29,0.0,8.46,13.43,0.0,31.77,0.65,6.1,6.6,0.0,5.28,79.55,8.0,17.6
21.93,0.0,8.42,8.73,1.0,15.78,1.742,7.08,7.5,1.0,8.25,67.89,2.0,41.2
40.68,0.0,6.11,25.3,0.0,6.71,1.036,4.84,3.39,1.0,9.42,73.74,4.0,25.3
10.14,0.0,12.13,10.08,0.0,19.71,1.204,7.76,5.07,0.0,3.42,63.53,4.0,15.9
31.99,0.0,6.41,17.03,1.0,8.69,1.735,4.96,3.25,1.0,6.21,78.25,2.0,41.2
43.64,11.42,10.39,19.14,0.0,18.61,0.76,3.0,7.92,0.0,3.79,74.64,2.0,20.8
10.15,0.0,7.22,19.9,1.0,5.2,0.643,21.6,1.25,1.0,6.51,52.1,2.0,32.2
19.49,0.0,10.3,17.46,0.0,5.84,1.2,7.32,0.6,0.0,3.28,77.8,4.0,21.1
27.96,1.79,7.83,16.13,0.0,16.05,0.746,2.42,6.72,0.0,4.08,81.05,4.0,14.5
73.24,18.05,3.51,30.17,1.0,17.63,1.302,1.6,6.11,1.0,8.02,72.15,2.0,74.2
4.54,0.0,10.88,4.55,0.0,9.77,0.278,4.43,6.38,1.0,6.18,90.22,4.0,3.3
4.8,0.0,11.51,17.43,0.0,1.28,1.167,7.01,5.61,0.0,5.26,67.85,2.0,11.3
55.4,0.0,6.97,26.72,1.0,36.81,1.32,14.07,7.18,0.0,3.45,46.94,2.0,41.4
29.46,3.39,7.66,37.35,1.0,61.38,0.914,2.74,5.11,0.0,6.56,63.14,2.0,46.3
9.48,0.0,7.89,7.44,1.0,65.21,0.376,7.55,4.21,1.0,3.89,59.5,2.0,41.1
17.34,0.0,8.93,9.55,0.0,14.37,1.585,7.52,9.3,0.0,4.51,42.08,8.0,27.3
43.09,0.0,5.52,21.82,1.0,44.94,0.636,3.25,5.92,1.0,8.88,75.89,2.0,51.8
8.9,0.0,3.35,11.03,0.0,0.66,1.915,0.98,4.19,0.0,4.32,100.0,4.0,21.7
24.68,11.43,3.15,9.43,0.0,13.53,0.361,8.16,4.74,0.0,3.28,67.12,8.0,31.5
15.21,0.0,8.1,6.36,0.0,5.95,0.238,5.25,2.62,1.0,9.21,57.95,2.0,13.1
11.84,0.0,6.51,25.69,0.0,9.75,1.023,9.38,8.17,0.0,3.51,30.76,2.0,25.7
15.31,4.5,7.77,8.35,0.0,18.24,0.336,3.95,2.77,0.0,4.4,74.27,2.0,14.9
32.26,0.0,7.01,15.22,0.0,4.44,0.83,1.46,5.03,1.0,6.3,86.43,8.0,27.9
20.89,0.0,6.96,7.55,1.0,7.0,1.445,16.03,5.88,0.0,4.02,62.97,2.0,37.0
41.72,1.02,6.33,55.52,0.0,3.13,0.531,14.72,0.92,1.0,9.23,67.03,4.0,36.2
45.07,0.0,9.58,16.11,1.0,0.73,1.349,10.97,4.32,1.0,3.98,38.64,2.0,40.3
38.26,0.0,8.32,17.57,0.0,8.25,1.364,3.33,5.1,1.0,5.63,73.51,8.0,26.9
28.41,0.0,11.28,8.57,0.0,53.44,1.177,7.19,3.45,0.0,4.75,41.33,8.0,36.2
31.28,0.0,8.27,18.34,1.0,5.99,0.584,3.18,4.14,0.0,6.02,79.39,2.0,29.7
15.04,7.25,3.86,40.19,1.0,16.98,0.326,15.01,6.36,0.0,2.7,69.82,2.0,39.2
59.87,0.0,5.12,17.63,0.0,68.63,0.567,41.36,7.59,0.0,6.24,55.9,4.0,46.6
33.91,6.72,7.41,19.42,1.0,12.66,1.37,11.57,5.67,1.0,7.82,89.1,2.0,39.9
30.48,0.0,8.57,13.62,1.0,7.77,0.891,9.55,1.46,0.0,2.3,48.42,2.0,39.1
18.93,4.41,6.73,13.97,0.0,89.13,1.678,16.06,3.73,0.0,3.8,89.21,2.0,44.5
56.97,0.0,5.7,20.75,0.0,10.02,0.717,4.15,3.56,1.0,6.48,76.9,4.0,20.9
19.8,0.0,7.19,7.09,0.0,6.9,0.475,19.09,2.29,1.0,9.24,68.63,4.0,19.0
